sample_id	y_true	target	modality	rank	feature	attribution	input_value	target_score
TCGA-A2-A0YG-01	1	final_logit	rna	1	BCL2	0.3364940881729126	-2.111827850341797	1.6215713024139404
TCGA-A2-A0YG-01	1	final_logit	rna	2	BCAS3	-0.21455979347229004	2.7067480087280273	1.6215713024139404
TCGA-A2-A0YG-01	1	final_logit	rna	3	CD44	0.20127251744270325	-2.3211617469787598	1.6215713024139404
TCGA-A2-A0YG-01	1	final_logit	rna	4	FHL2	0.16562210023403168	-1.6730561256408691	1.6215713024139404
TCGA-A2-A0YG-01	1	final_logit	rna	5	KRT15	-0.16510716080665588	1.0874046087265015	1.6215713024139404
TCGA-A2-A0YG-01	1	final_logit	rna	6	S100A1	0.1609577238559723	-1.6742868423461914	1.6215713024139404
TCGA-A2-A0YG-01	1	final_logit	rna	7	DLC1	0.15017253160476685	-1.4064538478851318	1.6215713024139404
TCGA-A2-A0YG-01	1	final_logit	rna	8	BAG1	0.149513378739357	-1.8744211196899414	1.6215713024139404
TCGA-A2-A0YG-01	1	final_logit	rna	9	SLC7A5	0.14786237478256226	1.7199758291244507	1.6215713024139404
TCGA-A2-A0YG-01	1	final_logit	rna	10	FOS	0.1409510374069214	-1.5615957975387573	1.6215713024139404
TCGA-A2-A0YG-01	1	final_logit	meth	1	cg14042099	0.10462772846221924	1.2505208253860474	1.6215713024139404
TCGA-A2-A0YG-01	1	final_logit	meth	2	cg00517532	0.0915684700012207	2.3793938159942627	1.6215713024139404
TCGA-A2-A0YG-01	1	final_logit	meth	3	cg10566121	0.07743233442306519	2.0124332904815674	1.6215713024139404
TCGA-A2-A0YG-01	1	final_logit	meth	4	cg00803088	0.07273779809474945	1.641043782234192	1.6215713024139404
TCGA-A2-A0YG-01	1	final_logit	meth	5	cg03345116	-0.07136140018701553	1.0910775661468506	1.6215713024139404
TCGA-A2-A0YG-01	1	final_logit	meth	6	cg15732851	-0.06875063478946686	1.4082764387130737	1.6215713024139404
TCGA-A2-A0YG-01	1	final_logit	meth	7	cg00773370	-0.06843538582324982	1.6028470993041992	1.6215713024139404
TCGA-A2-A0YG-01	1	final_logit	meth	8	cg06665913	0.06791709363460541	-1.8545151948928833	1.6215713024139404
TCGA-A2-A0YG-01	1	final_logit	meth	9	cg03048314	0.06593044847249985	1.8317309617996216	1.6215713024139404
TCGA-A2-A0YG-01	1	final_logit	meth	10	cg03672342	-0.06191809102892876	2.3851101398468018	1.6215713024139404
TCGA-A2-A0YI-01	0	final_logit	rna	1	RASGRP1	-0.005142282694578171	2.5960190296173096	-1.9929379224777222
TCGA-A2-A0YI-01	0	final_logit	rna	2	SLC7A5	0.0040100025944411755	0.8585920333862305	-1.9929379224777222
TCGA-A2-A0YI-01	0	final_logit	rna	3	CALCR	-0.0038242037408053875	1.6902728080749512	-1.9929379224777222
TCGA-A2-A0YI-01	0	final_logit	rna	4	ESR1	0.0030573944095522165	0.7980157732963562	-1.9929379224777222
TCGA-A2-A0YI-01	0	final_logit	rna	5	ASCL1	0.0028393822722136974	-0.718546450138092	-1.9929379224777222
TCGA-A2-A0YI-01	0	final_logit	rna	6	TTK	0.0023549336474388838	-1.461053490638733	-1.9929379224777222
TCGA-A2-A0YI-01	0	final_logit	rna	7	IL17RB	0.0022950449492782354	1.455560326576233	-1.9929379224777222
TCGA-A2-A0YI-01	0	final_logit	rna	8	GFRA1	0.0022750969510525465	0.9570208787918091	-1.9929379224777222
TCGA-A2-A0YI-01	0	final_logit	rna	9	PSMB2	-0.0022175610065460205	-1.7884865999221802	-1.9929379224777222
TCGA-A2-A0YI-01	0	final_logit	rna	10	AHNAK	-0.0021197861060500145	0.7910311818122864	-1.9929379224777222
TCGA-A2-A0YI-01	0	final_logit	meth	1	cg01252526	-0.010727198794484138	-0.8704964518547058	-1.9929379224777222
TCGA-A2-A0YI-01	0	final_logit	meth	2	cg10716835	0.0072159538976848125	-1.3880659341812134	-1.9929379224777222
TCGA-A2-A0YI-01	0	final_logit	meth	3	cg16236270	-0.006926367525011301	0.9808787107467651	-1.9929379224777222
TCGA-A2-A0YI-01	0	final_logit	meth	4	cg12961607	0.0068177105858922005	0.9418737888336182	-1.9929379224777222
TCGA-A2-A0YI-01	0	final_logit	meth	5	cg03287339	-0.006698239594697952	-0.9730945229530334	-1.9929379224777222
TCGA-A2-A0YI-01	0	final_logit	meth	6	cg15318546	0.006615479942411184	1.3194224834442139	-1.9929379224777222
TCGA-A2-A0YI-01	0	final_logit	meth	7	cg16898193	0.006033679936081171	1.1876887083053589	-1.9929379224777222
TCGA-A2-A0YI-01	0	final_logit	meth	8	cg24724428	0.005952213425189257	1.3260560035705566	-1.9929379224777222
TCGA-A2-A0YI-01	0	final_logit	meth	9	cg23057597	-0.005613158922642469	-0.6419735550880432	-1.9929379224777222
TCGA-A2-A0YI-01	0	final_logit	meth	10	cg03345116	-0.005462967325001955	1.0994681119918823	-1.9929379224777222
TCGA-A7-A0D9-01	0	final_logit	rna	1	PSMA4	-0.013733950443565845	5.591491222381592	-2.003493070602417
TCGA-A7-A0D9-01	0	final_logit	rna	2	PRSS23	-0.011948137544095516	2.043544292449951	-2.003493070602417
TCGA-A7-A0D9-01	0	final_logit	rna	3	DUT	-0.008367744274437428	-2.5401010513305664	-2.003493070602417
TCGA-A7-A0D9-01	0	final_logit	rna	4	SMAD3	0.007633436471223831	3.7086353302001953	-2.003493070602417
TCGA-A7-A0D9-01	0	final_logit	rna	5	CELSR1	0.006957399658858776	1.5606236457824707	-2.003493070602417
TCGA-A7-A0D9-01	0	final_logit	rna	6	CDC25B	0.00639656838029623	1.775884985923767	-2.003493070602417
TCGA-A7-A0D9-01	0	final_logit	rna	7	KRT8	0.006368539296090603	1.6084903478622437	-2.003493070602417
TCGA-A7-A0D9-01	0	final_logit	rna	8	AP3S1	0.006217759568244219	-1.9464954137802124	-2.003493070602417
TCGA-A7-A0D9-01	0	final_logit	rna	9	GINS4	-0.0051571521908044815	2.6568593978881836	-2.003493070602417
TCGA-A7-A0D9-01	0	final_logit	rna	10	EGR3	-0.004787032958120108	-0.9098743200302124	-2.003493070602417
TCGA-A7-A0D9-01	0	final_logit	meth	1	cg09662034	0.020246107131242752	2.0065245628356934	-2.003493070602417
TCGA-A7-A0D9-01	0	final_logit	meth	2	cg26708220	-0.01371326670050621	-2.0377566814422607	-2.003493070602417
TCGA-A7-A0D9-01	0	final_logit	meth	3	cg00773370	0.013615314848721027	1.6459287405014038	-2.003493070602417
TCGA-A7-A0D9-01	0	final_logit	meth	4	cg24039697	0.01173469703644514	2.667996406555176	-2.003493070602417
TCGA-A7-A0D9-01	0	final_logit	meth	5	cg20087413	-0.011555934324860573	-1.636797308921814	-2.003493070602417
TCGA-A7-A0D9-01	0	final_logit	meth	6	cg13456086	-0.011512127704918385	-1.799067735671997	-2.003493070602417
TCGA-A7-A0D9-01	0	final_logit	meth	7	cg13181164	-0.011439966969192028	-1.4163084030151367	-2.003493070602417
TCGA-A7-A0D9-01	0	final_logit	meth	8	cg08907436	-0.010271886363625526	1.1755973100662231	-2.003493070602417
TCGA-A7-A0D9-01	0	final_logit	meth	9	cg22109530	0.01000391598790884	1.559998631477356	-2.003493070602417
TCGA-A7-A0D9-01	0	final_logit	meth	10	cg00031973	0.009423919022083282	-1.218680500984192	-2.003493070602417
TCGA-A7-A2KD-01	1	final_logit	rna	1	BCL2	-0.5297791361808777	1.083118200302124	0.34164559841156006
TCGA-A7-A2KD-01	1	final_logit	rna	2	EGR3	-0.5272449851036072	1.2518340349197388	0.34164559841156006
TCGA-A7-A2KD-01	1	final_logit	rna	3	SLC7A5	0.45661693811416626	1.4830834865570068	0.34164559841156006
TCGA-A7-A2KD-01	1	final_logit	rna	4	ZBTB16	0.412045419216156	-1.0614510774612427	0.34164559841156006
TCGA-A7-A2KD-01	1	final_logit	rna	5	TUBB2B	0.3736170828342438	-0.8652041554450989	0.34164559841156006
TCGA-A7-A2KD-01	1	final_logit	rna	6	STC2	0.36710599064826965	-1.6229276657104492	0.34164559841156006
TCGA-A7-A2KD-01	1	final_logit	rna	7	CLU	0.3439078629016876	-1.4666836261749268	0.34164559841156006
TCGA-A7-A2KD-01	1	final_logit	rna	8	FHL2	0.3430708944797516	-1.3701517581939697	0.34164559841156006
TCGA-A7-A2KD-01	1	final_logit	rna	9	AREG	-0.34219303727149963	1.2132892608642578	0.34164559841156006
TCGA-A7-A2KD-01	1	final_logit	rna	10	FKBP4	-0.307052880525589	-2.3374359607696533	0.34164559841156006
TCGA-A7-A2KD-01	1	final_logit	meth	1	cg25744613	-0.5156904458999634	-1.549104928970337	0.34164559841156006
TCGA-A7-A2KD-01	1	final_logit	meth	2	cg00651400	0.37509429454803467	-1.3448007106781006	0.34164559841156006
TCGA-A7-A2KD-01	1	final_logit	meth	3	cg13570656	-0.3177860677242279	-1.7704460620880127	0.34164559841156006
TCGA-A7-A2KD-01	1	final_logit	meth	4	cg03345116	0.30505871772766113	-1.2037649154663086	0.34164559841156006
TCGA-A7-A2KD-01	1	final_logit	meth	5	cg26605683	0.28348833322525024	1.3453435897827148	0.34164559841156006
TCGA-A7-A2KD-01	1	final_logit	meth	6	cg26089753	0.2626909017562866	-0.7663341760635376	0.34164559841156006
TCGA-A7-A2KD-01	1	final_logit	meth	7	cg22732636	-0.2588966190814972	-1.1611437797546387	0.34164559841156006
TCGA-A7-A2KD-01	1	final_logit	meth	8	cg10342963	-0.24646738171577454	-0.7885287404060364	0.34164559841156006
TCGA-A7-A2KD-01	1	final_logit	meth	9	cg05226008	0.22922924160957336	-1.194901704788208	0.34164559841156006
TCGA-A7-A2KD-01	1	final_logit	meth	10	cg01984743	0.1979159563779831	1.1515449285507202	0.34164559841156006
TCGA-A7-A3J1-01	0	final_logit	rna	1	SGK3	-0.014496495015919209	2.5750815868377686	-1.9772177934646606
TCGA-A7-A3J1-01	0	final_logit	rna	2	EGR3	0.01078891847282648	1.7958722114562988	-1.9772177934646606
TCGA-A7-A3J1-01	0	final_logit	rna	3	MYBBP1A	0.01008620485663414	1.4239012002944946	-1.9772177934646606
TCGA-A7-A3J1-01	0	final_logit	rna	4	ZBTB16	0.007842167280614376	1.7933943271636963	-1.9772177934646606
TCGA-A7-A3J1-01	0	final_logit	rna	5	CALCR	-0.0077546341344714165	1.6378201246261597	-1.9772177934646606
TCGA-A7-A3J1-01	0	final_logit	rna	6	TSPAN1	-0.007624857593327761	-1.0353751182556152	-1.9772177934646606
TCGA-A7-A3J1-01	0	final_logit	rna	7	HR	-0.007097003515809774	1.50031316280365	-1.9772177934646606
TCGA-A7-A3J1-01	0	final_logit	rna	8	FOS	0.006278614047914743	0.9076814651489258	-1.9772177934646606
TCGA-A7-A3J1-01	0	final_logit	rna	9	MLPH	0.005819367710500956	1.1411893367767334	-1.9772177934646606
TCGA-A7-A3J1-01	0	final_logit	rna	10	TUBB	0.005803945008665323	-2.9786300659179688	-1.9772177934646606
TCGA-A7-A3J1-01	0	final_logit	meth	1	cg23057597	0.019506797194480896	1.4947700500488281	-1.9772177934646606
TCGA-A7-A3J1-01	0	final_logit	meth	2	cg10342963	-0.012221411801874638	1.3448201417922974	-1.9772177934646606
TCGA-A7-A3J1-01	0	final_logit	meth	3	cg22932313	0.01126483827829361	-1.1396435499191284	-1.9772177934646606
TCGA-A7-A3J1-01	0	final_logit	meth	4	cg10304922	-0.011179843917489052	-1.064116358757019	-1.9772177934646606
TCGA-A7-A3J1-01	0	final_logit	meth	5	cg00773370	0.009221134707331657	0.6713115572929382	-1.9772177934646606
TCGA-A7-A3J1-01	0	final_logit	meth	6	cg26089753	0.007971232756972313	0.7600933909416199	-1.9772177934646606
TCGA-A7-A3J1-01	0	final_logit	meth	7	cg16236270	-0.007882916368544102	0.9823250770568848	-1.9772177934646606
TCGA-A7-A3J1-01	0	final_logit	meth	8	cg01473816	0.007836497388780117	-0.9340744018554688	-1.9772177934646606
TCGA-A7-A3J1-01	0	final_logit	meth	9	cg09662034	-0.007822081446647644	-0.6134481430053711	-1.9772177934646606
TCGA-A7-A3J1-01	0	final_logit	meth	10	cg06741896	0.007457465399056673	1.7831244468688965	-1.9772177934646606
TCGA-AC-A23E-01	0	final_logit	rna	1	TOB1	-0.007411266211420298	-1.7176374197006226	-1.987754225730896
TCGA-AC-A23E-01	0	final_logit	rna	2	TFF1	-0.0067524113692343235	0.9747926592826843	-1.987754225730896
TCGA-AC-A23E-01	0	final_logit	rna	3	DHRS2	-0.005329216364771128	-1.2133285999298096	-1.987754225730896
TCGA-AC-A23E-01	0	final_logit	rna	4	FBRSL1	-0.0051208436489105225	-2.574904441833496	-1.987754225730896
TCGA-AC-A23E-01	0	final_logit	rna	5	AP3S1	-0.005044898949563503	1.9604750871658325	-1.987754225730896
TCGA-AC-A23E-01	0	final_logit	rna	6	PSAT1	0.004817454610019922	1.7887247800827026	-1.987754225730896
TCGA-AC-A23E-01	0	final_logit	rna	7	ELF5	-0.0045492337085306644	-1.7294977903366089	-1.987754225730896
TCGA-AC-A23E-01	0	final_logit	rna	8	DUT	-0.004269501194357872	-2.2545249462127686	-1.987754225730896
TCGA-AC-A23E-01	0	final_logit	rna	9	MYBBP1A	-0.004204707685858011	-0.816897988319397	-1.987754225730896
TCGA-AC-A23E-01	0	final_logit	rna	10	TIPARP	0.0041952356696128845	1.2925435304641724	-1.987754225730896
TCGA-AC-A23E-01	0	final_logit	meth	1	cg17642369	0.015826495364308357	-1.527206540107727	-1.987754225730896
TCGA-AC-A23E-01	0	final_logit	meth	2	cg06719445	-0.010126074776053429	-1.801676869392395	-1.987754225730896
TCGA-AC-A23E-01	0	final_logit	meth	3	cg26089753	0.008520033210515976	1.3508691787719727	-1.987754225730896
TCGA-AC-A23E-01	0	final_logit	meth	4	cg05638439	-0.007558247074484825	1.2576099634170532	-1.987754225730896
TCGA-AC-A23E-01	0	final_logit	meth	5	cg10342963	-0.006735287606716156	0.9633727073669434	-1.987754225730896
TCGA-AC-A23E-01	0	final_logit	meth	6	cg27449507	0.006717197131365538	-0.7353187799453735	-1.987754225730896
TCGA-AC-A23E-01	0	final_logit	meth	7	cg03287339	0.006348021794110537	1.0972424745559692	-1.987754225730896
TCGA-AC-A23E-01	0	final_logit	meth	8	cg01321962	-0.006237930152565241	1.0848411321640015	-1.987754225730896
TCGA-AC-A23E-01	0	final_logit	meth	9	cg25134328	-0.006032912060618401	-1.113852858543396	-1.987754225730896
TCGA-AC-A23E-01	0	final_logit	meth	10	cg10304922	-0.005955742672085762	-0.966256856918335	-1.987754225730896
TCGA-AC-A2BM-01	1	final_logit	rna	1	PDLIM3	0.2804524898529053	-2.8060801029205322	1.6152366399765015
TCGA-AC-A2BM-01	1	final_logit	rna	2	RBBP8	0.1539095640182495	2.660576105117798	1.6152366399765015
TCGA-AC-A2BM-01	1	final_logit	rna	3	FARP1	0.15037165582180023	-2.681514024734497	1.6152366399765015
TCGA-AC-A2BM-01	1	final_logit	rna	4	CYP26B1	0.13846907019615173	-2.7801120281219482	1.6152366399765015
TCGA-AC-A2BM-01	1	final_logit	rna	5	TUBB2B	0.13693130016326904	-1.1751701831817627	1.6152366399765015
TCGA-AC-A2BM-01	1	final_logit	rna	6	BCL2	-0.11948186159133911	1.196958303451538	1.6152366399765015
TCGA-AC-A2BM-01	1	final_logit	rna	7	PODXL	0.1102357879281044	-1.9778567552566528	1.6152366399765015
TCGA-AC-A2BM-01	1	final_logit	rna	8	P2RY2	0.09439147263765335	-1.9478849172592163	1.6152366399765015
TCGA-AC-A2BM-01	1	final_logit	rna	9	HDDC2	-0.0914371982216835	-4.469560146331787	1.6152366399765015
TCGA-AC-A2BM-01	1	final_logit	rna	10	CD44	0.0902467742562294	-1.9476091861724854	1.6152366399765015
TCGA-AC-A2BM-01	1	final_logit	meth	1	cg26089753	-0.06818962097167969	1.5536597967147827	1.6152366399765015
TCGA-AC-A2BM-01	1	final_logit	meth	2	cg15543523	-0.049614425748586655	1.416125774383545	1.6152366399765015
TCGA-AC-A2BM-01	1	final_logit	meth	3	cg00517532	0.0485745370388031	2.0952799320220947	1.6152366399765015
TCGA-AC-A2BM-01	1	final_logit	meth	4	cg10342963	0.047170355916023254	1.3203094005584717	1.6152366399765015
TCGA-AC-A2BM-01	1	final_logit	meth	5	cg05226008	-0.03895784914493561	1.6755815744400024	1.6152366399765015
TCGA-AC-A2BM-01	1	final_logit	meth	6	cg00773370	-0.0376872755587101	1.6344990730285645	1.6152366399765015
TCGA-AC-A2BM-01	1	final_logit	meth	7	cg06197966	0.03673907369375229	1.6850308179855347	1.6152366399765015
TCGA-AC-A2BM-01	1	final_logit	meth	8	cg00803088	0.0316849946975708	1.3820924758911133	1.6152366399765015
TCGA-AC-A2BM-01	1	final_logit	meth	9	cg03345116	-0.0313556008040905	0.9757060408592224	1.6152366399765015
TCGA-AC-A2BM-01	1	final_logit	meth	10	cg10805850	-0.029276518151164055	1.0217951536178589	1.6152366399765015
TCGA-AC-A2FB-01	0	final_logit	rna	1	SGK1	-0.003970380872488022	2.17769193649292	-2.0008552074432373
TCGA-AC-A2FB-01	0	final_logit	rna	2	ABHD2	-0.003865065285935998	1.9378340244293213	-2.0008552074432373
TCGA-AC-A2FB-01	0	final_logit	rna	3	PLAC1	-0.003776037832722068	-1.6078685522079468	-2.0008552074432373
TCGA-AC-A2FB-01	0	final_logit	rna	4	DUSP4	0.003024356672540307	1.3943336009979248	-2.0008552074432373
TCGA-AC-A2FB-01	0	final_logit	rna	5	NME1	0.002807462587952614	-1.4488680362701416	-2.0008552074432373
TCGA-AC-A2FB-01	0	final_logit	rna	6	CLU	0.0026744548231363297	1.47078275680542	-2.0008552074432373
TCGA-AC-A2FB-01	0	final_logit	rna	7	FOS	0.002523016417399049	1.5351556539535522	-2.0008552074432373
TCGA-AC-A2FB-01	0	final_logit	rna	8	TFF3	0.002412025351077318	-1.3504339456558228	-2.0008552074432373
TCGA-AC-A2FB-01	0	final_logit	rna	9	CD44	0.0023991784546524286	1.6274795532226562	-2.0008552074432373
TCGA-AC-A2FB-01	0	final_logit	rna	10	ADCY9	-0.0023387554101645947	-1.5081636905670166	-2.0008552074432373
TCGA-AC-A2FB-01	0	final_logit	meth	1	cg12961607	-0.010371748358011246	-1.003313422203064	-2.0008552074432373
TCGA-AC-A2FB-01	0	final_logit	meth	2	cg05638439	-0.008550411090254784	0.9826593995094299	-2.0008552074432373
TCGA-AC-A2FB-01	0	final_logit	meth	3	cg23057597	0.0076612564735114574	0.7649287581443787	-2.0008552074432373
TCGA-AC-A2FB-01	0	final_logit	meth	4	cg08169949	-0.006201864220201969	-1.0502175092697144	-2.0008552074432373
TCGA-AC-A2FB-01	0	final_logit	meth	5	cg22730327	-0.0060810307040810585	0.5760009288787842	-2.0008552074432373
TCGA-AC-A2FB-01	0	final_logit	meth	6	cg15543523	-0.006047181319445372	1.0071415901184082	-2.0008552074432373
TCGA-AC-A2FB-01	0	final_logit	meth	7	cg06741896	-0.005276494659483433	1.5149352550506592	-2.0008552074432373
TCGA-AC-A2FB-01	0	final_logit	meth	8	cg01252526	0.004547775257378817	0.7586155533790588	-2.0008552074432373
TCGA-AC-A2FB-01	0	final_logit	meth	9	cg26089753	0.004467302467674017	1.2298988103866577	-2.0008552074432373
TCGA-AC-A2FB-01	0	final_logit	meth	10	cg22731981	-0.004117924720048904	0.7683792114257812	-2.0008552074432373
TCGA-AC-A2FG-01	0	final_logit	rna	1	TUBB2B	-0.004194869194179773	1.5375022888183594	-1.9749938249588013
TCGA-AC-A2FG-01	0	final_logit	rna	2	SLC27A2	0.004184766672551632	1.0729122161865234	-1.9749938249588013
TCGA-AC-A2FG-01	0	final_logit	rna	3	PDZK1	-0.0038419950287789106	1.6677639484405518	-1.9749938249588013
TCGA-AC-A2FG-01	0	final_logit	rna	4	ZBTB16	-0.003781770821660757	1.1614344120025635	-1.9749938249588013
TCGA-AC-A2FG-01	0	final_logit	rna	5	CYP1A1	0.0037248157896101475	0.951844334602356	-1.9749938249588013
TCGA-AC-A2FG-01	0	final_logit	rna	6	AKAP1	0.0032334856223315	0.6077285408973694	-1.9749938249588013
TCGA-AC-A2FG-01	0	final_logit	rna	7	SLC1A4	0.0030046498868614435	2.083289861679077	-1.9749938249588013
TCGA-AC-A2FG-01	0	final_logit	rna	8	PDLIM3	-0.0027775606140494347	1.800899624824524	-1.9749938249588013
TCGA-AC-A2FG-01	0	final_logit	rna	9	UNC119	-0.002495629945769906	-1.2248975038528442	-1.9749938249588013
TCGA-AC-A2FG-01	0	final_logit	rna	10	JAK2	0.0023916540667414665	1.7185039520263672	-1.9749938249588013
TCGA-AC-A2FG-01	0	final_logit	meth	1	cg23057597	0.009288548491895199	0.8955820798873901	-1.9749938249588013
TCGA-AC-A2FG-01	0	final_logit	meth	2	cg13181974	-0.00837355200201273	0.975011944770813	-1.9749938249588013
TCGA-AC-A2FG-01	0	final_logit	meth	3	cg01912921	-0.00775855453684926	-1.1316384077072144	-1.9749938249588013
TCGA-AC-A2FG-01	0	final_logit	meth	4	cg01207684	0.007014681585133076	-1.3646833896636963	-1.9749938249588013
TCGA-AC-A2FG-01	0	final_logit	meth	5	cg22730327	0.0068819960579276085	-0.6382707357406616	-1.9749938249588013
TCGA-AC-A2FG-01	0	final_logit	meth	6	cg26708220	0.006619252730160952	1.2706832885742188	-1.9749938249588013
TCGA-AC-A2FG-01	0	final_logit	meth	7	cg05923595	0.006288416683673859	-1.4359124898910522	-1.9749938249588013
TCGA-AC-A2FG-01	0	final_logit	meth	8	cg18668813	-0.006100709084421396	-1.110231637954712	-1.9749938249588013
TCGA-AC-A2FG-01	0	final_logit	meth	9	cg05638439	0.00602814881131053	-0.9575886726379395	-1.9749938249588013
TCGA-AC-A2FG-01	0	final_logit	meth	10	cg14058239	-0.006003058981150389	0.9426292181015015	-1.9749938249588013
TCGA-AN-A0XV-01	0	final_logit	rna	1	MRPL9	-0.24563734233379364	-1.559690237045288	-1.6492713689804077
TCGA-AN-A0XV-01	0	final_logit	rna	2	COPS5	0.21926575899124146	4.204566955566406	-1.6492713689804077
TCGA-AN-A0XV-01	0	final_logit	rna	3	NBN	0.19813039898872375	2.217576503753662	-1.6492713689804077
TCGA-AN-A0XV-01	0	final_logit	rna	4	DSCC1	0.19421657919883728	1.3968006372451782	-1.6492713689804077
TCGA-AN-A0XV-01	0	final_logit	rna	5	MEIS2	-0.18676210939884186	1.498421549797058	-1.6492713689804077
TCGA-AN-A0XV-01	0	final_logit	rna	6	HDGF	-0.1637095808982849	-1.401806116104126	-1.6492713689804077
TCGA-AN-A0XV-01	0	final_logit	rna	7	DCK	0.16128027439117432	2.0431230068206787	-1.6492713689804077
TCGA-AN-A0XV-01	0	final_logit	rna	8	MYC	-0.14477452635765076	1.242508053779602	-1.6492713689804077
TCGA-AN-A0XV-01	0	final_logit	rna	9	CYC1	-0.1382845938205719	-1.6303081512451172	-1.6492713689804077
TCGA-AN-A0XV-01	0	final_logit	rna	10	PRDX3	0.11338930577039719	1.5293843746185303	-1.6492713689804077
TCGA-AN-A0XV-01	0	final_logit	meth	1	cg14660676	0.16371415555477142	-1.4227880239486694	-1.6492713689804077
TCGA-AN-A0XV-01	0	final_logit	meth	2	cg01252526	0.06641959398984909	-1.1159709692001343	-1.6492713689804077
TCGA-AN-A0XV-01	0	final_logit	meth	3	cg25134328	-0.0644184872508049	1.0717271566390991	-1.6492713689804077
TCGA-AN-A0XV-01	0	final_logit	meth	4	cg04726821	-0.06258651614189148	-0.7760792374610901	-1.6492713689804077
TCGA-AN-A0XV-01	0	final_logit	meth	5	cg08169949	-0.056259091943502426	1.4493560791015625	-1.6492713689804077
TCGA-AN-A0XV-01	0	final_logit	meth	6	cg03287339	0.054551225155591965	-0.9358135461807251	-1.6492713689804077
TCGA-AN-A0XV-01	0	final_logit	meth	7	cg08430604	0.05397539585828781	-1.2449967861175537	-1.6492713689804077
TCGA-AN-A0XV-01	0	final_logit	meth	8	cg15902390	-0.05215303227305412	0.7351709008216858	-1.6492713689804077
TCGA-AN-A0XV-01	0	final_logit	meth	9	cg26325335	-0.04522238299250603	-1.2147783041000366	-1.6492713689804077
TCGA-AN-A0XV-01	0	final_logit	meth	10	cg23824801	0.045118410140275955	0.8713181018829346	-1.6492713689804077
TCGA-AO-A03M-01	0	final_logit	rna	1	TRIM28	-0.14224721491336823	2.5016746520996094	-1.331351637840271
TCGA-AO-A03M-01	0	final_logit	rna	2	CHMP1A	-0.11207312345504761	2.2743773460388184	-1.331351637840271
TCGA-AO-A03M-01	0	final_logit	rna	3	SNRPB2	0.10476817190647125	7.216549873352051	-1.331351637840271
TCGA-AO-A03M-01	0	final_logit	rna	4	TUBB2B	-0.10456094890832901	2.2578539848327637	-1.331351637840271
TCGA-AO-A03M-01	0	final_logit	rna	5	TUBB	-0.10202042758464813	3.1694929599761963	-1.331351637840271
TCGA-AO-A03M-01	0	final_logit	rna	6	RBL1	0.08964957296848297	3.9811689853668213	-1.331351637840271
TCGA-AO-A03M-01	0	final_logit	rna	7	LUC7L3	-0.08422685414552689	-1.6495736837387085	-1.331351637840271
TCGA-AO-A03M-01	0	final_logit	rna	8	CSE1L	-0.08385597914457321	2.7488162517547607	-1.331351637840271
TCGA-AO-A03M-01	0	final_logit	rna	9	AREG	-0.08139698207378387	1.8913980722427368	-1.331351637840271
TCGA-AO-A03M-01	0	final_logit	rna	10	CYC1	0.07786460220813751	1.5669907331466675	-1.331351637840271
TCGA-AO-A03M-01	0	final_logit	meth	1	cg26089753	-0.11208480596542358	1.2897242307662964	-1.331351637840271
TCGA-AO-A03M-01	0	final_logit	meth	2	cg24724428	0.09804388135671616	-1.1921238899230957	-1.331351637840271
TCGA-AO-A03M-01	0	final_logit	meth	3	cg05703053	0.09566683322191238	1.0129610300064087	-1.331351637840271
TCGA-AO-A03M-01	0	final_logit	meth	4	cg16236270	0.07934079319238663	0.9295268654823303	-1.331351637840271
TCGA-AO-A03M-01	0	final_logit	meth	5	cg19516279	-0.07745383679866791	-0.7160541415214539	-1.331351637840271
TCGA-AO-A03M-01	0	final_logit	meth	6	cg00773370	-0.07496120035648346	1.6103203296661377	-1.331351637840271
TCGA-AO-A03M-01	0	final_logit	meth	7	cg25134328	0.07266327738761902	-1.2064493894577026	-1.331351637840271
TCGA-AO-A03M-01	0	final_logit	meth	8	cg00031973	0.07085691392421722	-0.9718563556671143	-1.331351637840271
TCGA-AO-A03M-01	0	final_logit	meth	9	cg19595750	0.06845086067914963	0.9632078409194946	-1.331351637840271
TCGA-AO-A03M-01	0	final_logit	meth	10	cg02103401	0.06816122680902481	-0.9316867589950562	-1.331351637840271
TCGA-AO-A03N-01	1	final_logit	rna	1	SLC26A2	-0.4072674512863159	3.429863929748535	1.3712495565414429
TCGA-AO-A03N-01	1	final_logit	rna	2	DUSP4	0.3328864872455597	-2.104870557785034	1.3712495565414429
TCGA-AO-A03N-01	1	final_logit	rna	3	BCL2	0.3304766118526459	-2.462113857269287	1.3712495565414429
TCGA-AO-A03N-01	1	final_logit	rna	4	AKAP1	-0.3282625079154968	-2.7434639930725098	1.3712495565414429
TCGA-AO-A03N-01	1	final_logit	rna	5	MYC	0.3265257775783539	-2.8461549282073975	1.3712495565414429
TCGA-AO-A03N-01	1	final_logit	rna	6	MRPL23	-0.32330358028411865	2.2610435485839844	1.3712495565414429
TCGA-AO-A03N-01	1	final_logit	rna	7	PAN2	-0.31754517555236816	-2.563605308532715	1.3712495565414429
TCGA-AO-A03N-01	1	final_logit	rna	8	EGR3	0.3173675835132599	-2.0056135654449463	1.3712495565414429
TCGA-AO-A03N-01	1	final_logit	rna	9	HIRA	-0.31585294008255005	-2.7075963020324707	1.3712495565414429
TCGA-AO-A03N-01	1	final_logit	rna	10	AHNAK	0.3065331280231476	-2.3912887573242188	1.3712495565414429
TCGA-AO-A03N-01	1	final_logit	meth	1	cg04284140	0.22599256038665771	-1.6165469884872437	1.3712495565414429
TCGA-AO-A03N-01	1	final_logit	meth	2	cg03287339	-0.210497185587883	1.236838936805725	1.3712495565414429
TCGA-AO-A03N-01	1	final_logit	meth	3	cg17642369	0.20984075963497162	-1.924001932144165	1.3712495565414429
TCGA-AO-A03N-01	1	final_logit	meth	4	cg17090968	0.19721782207489014	2.2033426761627197	1.3712495565414429
TCGA-AO-A03N-01	1	final_logit	meth	5	cg09840968	-0.19705432653427124	1.891262412071228	1.3712495565414429
TCGA-AO-A03N-01	1	final_logit	meth	6	cg04726821	0.183628648519516	1.8234935998916626	1.3712495565414429
TCGA-AO-A03N-01	1	final_logit	meth	7	cg14042099	-0.17267487943172455	-1.4780211448669434	1.3712495565414429
TCGA-AO-A03N-01	1	final_logit	meth	8	cg26203572	-0.170387402176857	-1.2976722717285156	1.3712495565414429
TCGA-AO-A03N-01	1	final_logit	meth	9	cg15902390	-0.16183097660541534	1.1858633756637573	1.3712495565414429
TCGA-AO-A03N-01	1	final_logit	meth	10	cg01252526	-0.14393922686576843	1.398645281791687	1.3712495565414429
TCGA-AO-A0JA-01	0	final_logit	rna	1	SLC7A5	0.07236486673355103	1.7044304609298706	-1.8307746648788452
TCGA-AO-A0JA-01	0	final_logit	rna	2	SUSD3	0.053587280213832855	-2.6225509643554688	-1.8307746648788452
TCGA-AO-A0JA-01	0	final_logit	rna	3	NOTCH2	-0.04515087231993675	1.6561880111694336	-1.8307746648788452
TCGA-AO-A0JA-01	0	final_logit	rna	4	SNRPD1	-0.041662830859422684	-1.3457810878753662	-1.8307746648788452
TCGA-AO-A0JA-01	0	final_logit	rna	5	PSMB2	-0.03926069661974907	-1.8740553855895996	-1.8307746648788452
TCGA-AO-A0JA-01	0	final_logit	rna	6	TGFB1	-0.038496412336826324	1.3937994241714478	-1.8307746648788452
TCGA-AO-A0JA-01	0	final_logit	rna	7	ETF1	-0.037332743406295776	1.0114881992340088	-1.8307746648788452
TCGA-AO-A0JA-01	0	final_logit	rna	8	CBX1	-0.035866353660821915	-1.050114393234253	-1.8307746648788452
TCGA-AO-A0JA-01	0	final_logit	rna	9	PBK	0.034606851637363434	1.099255084991455	-1.8307746648788452
TCGA-AO-A0JA-01	0	final_logit	rna	10	POLA2	0.031373750418424606	0.7364518046379089	-1.8307746648788452
TCGA-AO-A0JA-01	0	final_logit	meth	1	cg25134328	0.04911420866847038	-1.300545573234558	-1.8307746648788452
TCGA-AO-A0JA-01	0	final_logit	meth	2	cg10566121	0.04156554117798805	1.7877020835876465	-1.8307746648788452
TCGA-AO-A0JA-01	0	final_logit	meth	3	cg14982203	0.04145180806517601	1.766075849533081	-1.8307746648788452
TCGA-AO-A0JA-01	0	final_logit	meth	4	cg17642369	0.035239141434431076	-1.5461176633834839	-1.8307746648788452
TCGA-AO-A0JA-01	0	final_logit	meth	5	cg26708220	-0.03376893326640129	-1.461817741394043	-1.8307746648788452
TCGA-AO-A0JA-01	0	final_logit	meth	6	cg15543523	-0.03292390704154968	1.5900211334228516	-1.8307746648788452
TCGA-AO-A0JA-01	0	final_logit	meth	7	cg00517532	0.03264356777071953	1.7867302894592285	-1.8307746648788452
TCGA-AO-A0JA-01	0	final_logit	meth	8	cg20402783	-0.031148448586463928	-1.567790150642395	-1.8307746648788452
TCGA-AO-A0JA-01	0	final_logit	meth	9	cg24800655	0.030257321894168854	1.3161070346832275	-1.8307746648788452
TCGA-AO-A0JA-01	0	final_logit	meth	10	cg07688604	-0.03008212335407734	1.3158713579177856	-1.8307746648788452
TCGA-AO-A0JC-01	0	final_logit	rna	1	RAB17	0.7238172292709351	-2.2729556560516357	-1.2329295873641968
TCGA-AO-A0JC-01	0	final_logit	rna	2	THSD4	0.5230309963226318	-2.5594537258148193	-1.2329295873641968
TCGA-AO-A0JC-01	0	final_logit	rna	3	KCNK15	0.46494612097740173	-2.5199406147003174	-1.2329295873641968
TCGA-AO-A0JC-01	0	final_logit	rna	4	TSPAN1	0.3887525796890259	-1.6423044204711914	-1.2329295873641968
TCGA-AO-A0JC-01	0	final_logit	rna	5	TUBB2B	-0.38013091683387756	0.9953833222389221	-1.2329295873641968
TCGA-AO-A0JC-01	0	final_logit	rna	6	CXCL12	-0.35230979323387146	1.6578317880630493	-1.2329295873641968
TCGA-AO-A0JC-01	0	final_logit	rna	7	FKBP4	-0.3229653537273407	-2.64587664604187	-1.2329295873641968
TCGA-AO-A0JC-01	0	final_logit	rna	8	FHL2	0.32158032059669495	-2.017324686050415	-1.2329295873641968
TCGA-AO-A0JC-01	0	final_logit	rna	9	SLC24A3	0.31955984234809875	-1.4956010580062866	-1.2329295873641968
TCGA-AO-A0JC-01	0	final_logit	rna	10	TPBG	-0.31573566794395447	-1.956595540046692	-1.2329295873641968
TCGA-AO-A0JC-01	0	final_logit	meth	1	cg06741896	-0.283000648021698	1.565324306488037	-1.2329295873641968
TCGA-AO-A0JC-01	0	final_logit	meth	2	cg26203572	0.22820131480693817	2.038498640060425	-1.2329295873641968
TCGA-AO-A0JC-01	0	final_logit	meth	3	cg10342963	0.21827374398708344	1.2167518138885498	-1.2329295873641968
TCGA-AO-A0JC-01	0	final_logit	meth	4	cg14042099	0.21351358294487	1.577399730682373	-1.2329295873641968
TCGA-AO-A0JC-01	0	final_logit	meth	5	cg00651400	0.18980087339878082	-1.4960999488830566	-1.2329295873641968
TCGA-AO-A0JC-01	0	final_logit	meth	6	cg01738022	0.18702000379562378	-1.8054832220077515	-1.2329295873641968
TCGA-AO-A0JC-01	0	final_logit	meth	7	cg10805850	0.17985135316848755	-1.3818899393081665	-1.2329295873641968
TCGA-AO-A0JC-01	0	final_logit	meth	8	cg05116002	0.17967650294303894	0.9656829237937927	-1.2329295873641968
TCGA-AO-A0JC-01	0	final_logit	meth	9	cg16236270	0.17348098754882812	1.1407197713851929	-1.2329295873641968
TCGA-AO-A0JC-01	0	final_logit	meth	10	cg00773370	-0.16163267195224762	1.6476871967315674	-1.2329295873641968
TCGA-AO-A0JI-01	0	final_logit	rna	1	PDLIM3	0.7410690784454346	-2.1381783485412598	-1.249069333076477
TCGA-AO-A0JI-01	0	final_logit	rna	2	RAB31	-0.46060457825660706	-3.123558521270752	-1.249069333076477
TCGA-AO-A0JI-01	0	final_logit	rna	3	BCL2	-0.37756481766700745	0.9957494139671326	-1.249069333076477
TCGA-AO-A0JI-01	0	final_logit	rna	4	RASGRP1	0.3464981019496918	2.326690435409546	-1.249069333076477
TCGA-AO-A0JI-01	0	final_logit	rna	5	S100A1	0.3192724287509918	-2.3818628787994385	-1.249069333076477
TCGA-AO-A0JI-01	0	final_logit	rna	6	FHL2	0.3174004852771759	-2.1565194129943848	-1.249069333076477
TCGA-AO-A0JI-01	0	final_logit	rna	7	ALDH3A2	0.3173079490661621	2.0729260444641113	-1.249069333076477
TCGA-AO-A0JI-01	0	final_logit	rna	8	TMPRSS3	0.31287452578544617	-1.8640598058700562	-1.249069333076477
TCGA-AO-A0JI-01	0	final_logit	rna	9	GATA3	-0.290900856256485	1.8009089231491089	-1.249069333076477
TCGA-AO-A0JI-01	0	final_logit	rna	10	EZR	-0.2813127040863037	-2.0850727558135986	-1.249069333076477
TCGA-AO-A0JI-01	0	final_logit	meth	1	cg05116002	-0.3172149062156677	-2.000570297241211	-1.249069333076477
TCGA-AO-A0JI-01	0	final_logit	meth	2	cg09662034	-0.27352920174598694	2.0076425075531006	-1.249069333076477
TCGA-AO-A0JI-01	0	final_logit	meth	3	cg00773370	-0.26037633419036865	1.6648322343826294	-1.249069333076477
TCGA-AO-A0JI-01	0	final_logit	meth	4	cg24724428	-0.24707886576652527	2.1476259231567383	-1.249069333076477
TCGA-AO-A0JI-01	0	final_logit	meth	5	cg03048314	0.24380351603031158	1.8681873083114624	-1.249069333076477
TCGA-AO-A0JI-01	0	final_logit	meth	6	cg10566121	0.24218979477882385	2.7185604572296143	-1.249069333076477
TCGA-AO-A0JI-01	0	final_logit	meth	7	cg13456086	-0.20111101865768433	1.804275393486023	-1.249069333076477
TCGA-AO-A0JI-01	0	final_logit	meth	8	cg05226008	-0.17509163916110992	2.2266006469726562	-1.249069333076477
TCGA-AO-A0JI-01	0	final_logit	meth	9	cg00517532	0.17273037135601044	2.3305230140686035	-1.249069333076477
TCGA-AO-A0JI-01	0	final_logit	meth	10	cg00803088	0.1657726913690567	1.8222256898880005	-1.249069333076477
TCGA-AO-A126-01	0	final_logit	rna	1	ELF1	-0.026469925418496132	-3.3033699989318848	-2.0139338970184326
TCGA-AO-A126-01	0	final_logit	rna	2	TUBB2B	-0.018320506438612938	-1.6384867429733276	-2.0139338970184326
TCGA-AO-A126-01	0	final_logit	rna	3	AKAP1	0.018068060278892517	-2.8071298599243164	-2.0139338970184326
TCGA-AO-A126-01	0	final_logit	rna	4	BATF	0.01766352355480194	1.752346158027649	-2.0139338970184326
TCGA-AO-A126-01	0	final_logit	rna	5	RBBP8	0.017081625759601593	-1.6800618171691895	-2.0139338970184326
TCGA-AO-A126-01	0	final_logit	rna	6	KCNK5	-0.016962578520178795	-2.0582802295684814	-2.0139338970184326
TCGA-AO-A126-01	0	final_logit	rna	7	TMPRSS3	-0.016885705292224884	-2.1906027793884277	-2.0139338970184326
TCGA-AO-A126-01	0	final_logit	rna	8	AHNAK	-0.01567647233605385	-1.8871387243270874	-2.0139338970184326
TCGA-AO-A126-01	0	final_logit	rna	9	AHCY	-0.011968757957220078	1.6393924951553345	-2.0139338970184326
TCGA-AO-A126-01	0	final_logit	rna	10	GATA3	0.011850082315504551	1.407706618309021	-2.0139338970184326
TCGA-AO-A126-01	0	final_logit	meth	1	cg26708220	0.013193999417126179	1.1431424617767334	-2.0139338970184326
TCGA-AO-A126-01	0	final_logit	meth	2	cg25744613	0.012372408993542194	-1.6133856773376465	-2.0139338970184326
TCGA-AO-A126-01	0	final_logit	meth	3	cg21116267	-0.011578653939068317	1.655003309249878	-2.0139338970184326
TCGA-AO-A126-01	0	final_logit	meth	4	cg09646983	-0.010969990864396095	1.1458821296691895	-2.0139338970184326
TCGA-AO-A126-01	0	final_logit	meth	5	cg09662034	0.010006583295762539	1.3622444868087769	-2.0139338970184326
TCGA-AO-A126-01	0	final_logit	meth	6	cg10805850	0.00970417819917202	1.698333740234375	-2.0139338970184326
TCGA-AO-A126-01	0	final_logit	meth	7	cg18668813	0.008443781174719334	1.6371618509292603	-2.0139338970184326
TCGA-AO-A126-01	0	final_logit	meth	8	cg20087413	0.008405789732933044	1.3200969696044922	-2.0139338970184326
TCGA-AO-A126-01	0	final_logit	meth	9	cg14058239	-0.008205695077776909	1.155618667602539	-2.0139338970184326
TCGA-AO-A126-01	0	final_logit	meth	10	cg24724428	0.00788356363773346	0.893219530582428	-2.0139338970184326
TCGA-AO-A1KT-01	1	final_logit	rna	1	BCL2	0.5246521830558777	-1.8936336040496826	1.6432158946990967
TCGA-AO-A1KT-01	1	final_logit	rna	2	ELF1	0.4945501685142517	-2.927733898162842	1.6432158946990967
TCGA-AO-A1KT-01	1	final_logit	rna	3	ZBTB16	0.35329508781433105	-1.3992555141448975	1.6432158946990967
TCGA-AO-A1KT-01	1	final_logit	rna	4	SLC26A2	0.3166506886482239	-1.5349833965301514	1.6432158946990967
TCGA-AO-A1KT-01	1	final_logit	rna	5	S100A1	0.31071776151657104	-1.7320412397384644	1.6432158946990967
TCGA-AO-A1KT-01	1	final_logit	rna	6	ACOX2	-0.277658611536026	-1.859678030014038	1.6432158946990967
TCGA-AO-A1KT-01	1	final_logit	rna	7	AR	-0.2695392370223999	-2.21819806098938	1.6432158946990967
TCGA-AO-A1KT-01	1	final_logit	rna	8	FARP1	0.2346898913383484	-1.556207299232483	1.6432158946990967
TCGA-AO-A1KT-01	1	final_logit	rna	9	KCNK15	0.22315332293510437	-0.9267516732215881	1.6432158946990967
TCGA-AO-A1KT-01	1	final_logit	rna	10	FHL2	-0.2027299404144287	0.9264119863510132	1.6432158946990967
TCGA-AO-A1KT-01	1	final_logit	meth	1	cg18456459	-0.16567906737327576	-2.4141457080841064	1.6432158946990967
TCGA-AO-A1KT-01	1	final_logit	meth	2	cg15732851	-0.1534966379404068	1.2790809869766235	1.6432158946990967
TCGA-AO-A1KT-01	1	final_logit	meth	3	cg20087413	0.14823433756828308	-1.3291163444519043	1.6432158946990967
TCGA-AO-A1KT-01	1	final_logit	meth	4	cg14042099	0.14779609441757202	1.079826831817627	1.6432158946990967
TCGA-AO-A1KT-01	1	final_logit	meth	5	cg10342963	-0.14089541137218475	-1.1935678720474243	1.6432158946990967
TCGA-AO-A1KT-01	1	final_logit	meth	6	cg15012484	-0.13920126855373383	-1.6994531154632568	1.6432158946990967
TCGA-AO-A1KT-01	1	final_logit	meth	7	cg22932313	0.13024850189685822	-1.9202921390533447	1.6432158946990967
TCGA-AO-A1KT-01	1	final_logit	meth	8	cg03345116	0.12535689771175385	-1.2306149005889893	1.6432158946990967
TCGA-AO-A1KT-01	1	final_logit	meth	9	cg14660676	0.11474039405584335	-1.8178327083587646	1.6432158946990967
TCGA-AO-A1KT-01	1	final_logit	meth	10	cg01738022	0.11098477989435196	-1.4512460231781006	1.6432158946990967
TCGA-AR-A0TQ-01	1	final_logit	rna	1	BCL2	0.7645235061645508	-1.4134242534637451	0.6138888597488403
TCGA-AR-A0TQ-01	1	final_logit	rna	2	KCNK5	-0.5912753343582153	2.1812362670898438	0.6138888597488403
TCGA-AR-A0TQ-01	1	final_logit	rna	3	FHL2	0.5878265500068665	-1.8679594993591309	0.6138888597488403
TCGA-AR-A0TQ-01	1	final_logit	rna	4	PGR	0.5304731726646423	-2.2754697799682617	0.6138888597488403
TCGA-AR-A0TQ-01	1	final_logit	rna	5	PDLIM3	0.502034068107605	-1.031875729560852	0.6138888597488403
TCGA-AR-A0TQ-01	1	final_logit	rna	6	SLC7A5	0.5012115836143494	1.6674937009811401	0.6138888597488403
TCGA-AR-A0TQ-01	1	final_logit	rna	7	PSAT1	0.4969574213027954	2.1574149131774902	0.6138888597488403
TCGA-AR-A0TQ-01	1	final_logit	rna	8	DUSP4	-0.48950397968292236	1.498898983001709	0.6138888597488403
TCGA-AR-A0TQ-01	1	final_logit	rna	9	KRT18	-0.46512696146965027	2.308936595916748	0.6138888597488403
TCGA-AR-A0TQ-01	1	final_logit	rna	10	TMPRSS3	0.4246334433555603	-1.5034730434417725	0.6138888597488403
TCGA-AR-A0TQ-01	1	final_logit	meth	1	cg26089753	-0.7052611708641052	1.6398786306381226	0.6138888597488403
TCGA-AR-A0TQ-01	1	final_logit	meth	2	cg14042099	0.6395356059074402	1.6691477298736572	0.6138888597488403
TCGA-AR-A0TQ-01	1	final_logit	meth	3	cg01738022	0.564574122428894	-1.73340904712677	0.6138888597488403
TCGA-AR-A0TQ-01	1	final_logit	meth	4	cg10342963	0.5184324979782104	1.3475775718688965	0.6138888597488403
TCGA-AR-A0TQ-01	1	final_logit	meth	5	cg10566121	0.4366818368434906	1.1486352682113647	0.6138888597488403
TCGA-AR-A0TQ-01	1	final_logit	meth	6	cg15543523	-0.43508362770080566	1.3888306617736816	0.6138888597488403
TCGA-AR-A0TQ-01	1	final_logit	meth	7	cg00773370	-0.4109121561050415	1.6107600927352905	0.6138888597488403
TCGA-AR-A0TQ-01	1	final_logit	meth	8	cg24039697	-0.3860574960708618	1.8356834650039673	0.6138888597488403
TCGA-AR-A0TQ-01	1	final_logit	meth	9	cg05116002	0.3602890968322754	0.9645169377326965	0.6138888597488403
TCGA-AR-A0TQ-01	1	final_logit	meth	10	cg24724428	0.35135045647621155	-1.225689172744751	0.6138888597488403
TCGA-AR-A0TR-01	0	final_logit	rna	1	AMFR	0.034674499183893204	2.218920946121216	-1.970337986946106
TCGA-AR-A0TR-01	0	final_logit	rna	2	MYC	0.02771455980837345	-3.2489938735961914	-1.970337986946106
TCGA-AR-A0TR-01	0	final_logit	rna	3	RAB31	-0.02695622853934765	-4.0274505615234375	-1.970337986946106
TCGA-AR-A0TR-01	0	final_logit	rna	4	SGK1	0.02095559611916542	-2.833953857421875	-1.970337986946106
TCGA-AR-A0TR-01	0	final_logit	rna	5	SVIL	0.019703824073076248	-2.5571954250335693	-1.970337986946106
TCGA-AR-A0TR-01	0	final_logit	rna	6	ID2	0.017734628170728683	-2.0540308952331543	-1.970337986946106
TCGA-AR-A0TR-01	0	final_logit	rna	7	ADCY1	0.014098197221755981	2.9573631286621094	-1.970337986946106
TCGA-AR-A0TR-01	0	final_logit	rna	8	ABCA3	0.01398478914052248	1.535512924194336	-1.970337986946106
TCGA-AR-A0TR-01	0	final_logit	rna	9	FHL2	-0.013757028616964817	-2.85780668258667	-1.970337986946106
TCGA-AR-A0TR-01	0	final_logit	rna	10	HSPB8	-0.012973262928426266	-2.14107608795166	-1.970337986946106
TCGA-AR-A0TR-01	0	final_logit	meth	1	cg20087413	-0.021297231316566467	-1.592842936515808	-1.970337986946106
TCGA-AR-A0TR-01	0	final_logit	meth	2	cg01207684	0.01570292003452778	-2.1065211296081543	-1.970337986946106
TCGA-AR-A0TR-01	0	final_logit	meth	3	cg23057597	-0.015364537946879864	-1.3622969388961792	-1.970337986946106
TCGA-AR-A0TR-01	0	final_logit	meth	4	cg01473816	0.014490156434476376	-1.9296233654022217	-1.970337986946106
TCGA-AR-A0TR-01	0	final_logit	meth	5	cg05116002	0.012986659072339535	-1.6453349590301514	-1.970337986946106
TCGA-AR-A0TR-01	0	final_logit	meth	6	cg17538572	-0.012174763716757298	-2.2598814964294434	-1.970337986946106
TCGA-AR-A0TR-01	0	final_logit	meth	7	cg00799539	-0.011180199682712555	-1.3450162410736084	-1.970337986946106
TCGA-AR-A0TR-01	0	final_logit	meth	8	cg26459372	-0.011137646622955799	-1.3799402713775635	-1.970337986946106
TCGA-AR-A0TR-01	0	final_logit	meth	9	cg21478921	0.01099450420588255	-3.152963399887085	-1.970337986946106
TCGA-AR-A0TR-01	0	final_logit	meth	10	cg06197966	-0.010502529330551624	2.3890390396118164	-1.970337986946106
TCGA-AR-A1AU-01	0	final_logit	rna	1	UBR7	0.006105823442339897	-2.2822654247283936	-1.9735370874404907
TCGA-AR-A1AU-01	0	final_logit	rna	2	HDDC2	-0.005879149306565523	-1.152204990386963	-1.9735370874404907
TCGA-AR-A1AU-01	0	final_logit	rna	3	SMARCC1	-0.005192192737013102	1.506740927696228	-1.9735370874404907
TCGA-AR-A1AU-01	0	final_logit	rna	4	DBF4	0.004992791451513767	-1.0503559112548828	-1.9735370874404907
TCGA-AR-A1AU-01	0	final_logit	rna	5	RPS3	-0.0048861135728657246	1.450505256652832	-1.9735370874404907
TCGA-AR-A1AU-01	0	final_logit	rna	6	PAICS	-0.00455303443595767	1.3280059099197388	-1.9735370874404907
TCGA-AR-A1AU-01	0	final_logit	rna	7	CALB2	-0.004409223794937134	1.4725757837295532	-1.9735370874404907
TCGA-AR-A1AU-01	0	final_logit	rna	8	MYC	0.00440170057117939	1.9573067426681519	-1.9735370874404907
TCGA-AR-A1AU-01	0	final_logit	rna	9	CYC1	0.004029109608381987	0.8152644038200378	-1.9735370874404907
TCGA-AR-A1AU-01	0	final_logit	rna	10	MPPED2	0.003798926481977105	2.3041982650756836	-1.9735370874404907
TCGA-AR-A1AU-01	0	final_logit	meth	1	cg03672342	-0.009902048856019974	1.7839001417160034	-1.9735370874404907
TCGA-AR-A1AU-01	0	final_logit	meth	2	cg24039697	0.008699541911482811	1.8792089223861694	-1.9735370874404907
TCGA-AR-A1AU-01	0	final_logit	meth	3	cg01856529	0.00839640386402607	-1.5169053077697754	-1.9735370874404907
TCGA-AR-A1AU-01	0	final_logit	meth	4	cg10716835	0.008238653652369976	-1.205029845237732	-1.9735370874404907
TCGA-AR-A1AU-01	0	final_logit	meth	5	cg02103401	-0.008121464401483536	-1.7640200853347778	-1.9735370874404907
TCGA-AR-A1AU-01	0	final_logit	meth	6	cg25288140	0.008072036318480968	-1.4269332885742188	-1.9735370874404907
TCGA-AR-A1AU-01	0	final_logit	meth	7	cg23843505	0.007558712735772133	-1.2673587799072266	-1.9735370874404907
TCGA-AR-A1AU-01	0	final_logit	meth	8	cg04284140	0.007101872935891151	-1.5367761850357056	-1.9735370874404907
TCGA-AR-A1AU-01	0	final_logit	meth	9	cg12903574	-0.006894789170473814	1.1891114711761475	-1.9735370874404907
TCGA-AR-A1AU-01	0	final_logit	meth	10	cg13342435	0.00646338751539588	-1.790692687034607	-1.9735370874404907
TCGA-AR-A1AW-01	1	final_logit	rna	1	TUBB2B	-0.6392147541046143	1.6590944528579712	1.5428863763809204
TCGA-AR-A1AW-01	1	final_logit	rna	2	KCNK15	0.5542190670967102	-2.4252078533172607	1.5428863763809204
TCGA-AR-A1AW-01	1	final_logit	rna	3	TSPAN1	0.43403226137161255	-2.5975005626678467	1.5428863763809204
TCGA-AR-A1AW-01	1	final_logit	rna	4	FOXC1	0.4198828339576721	-1.0813146829605103	1.5428863763809204
TCGA-AR-A1AW-01	1	final_logit	rna	5	RAB17	0.4179699718952179	-1.4588884115219116	1.5428863763809204
TCGA-AR-A1AW-01	1	final_logit	rna	6	SLC24A3	0.2744791805744171	-2.243640661239624	1.5428863763809204
TCGA-AR-A1AW-01	1	final_logit	rna	7	CYP26B1	-0.2718566358089447	1.6524512767791748	1.5428863763809204
TCGA-AR-A1AW-01	1	final_logit	rna	8	ACOX2	-0.2687174379825592	-1.7091530561447144	1.5428863763809204
TCGA-AR-A1AW-01	1	final_logit	rna	9	TIAM1	-0.23905570805072784	2.320180654525757	1.5428863763809204
TCGA-AR-A1AW-01	1	final_logit	rna	10	P2RY2	0.2379857301712036	-2.104315996170044	1.5428863763809204
TCGA-AR-A1AW-01	1	final_logit	meth	1	cg10342963	0.24158026278018951	1.3319520950317383	1.5428863763809204
TCGA-AR-A1AW-01	1	final_logit	meth	2	cg06741896	-0.24051332473754883	1.871968388557434	1.5428863763809204
TCGA-AR-A1AW-01	1	final_logit	meth	3	cg01738022	0.23728664219379425	-1.6249141693115234	1.5428863763809204
TCGA-AR-A1AW-01	1	final_logit	meth	4	cg26089753	-0.2300395369529724	1.56245756149292	1.5428863763809204
TCGA-AR-A1AW-01	1	final_logit	meth	5	cg14042099	0.21939189732074738	1.5517957210540771	1.5428863763809204
TCGA-AR-A1AW-01	1	final_logit	meth	6	cg15543523	-0.2026718705892563	1.2523558139801025	1.5428863763809204
TCGA-AR-A1AW-01	1	final_logit	meth	7	cg01321962	-0.14227232336997986	1.3224495649337769	1.5428863763809204
TCGA-AR-A1AW-01	1	final_logit	meth	8	cg03345116	-0.13543617725372314	0.9639591574668884	1.5428863763809204
TCGA-AR-A1AW-01	1	final_logit	meth	9	cg00773370	-0.13034532964229584	1.6252672672271729	1.5428863763809204
TCGA-AR-A1AW-01	1	final_logit	meth	10	cg06875707	0.11756199598312378	1.5327893495559692	1.5428863763809204
TCGA-AR-A24R-01	1	final_logit	rna	1	FOXC1	0.8535214066505432	-1.3416898250579834	1.211363673210144
TCGA-AR-A24R-01	1	final_logit	rna	2	PDLIM3	0.6949421763420105	-1.094443917274475	1.211363673210144
TCGA-AR-A24R-01	1	final_logit	rna	3	EGR3	-0.615206778049469	1.240340232849121	1.211363673210144
TCGA-AR-A24R-01	1	final_logit	rna	4	PODXL	0.6017817258834839	-2.030723810195923	1.211363673210144
TCGA-AR-A24R-01	1	final_logit	rna	5	TUBB2B	0.5816196799278259	-0.8709424138069153	1.211363673210144
TCGA-AR-A24R-01	1	final_logit	rna	6	KLF4	0.5628314018249512	-2.216554641723633	1.211363673210144
TCGA-AR-A24R-01	1	final_logit	rna	7	KCNK15	-0.5614072680473328	1.473676085472107	1.211363673210144
TCGA-AR-A24R-01	1	final_logit	rna	8	DUSP4	0.5324475765228271	-1.7376987934112549	1.211363673210144
TCGA-AR-A24R-01	1	final_logit	rna	9	PDZK1	-0.5219946503639221	1.805500864982605	1.211363673210144
TCGA-AR-A24R-01	1	final_logit	rna	10	ELOVL5	-0.510166585445404	-2.9988110065460205	1.211363673210144
TCGA-AR-A24R-01	1	final_logit	meth	1	cg27449507	0.4541395902633667	1.8252017498016357	1.211363673210144
TCGA-AR-A24R-01	1	final_logit	meth	2	cg14042099	0.4519268870353699	1.6426900625228882	1.211363673210144
TCGA-AR-A24R-01	1	final_logit	meth	3	cg13456086	-0.3476373553276062	1.4580408334732056	1.211363673210144
TCGA-AR-A24R-01	1	final_logit	meth	4	cg00773370	-0.344753235578537	1.6358178853988647	1.211363673210144
TCGA-AR-A24R-01	1	final_logit	meth	5	cg08810842	-0.3265840709209442	-1.734400987625122	1.211363673210144
TCGA-AR-A24R-01	1	final_logit	meth	6	cg03345116	-0.30911165475845337	0.9899702668190002	1.211363673210144
TCGA-AR-A24R-01	1	final_logit	meth	7	cg05226008	-0.2994432747364044	1.1726409196853638	1.211363673210144
TCGA-AR-A24R-01	1	final_logit	meth	8	cg24676071	0.22112968564033508	-2.2310848236083984	1.211363673210144
TCGA-AR-A24R-01	1	final_logit	meth	9	cg10805850	0.21757426857948303	-0.8820826411247253	1.211363673210144
TCGA-AR-A24R-01	1	final_logit	meth	10	cg00651400	-0.19165518879890442	0.9481592178344727	1.211363673210144
TCGA-B6-A0RG-01	0	final_logit	rna	1	PDLIM3	0.34872350096702576	-1.6914689540863037	-1.4037891626358032
TCGA-B6-A0RG-01	0	final_logit	rna	2	BHLHE40	-0.2754409909248352	3.0749144554138184	-1.4037891626358032
TCGA-B6-A0RG-01	0	final_logit	rna	3	FOXC1	0.26814302802085876	-1.2302911281585693	-1.4037891626358032
TCGA-B6-A0RG-01	0	final_logit	rna	4	CDC14B	0.22783468663692474	-2.1777920722961426	-1.4037891626358032
TCGA-B6-A0RG-01	0	final_logit	rna	5	KCNK5	-0.2181074023246765	1.683148980140686	-1.4037891626358032
TCGA-B6-A0RG-01	0	final_logit	rna	6	CYP26A1	-0.2158830761909485	2.096223831176758	-1.4037891626358032
TCGA-B6-A0RG-01	0	final_logit	rna	7	BCL2	-0.18573136627674103	1.188284993171692	-1.4037891626358032
TCGA-B6-A0RG-01	0	final_logit	rna	8	FASN	0.18467649817466736	1.6117756366729736	-1.4037891626358032
TCGA-B6-A0RG-01	0	final_logit	rna	9	BLVRB	0.16884511709213257	1.584036946296692	-1.4037891626358032
TCGA-B6-A0RG-01	0	final_logit	rna	10	THSD4	-0.15481631457805634	1.5186028480529785	-1.4037891626358032
TCGA-B6-A0RG-01	0	final_logit	meth	1	cg06539449	-0.24382345378398895	-2.1712989807128906	-1.4037891626358032
TCGA-B6-A0RG-01	0	final_logit	meth	2	cg14042099	0.19158202409744263	1.4502328634262085	-1.4037891626358032
TCGA-B6-A0RG-01	0	final_logit	meth	3	cg24724428	0.177922323346138	-1.2576932907104492	-1.4037891626358032
TCGA-B6-A0RG-01	0	final_logit	meth	4	cg06665913	0.16397128999233246	-2.1427829265594482	-1.4037891626358032
TCGA-B6-A0RG-01	0	final_logit	meth	5	cg26089753	0.1599240005016327	-1.2704511880874634	-1.4037891626358032
TCGA-B6-A0RG-01	0	final_logit	meth	6	cg03345116	-0.1433790773153305	1.0394750833511353	-1.4037891626358032
TCGA-B6-A0RG-01	0	final_logit	meth	7	cg15543523	0.14141960442066193	-1.5519816875457764	-1.4037891626358032
TCGA-B6-A0RG-01	0	final_logit	meth	8	cg15012484	-0.1348426342010498	-1.4446895122528076	-1.4037891626358032
TCGA-B6-A0RG-01	0	final_logit	meth	9	cg06875707	-0.12321974337100983	-1.5828453302383423	-1.4037891626358032
TCGA-B6-A0RG-01	0	final_logit	meth	10	cg10342963	0.12040399014949799	1.2274752855300903	-1.4037891626358032
TCGA-B6-A0RL-01	1	final_logit	rna	1	PDLIM3	0.40931448340415955	-4.509322643280029	1.6261900663375854
TCGA-B6-A0RL-01	1	final_logit	rna	2	DLC1	0.27881214022636414	-5.424554347991943	1.6261900663375854
TCGA-B6-A0RL-01	1	final_logit	rna	3	NBL1	0.1675347238779068	-3.883354902267456	1.6261900663375854
TCGA-B6-A0RL-01	1	final_logit	rna	4	CDC14B	0.13007482886314392	-2.252119779586792	1.6261900663375854
TCGA-B6-A0RL-01	1	final_logit	rna	5	SGK1	0.11938556283712387	-3.370861053466797	1.6261900663375854
TCGA-B6-A0RL-01	1	final_logit	rna	6	SLC24A3	0.11372377723455429	-4.237973213195801	1.6261900663375854
TCGA-B6-A0RL-01	1	final_logit	rna	7	FOXC1	0.1131797581911087	-1.2822707891464233	1.6261900663375854
TCGA-B6-A0RL-01	1	final_logit	rna	8	STC2	-0.10717279464006424	2.010725975036621	1.6261900663375854
TCGA-B6-A0RL-01	1	final_logit	rna	9	PODXL	0.09416216611862183	-2.5010716915130615	1.6261900663375854
TCGA-B6-A0RL-01	1	final_logit	rna	10	KRT15	-0.09343874454498291	1.1448583602905273	1.6261900663375854
TCGA-B6-A0RL-01	1	final_logit	meth	1	cg14042099	0.07026683539152145	1.7438262701034546	1.6261900663375854
TCGA-B6-A0RL-01	1	final_logit	meth	2	cg00803088	0.06382228434085846	2.4094905853271484	1.6261900663375854
TCGA-B6-A0RL-01	1	final_logit	meth	3	cg26089753	0.06188274174928665	-1.8233962059020996	1.6261900663375854
TCGA-B6-A0RL-01	1	final_logit	meth	4	cg24724428	-0.06052076071500778	2.317013740539551	1.6261900663375854
TCGA-B6-A0RL-01	1	final_logit	meth	5	cg10566121	0.05061878263950348	3.015939950942993	1.6261900663375854
TCGA-B6-A0RL-01	1	final_logit	meth	6	cg10342963	-0.04376226291060448	-1.3155086040496826	1.6261900663375854
TCGA-B6-A0RL-01	1	final_logit	meth	7	cg05226008	-0.043751005083322525	2.3035261631011963	1.6261900663375854
TCGA-B6-A0RL-01	1	final_logit	meth	8	cg25744613	0.04261267930269241	1.4376369714736938	1.6261900663375854
TCGA-B6-A0RL-01	1	final_logit	meth	9	cg15543523	0.04250451177358627	-1.782227873802185	1.6261900663375854
TCGA-B6-A0RL-01	1	final_logit	meth	10	cg09662034	-0.04132510721683502	2.0050339698791504	1.6261900663375854
TCGA-B6-A0RN-01	0	final_logit	rna	1	RHOBTB3	0.009140055626630783	-1.4176768064498901	-1.991409420967102
TCGA-B6-A0RN-01	0	final_logit	rna	2	AKAP1	-0.008005265146493912	-1.099700689315796	-1.991409420967102
TCGA-B6-A0RN-01	0	final_logit	rna	3	CKB	-0.007579582277685404	-0.7617409825325012	-1.991409420967102
TCGA-B6-A0RN-01	0	final_logit	rna	4	CYP26A1	0.0068952166475355625	1.2211194038391113	-1.991409420967102
TCGA-B6-A0RN-01	0	final_logit	rna	5	SLC7A5	-0.006412091199308634	-1.4298582077026367	-1.991409420967102
TCGA-B6-A0RN-01	0	final_logit	rna	6	RET	0.00567665696144104	-0.8777930736541748	-1.991409420967102
TCGA-B6-A0RN-01	0	final_logit	rna	7	ANXA9	0.005584218073636293	0.7184930443763733	-1.991409420967102
TCGA-B6-A0RN-01	0	final_logit	rna	8	KCNK5	-0.004818772431463003	-1.2910189628601074	-1.991409420967102
TCGA-B6-A0RN-01	0	final_logit	rna	9	IGFBP4	0.004551853518933058	0.7964454293251038	-1.991409420967102
TCGA-B6-A0RN-01	0	final_logit	rna	10	UGCG	0.004537530243396759	1.7956494092941284	-1.991409420967102
TCGA-B6-A0RN-01	0	final_logit	meth	1	cg09451427	0.015886902809143066	1.7045339345932007	-1.991409420967102
TCGA-B6-A0RN-01	0	final_logit	meth	2	cg23057597	-0.015613176859915257	-1.3666232824325562	-1.991409420967102
TCGA-B6-A0RN-01	0	final_logit	meth	3	cg20087413	-0.014908618293702602	-1.2540098428726196	-1.991409420967102
TCGA-B6-A0RN-01	0	final_logit	meth	4	cg09646983	-0.014832976274192333	1.1974292993545532	-1.991409420967102
TCGA-B6-A0RN-01	0	final_logit	meth	5	cg25339073	0.012764829210937023	1.655840516090393	-1.991409420967102
TCGA-B6-A0RN-01	0	final_logit	meth	6	cg27449507	-0.012428384274244308	1.6366430521011353	-1.991409420967102
TCGA-B6-A0RN-01	0	final_logit	meth	7	cg13181974	-0.011314097791910172	1.4541122913360596	-1.991409420967102
TCGA-B6-A0RN-01	0	final_logit	meth	8	cg01321962	-0.01124732755124569	0.9447526931762695	-1.991409420967102
TCGA-B6-A0RN-01	0	final_logit	meth	9	cg22731981	0.01029862929135561	-0.9609550833702087	-1.991409420967102
TCGA-B6-A0RN-01	0	final_logit	meth	10	cg16650717	-0.009740957990288734	1.6233694553375244	-1.991409420967102
TCGA-B6-A0X7-01	0	final_logit	rna	1	TIPARP	0.004858075175434351	-2.141047954559326	-1.9836293458938599
TCGA-B6-A0X7-01	0	final_logit	rna	2	TSPAN1	-0.004636760801076889	-1.9422529935836792	-1.9836293458938599
TCGA-B6-A0X7-01	0	final_logit	rna	3	SLC7A5	-0.0044525181874632835	-1.4416890144348145	-1.9836293458938599
TCGA-B6-A0X7-01	0	final_logit	rna	4	RET	0.004156526178121567	-1.9889655113220215	-1.9836293458938599
TCGA-B6-A0X7-01	0	final_logit	rna	5	SLC39A6	0.004068632144480944	-0.9530135989189148	-1.9836293458938599
TCGA-B6-A0X7-01	0	final_logit	rna	6	BCL2	-0.0036300865467637777	0.8518224954605103	-1.9836293458938599
TCGA-B6-A0X7-01	0	final_logit	rna	7	SGK1	0.0036126025952398777	-1.2904365062713623	-1.9836293458938599
TCGA-B6-A0X7-01	0	final_logit	rna	8	CD44	-0.0036084402818232775	1.520451545715332	-1.9836293458938599
TCGA-B6-A0X7-01	0	final_logit	rna	9	GLA	0.003504478372633457	-0.8846201300621033	-1.9836293458938599
TCGA-B6-A0X7-01	0	final_logit	rna	10	UGDH	-0.003411696059629321	-1.4225034713745117	-1.9836293458938599
TCGA-B6-A0X7-01	0	final_logit	meth	1	cg26325335	0.00913110189139843	-1.2858147621154785	-1.9836293458938599
TCGA-B6-A0X7-01	0	final_logit	meth	2	cg24724428	-0.008171163499355316	-1.1761218309402466	-1.9836293458938599
TCGA-B6-A0X7-01	0	final_logit	meth	3	cg12044685	-0.005976872052997351	1.3175042867660522	-1.9836293458938599
TCGA-B6-A0X7-01	0	final_logit	meth	4	cg03672342	-0.0056573618203401566	1.4510577917099	-1.9836293458938599
TCGA-B6-A0X7-01	0	final_logit	meth	5	cg18668813	0.005624217446893454	1.4768668413162231	-1.9836293458938599
TCGA-B6-A0X7-01	0	final_logit	meth	6	cg25134328	0.005613452289253473	1.1208369731903076	-1.9836293458938599
TCGA-B6-A0X7-01	0	final_logit	meth	7	cg08169949	-0.005456513725221157	-1.0136041641235352	-1.9836293458938599
TCGA-B6-A0X7-01	0	final_logit	meth	8	cg22731981	-0.005201883148401976	1.1154125928878784	-1.9836293458938599
TCGA-B6-A0X7-01	0	final_logit	meth	9	cg01984743	-0.004724312108010054	-1.2414733171463013	-1.9836293458938599
TCGA-B6-A0X7-01	0	final_logit	meth	10	cg16236270	-0.0044070398434996605	0.7212268710136414	-1.9836293458938599
TCGA-B6-A2IU-01	0	final_logit	rna	1	SLC12A2	0.06460195034742355	-1.8670226335525513	-1.952445387840271
TCGA-B6-A2IU-01	0	final_logit	rna	2	IFRD1	-0.05228865519165993	-1.3659672737121582	-1.952445387840271
TCGA-B6-A2IU-01	0	final_logit	rna	3	SLC7A1	0.050278522074222565	-3.3446786403656006	-1.952445387840271
TCGA-B6-A2IU-01	0	final_logit	rna	4	TXNL4A	-0.049931593239307404	-2.5265657901763916	-1.952445387840271
TCGA-B6-A2IU-01	0	final_logit	rna	5	PTTG3P	-0.037949610501527786	-1.558669924736023	-1.952445387840271
TCGA-B6-A2IU-01	0	final_logit	rna	6	XPOT	-0.03780852630734444	-2.118797540664673	-1.952445387840271
TCGA-B6-A2IU-01	0	final_logit	rna	7	POLA2	0.035149946808815	1.0936291217803955	-1.952445387840271
TCGA-B6-A2IU-01	0	final_logit	rna	8	CKS2	0.03387942165136337	1.5756694078445435	-1.952445387840271
TCGA-B6-A2IU-01	0	final_logit	rna	9	ASF1A	-0.032785702496767044	-2.3852427005767822	-1.952445387840271
TCGA-B6-A2IU-01	0	final_logit	rna	10	TLE3	-0.03232046216726303	1.4414680004119873	-1.952445387840271
TCGA-B6-A2IU-01	0	final_logit	meth	1	cg14660676	-0.03188365325331688	1.633035659790039	-1.952445387840271
TCGA-B6-A2IU-01	0	final_logit	meth	2	cg23843505	0.02234935760498047	-1.32993745803833	-1.952445387840271
TCGA-B6-A2IU-01	0	final_logit	meth	3	cg05703053	0.021887758746743202	1.512162208557129	-1.952445387840271
TCGA-B6-A2IU-01	0	final_logit	meth	4	cg01252526	0.02075650356709957	-1.1920080184936523	-1.952445387840271
TCGA-B6-A2IU-01	0	final_logit	meth	5	cg05638439	0.019825132563710213	-1.2247415781021118	-1.952445387840271
TCGA-B6-A2IU-01	0	final_logit	meth	6	cg08479476	-0.019494345411658287	1.1660029888153076	-1.952445387840271
TCGA-B6-A2IU-01	0	final_logit	meth	7	cg06539449	-0.0186538677662611	0.9575517177581787	-1.952445387840271
TCGA-B6-A2IU-01	0	final_logit	meth	8	cg08810842	0.018222836777567863	1.3385367393493652	-1.952445387840271
TCGA-B6-A2IU-01	0	final_logit	meth	9	cg18668813	-0.01769709587097168	0.9251909852027893	-1.952445387840271
TCGA-B6-A2IU-01	0	final_logit	meth	10	cg10990993	-0.01603621244430542	1.3561885356903076	-1.952445387840271
TCGA-BH-A0BZ-01	1	final_logit	rna	1	BCL2	0.2562914490699768	-1.8049094676971436	1.5552088022232056
TCGA-BH-A0BZ-01	1	final_logit	rna	2	KCNK15	-0.23085147142410278	1.950650930404663	1.5552088022232056
TCGA-BH-A0BZ-01	1	final_logit	rna	3	STC2	0.18760007619857788	-2.2879364490509033	1.5552088022232056
TCGA-BH-A0BZ-01	1	final_logit	rna	4	AKAP1	-0.1684861034154892	-1.6865899562835693	1.5552088022232056
TCGA-BH-A0BZ-01	1	final_logit	rna	5	ZBTB16	0.1538940966129303	-1.1967356204986572	1.5552088022232056
TCGA-BH-A0BZ-01	1	final_logit	rna	6	AHNAK	0.1508883386850357	-1.2183756828308105	1.5552088022232056
TCGA-BH-A0BZ-01	1	final_logit	rna	7	THSD4	0.1284252554178238	-1.7926056385040283	1.5552088022232056
TCGA-BH-A0BZ-01	1	final_logit	rna	8	KRT15	0.12771014869213104	-0.8032692074775696	1.5552088022232056
TCGA-BH-A0BZ-01	1	final_logit	rna	9	FARP1	0.12671473622322083	-1.2727513313293457	1.5552088022232056
TCGA-BH-A0BZ-01	1	final_logit	rna	10	S100A1	0.1243375614285469	-1.5227115154266357	1.5552088022232056
TCGA-BH-A0BZ-01	1	final_logit	meth	1	cg14042099	0.13592113554477692	1.7395589351654053	1.5552088022232056
TCGA-BH-A0BZ-01	1	final_logit	meth	2	cg26089753	-0.09695199131965637	1.5497006177902222	1.5552088022232056
TCGA-BH-A0BZ-01	1	final_logit	meth	3	cg01738022	0.08710025250911713	-1.866439700126648	1.5552088022232056
TCGA-BH-A0BZ-01	1	final_logit	meth	4	cg10342963	0.08693084120750427	1.3200030326843262	1.5552088022232056
TCGA-BH-A0BZ-01	1	final_logit	meth	5	cg15543523	-0.08159753680229187	1.5684493780136108	1.5552088022232056
TCGA-BH-A0BZ-01	1	final_logit	meth	6	cg13456086	-0.06340201944112778	1.3461307287216187	1.5552088022232056
TCGA-BH-A0BZ-01	1	final_logit	meth	7	cg03345116	-0.05252498388290405	1.124220609664917	1.5552088022232056
TCGA-BH-A0BZ-01	1	final_logit	meth	8	cg23824801	0.0509168840944767	1.5064295530319214	1.5552088022232056
TCGA-BH-A0BZ-01	1	final_logit	meth	9	cg00651400	-0.050065647810697556	1.2578827142715454	1.5552088022232056
TCGA-BH-A0BZ-01	1	final_logit	meth	10	cg01321962	-0.04932156205177307	1.114251971244812	1.5552088022232056
TCGA-BH-A0DI-01	0	final_logit	rna	1	FLNB	0.005523575935512781	-2.269376754760742	-1.9852203130722046
TCGA-BH-A0DI-01	0	final_logit	rna	2	ABAT	0.005344973411411047	-1.7876538038253784	-1.9852203130722046
TCGA-BH-A0DI-01	0	final_logit	rna	3	SGK1	-0.00530784297734499	1.4097992181777954	-1.9852203130722046
TCGA-BH-A0DI-01	0	final_logit	rna	4	PDZK1	0.005124893970787525	-1.1507328748703003	-1.9852203130722046
TCGA-BH-A0DI-01	0	final_logit	rna	5	ALCAM	0.004900662694126368	2.491032838821411	-1.9852203130722046
TCGA-BH-A0DI-01	0	final_logit	rna	6	FKBP4	-0.004272629972547293	-1.4483304023742676	-1.9852203130722046
TCGA-BH-A0DI-01	0	final_logit	rna	7	TFF1	0.0038135016802698374	-1.1060059070587158	-1.9852203130722046
TCGA-BH-A0DI-01	0	final_logit	rna	8	BAG1	0.0037893850822001696	-1.3878881931304932	-1.9852203130722046
TCGA-BH-A0DI-01	0	final_logit	rna	9	PDLIM3	-0.003694879123941064	1.3554620742797852	-1.9852203130722046
TCGA-BH-A0DI-01	0	final_logit	rna	10	TRA2B	-0.0035396465100347996	-2.797966480255127	-1.9852203130722046
TCGA-BH-A0DI-01	0	final_logit	meth	1	cg02103401	-0.010684432461857796	-1.3560457229614258	-1.9852203130722046
TCGA-BH-A0DI-01	0	final_logit	meth	2	cg23057597	0.00856852252036333	0.7826663255691528	-1.9852203130722046
TCGA-BH-A0DI-01	0	final_logit	meth	3	cg03672342	-0.008253189735114574	1.3911877870559692	-1.9852203130722046
TCGA-BH-A0DI-01	0	final_logit	meth	4	cg05638439	0.008039327338337898	-0.7473924160003662	-1.9852203130722046
TCGA-BH-A0DI-01	0	final_logit	meth	5	cg15543523	-0.007551950868219137	0.9014834761619568	-1.9852203130722046
TCGA-BH-A0DI-01	0	final_logit	meth	6	cg16898193	0.007300693541765213	1.1964292526245117	-1.9852203130722046
TCGA-BH-A0DI-01	0	final_logit	meth	7	cg15742848	-0.006940843537449837	0.9579171538352966	-1.9852203130722046
TCGA-BH-A0DI-01	0	final_logit	meth	8	cg19244428	-0.006379447877407074	1.4737775325775146	-1.9852203130722046
TCGA-BH-A0DI-01	0	final_logit	meth	9	cg10716835	0.006336626131087542	-0.6633086800575256	-1.9852203130722046
TCGA-BH-A0DI-01	0	final_logit	meth	10	cg01984743	0.0058159418404102325	0.8757316470146179	-1.9852203130722046
TCGA-BH-A0E2-01	0	final_logit	rna	1	CDK4	-0.2496451437473297	4.0149993896484375	-1.5294618606567383
TCGA-BH-A0E2-01	0	final_logit	rna	2	RPS5	-0.1702514886856079	2.0094316005706787	-1.5294618606567383
TCGA-BH-A0E2-01	0	final_logit	rna	3	CDKN3	0.1507524698972702	2.1661453247070312	-1.5294618606567383
TCGA-BH-A0E2-01	0	final_logit	rna	4	PAN2	-0.14025454223155975	-1.9097422361373901	-1.5294618606567383
TCGA-BH-A0E2-01	0	final_logit	rna	5	CKS2	0.13072320818901062	1.841303825378418	-1.5294618606567383
TCGA-BH-A0E2-01	0	final_logit	rna	6	ZW10	-0.13066880404949188	-1.0284091234207153	-1.5294618606567383
TCGA-BH-A0E2-01	0	final_logit	rna	7	POLE	-0.1285269409418106	-1.8693983554840088	-1.5294618606567383
TCGA-BH-A0E2-01	0	final_logit	rna	8	CUL4A	-0.1250443458557129	2.5592687129974365	-1.5294618606567383
TCGA-BH-A0E2-01	0	final_logit	rna	9	SHMT1	-0.12191329896450043	-1.7754818201065063	-1.5294618606567383
TCGA-BH-A0E2-01	0	final_logit	rna	10	ATAD2	0.11976892501115799	0.9106835722923279	-1.5294618606567383
TCGA-BH-A0E2-01	0	final_logit	meth	1	cg16236270	-0.2865602672100067	-1.9382134675979614	-1.5294618606567383
TCGA-BH-A0E2-01	0	final_logit	meth	2	cg08479476	-0.14836961030960083	1.4377429485321045	-1.5294618606567383
TCGA-BH-A0E2-01	0	final_logit	meth	3	cg14660676	0.14372025430202484	-1.5441142320632935	-1.5294618606567383
TCGA-BH-A0E2-01	0	final_logit	meth	4	cg05923595	-0.1293594241142273	-1.484269380569458	-1.5294618606567383
TCGA-BH-A0E2-01	0	final_logit	meth	5	cg24800655	0.10701370239257812	1.4036058187484741	-1.5294618606567383
TCGA-BH-A0E2-01	0	final_logit	meth	6	cg17642369	0.09843180328607559	-1.5430784225463867	-1.5294618606567383
TCGA-BH-A0E2-01	0	final_logit	meth	7	cg09662034	-0.09649249166250229	1.7143813371658325	-1.5294618606567383
TCGA-BH-A0E2-01	0	final_logit	meth	8	cg05226008	-0.09583046287298203	2.224510431289673	-1.5294618606567383
TCGA-BH-A0E2-01	0	final_logit	meth	9	cg03287339	0.0950574204325676	-0.9747514128684998	-1.5294618606567383
TCGA-BH-A0E2-01	0	final_logit	meth	10	cg26203572	0.09165836125612259	1.2281070947647095	-1.5294618606567383
TCGA-BH-A0GY-01	0	final_logit	rna	1	TOP1	-0.4532047510147095	5.368486404418945	-1.12801992893219
TCGA-BH-A0GY-01	0	final_logit	rna	2	ZW10	0.32992908358573914	2.940723180770874	-1.12801992893219
TCGA-BH-A0GY-01	0	final_logit	rna	3	SERBP1	-0.30746427178382874	3.445566415786743	-1.12801992893219
TCGA-BH-A0GY-01	0	final_logit	rna	4	ATAD2	0.23768246173858643	1.7343454360961914	-1.12801992893219
TCGA-BH-A0GY-01	0	final_logit	rna	5	NBN	0.22920842468738556	2.7509796619415283	-1.12801992893219
TCGA-BH-A0GY-01	0	final_logit	rna	6	TUBB2B	-0.22033369541168213	1.4109632968902588	-1.12801992893219
TCGA-BH-A0GY-01	0	final_logit	rna	7	KCNK5	-0.21597455441951752	2.1583447456359863	-1.12801992893219
TCGA-BH-A0GY-01	0	final_logit	rna	8	DSCC1	0.2139848917722702	1.6144800186157227	-1.12801992893219
TCGA-BH-A0GY-01	0	final_logit	rna	9	BCL2	0.20954202115535736	-2.028073787689209	-1.12801992893219
TCGA-BH-A0GY-01	0	final_logit	rna	10	NCL	-0.19945484399795532	2.353954553604126	-1.12801992893219
TCGA-BH-A0GY-01	0	final_logit	meth	1	cg03287339	-0.26059490442276	1.6552144289016724	-1.12801992893219
TCGA-BH-A0GY-01	0	final_logit	meth	2	cg06665913	0.19776038825511932	-1.7356938123703003	-1.12801992893219
TCGA-BH-A0GY-01	0	final_logit	meth	3	cg14660676	0.1840183585882187	-1.6238787174224854	-1.12801992893219
TCGA-BH-A0GY-01	0	final_logit	meth	4	cg04284140	0.16319780051708221	-1.5536733865737915	-1.12801992893219
TCGA-BH-A0GY-01	0	final_logit	meth	5	cg15902390	-0.14959195256233215	0.8557575345039368	-1.12801992893219
TCGA-BH-A0GY-01	0	final_logit	meth	6	cg24800655	0.12665234506130219	0.9798216223716736	-1.12801992893219
TCGA-BH-A0GY-01	0	final_logit	meth	7	cg05703053	-0.1230931431055069	-0.994537353515625	-1.12801992893219
TCGA-BH-A0GY-01	0	final_logit	meth	8	cg26605683	-0.12061037868261337	-1.1529574394226074	-1.12801992893219
TCGA-BH-A0GY-01	0	final_logit	meth	9	cg07809589	0.12036644667387009	-1.5301343202590942	-1.12801992893219
TCGA-BH-A0GY-01	0	final_logit	meth	10	cg06741896	-0.11951765418052673	1.4207873344421387	-1.12801992893219
TCGA-BH-A0HB-01	0	final_logit	rna	1	BCL2	-0.3339453339576721	1.0765223503112793	-1.1493524312973022
TCGA-BH-A0HB-01	0	final_logit	rna	2	BATF	-0.30966246128082275	1.3796061277389526	-1.1493524312973022
TCGA-BH-A0HB-01	0	final_logit	rna	3	CASP8AP2	-0.30043408274650574	-2.8791375160217285	-1.1493524312973022
TCGA-BH-A0HB-01	0	final_logit	rna	4	ZBTB16	0.2863966226577759	-1.4173747301101685	-1.1493524312973022
TCGA-BH-A0HB-01	0	final_logit	rna	5	KCNK15	-0.26871609687805176	1.6039482355117798	-1.1493524312973022
TCGA-BH-A0HB-01	0	final_logit	rna	6	FOS	0.2680327594280243	-1.1217769384384155	-1.1493524312973022
TCGA-BH-A0HB-01	0	final_logit	rna	7	UNC119	0.26225242018699646	3.394151449203491	-1.1493524312973022
TCGA-BH-A0HB-01	0	final_logit	rna	8	EXOSC7	-0.2594887614250183	2.575413703918457	-1.1493524312973022
TCGA-BH-A0HB-01	0	final_logit	rna	9	KRT15	-0.2541798949241638	0.960637629032135	-1.1493524312973022
TCGA-BH-A0HB-01	0	final_logit	rna	10	PCBP1	-0.2236935794353485	3.8268191814422607	-1.1493524312973022
TCGA-BH-A0HB-01	0	final_logit	meth	1	cg00773370	-0.23833371698856354	1.6006488800048828	-1.1493524312973022
TCGA-BH-A0HB-01	0	final_logit	meth	2	cg14042099	0.22184114158153534	1.2133948802947998	-1.1493524312973022
TCGA-BH-A0HB-01	0	final_logit	meth	3	cg09662034	-0.20874767005443573	1.3968992233276367	-1.1493524312973022
TCGA-BH-A0HB-01	0	final_logit	meth	4	cg26203572	0.19202196598052979	2.039280414581299	-1.1493524312973022
TCGA-BH-A0HB-01	0	final_logit	meth	5	cg27449507	0.17465442419052124	1.0740509033203125	-1.1493524312973022
TCGA-BH-A0HB-01	0	final_logit	meth	6	cg23824801	0.1671159863471985	1.5079091787338257	-1.1493524312973022
TCGA-BH-A0HB-01	0	final_logit	meth	7	cg00651400	0.16620638966560364	-1.3163011074066162	-1.1493524312973022
TCGA-BH-A0HB-01	0	final_logit	meth	8	cg14660676	0.15862350165843964	-1.0923947095870972	-1.1493524312973022
TCGA-BH-A0HB-01	0	final_logit	meth	9	cg09451427	-0.15633799135684967	1.8632240295410156	-1.1493524312973022
TCGA-BH-A0HB-01	0	final_logit	meth	10	cg26325335	-0.1480284035205841	-1.3870619535446167	-1.1493524312973022
TCGA-BH-A0HF-01	0	final_logit	rna	1	KRT13	0.014315588399767876	4.942408561706543	-1.9620100259780884
TCGA-BH-A0HF-01	0	final_logit	rna	2	SGK1	-0.006069576367735863	1.4417940378189087	-1.9620100259780884
TCGA-BH-A0HF-01	0	final_logit	rna	3	SLC7A5	0.0058103143237531185	0.5782963037490845	-1.9620100259780884
TCGA-BH-A0HF-01	0	final_logit	rna	4	POLE4	0.005177390296012163	1.175094485282898	-1.9620100259780884
TCGA-BH-A0HF-01	0	final_logit	rna	5	SLC39A6	-0.004363625310361385	0.8862193822860718	-1.9620100259780884
TCGA-BH-A0HF-01	0	final_logit	rna	6	CENPE	-0.004335289355367422	-1.2549991607666016	-1.9620100259780884
TCGA-BH-A0HF-01	0	final_logit	rna	7	HDDC2	0.004323603119701147	1.0359231233596802	-1.9620100259780884
TCGA-BH-A0HF-01	0	final_logit	rna	8	EZR	0.003999130800366402	1.4572325944900513	-1.9620100259780884
TCGA-BH-A0HF-01	0	final_logit	rna	9	CCNF	-0.003941370639950037	-1.4507472515106201	-1.9620100259780884
TCGA-BH-A0HF-01	0	final_logit	rna	10	SYT12	-0.003831401001662016	1.128578543663025	-1.9620100259780884
TCGA-BH-A0HF-01	0	final_logit	meth	1	cg16236270	0.01180568989366293	-1.6362509727478027	-1.9620100259780884
TCGA-BH-A0HF-01	0	final_logit	meth	2	cg10304922	-0.010759703814983368	-1.269416093826294	-1.9620100259780884
TCGA-BH-A0HF-01	0	final_logit	meth	3	cg24607398	-0.010435296222567558	-1.1918857097625732	-1.9620100259780884
TCGA-BH-A0HF-01	0	final_logit	meth	4	cg06741896	0.007550765760242939	-0.6846143007278442	-1.9620100259780884
TCGA-BH-A0HF-01	0	final_logit	meth	5	cg25288140	0.007050506770610809	1.0417526960372925	-1.9620100259780884
TCGA-BH-A0HF-01	0	final_logit	meth	6	cg18668813	-0.0066367085091769695	-0.9259330630302429	-1.9620100259780884
TCGA-BH-A0HF-01	0	final_logit	meth	7	cg18456459	-0.006422969046980143	0.6826021075248718	-1.9620100259780884
TCGA-BH-A0HF-01	0	final_logit	meth	8	cg17642369	-0.006245412398129702	0.8130412697792053	-1.9620100259780884
TCGA-BH-A0HF-01	0	final_logit	meth	9	cg12044685	0.006033335346728563	-1.1461739540100098	-1.9620100259780884
TCGA-BH-A0HF-01	0	final_logit	meth	10	cg24800655	0.005963515490293503	-1.409659504890442	-1.9620100259780884
TCGA-BH-A0HX-01	0	final_logit	rna	1	MSMB	0.7654914855957031	3.2801506519317627	-0.9164832830429077
TCGA-BH-A0HX-01	0	final_logit	rna	2	KRT13	-0.49382373690605164	4.061293601989746	-0.9164832830429077
TCGA-BH-A0HX-01	0	final_logit	rna	3	KCNK15	-0.4500931203365326	1.2537562847137451	-0.9164832830429077
TCGA-BH-A0HX-01	0	final_logit	rna	4	NRIP1	0.4408312737941742	-3.1417510509490967	-0.9164832830429077
TCGA-BH-A0HX-01	0	final_logit	rna	5	PSMC6	0.4217565357685089	7.105048656463623	-0.9164832830429077
TCGA-BH-A0HX-01	0	final_logit	rna	6	S100A1	0.41196224093437195	-1.7410818338394165	-0.9164832830429077
TCGA-BH-A0HX-01	0	final_logit	rna	7	KRT15	-0.3975293040275574	1.0343941450119019	-0.9164832830429077
TCGA-BH-A0HX-01	0	final_logit	rna	8	DSCC1	0.3602154850959778	1.9194704294204712	-0.9164832830429077
TCGA-BH-A0HX-01	0	final_logit	rna	9	BCAS3	-0.3338230848312378	2.1010184288024902	-0.9164832830429077
TCGA-BH-A0HX-01	0	final_logit	rna	10	EGR3	0.32879677414894104	-0.7635956406593323	-0.9164832830429077
TCGA-BH-A0HX-01	0	final_logit	meth	1	cg14042099	0.49528127908706665	1.7792452573776245	-0.9164832830429077
TCGA-BH-A0HX-01	0	final_logit	meth	2	cg03672342	-0.35258975625038147	1.928760051727295	-0.9164832830429077
TCGA-BH-A0HX-01	0	final_logit	meth	3	cg00773370	-0.28526628017425537	1.6340593099594116	-0.9164832830429077
TCGA-BH-A0HX-01	0	final_logit	meth	4	cg03345116	-0.2775188386440277	1.1586222648620605	-0.9164832830429077
TCGA-BH-A0HX-01	0	final_logit	meth	5	cg01738022	0.24870605766773224	-1.6245310306549072	-0.9164832830429077
TCGA-BH-A0HX-01	0	final_logit	meth	6	cg00799539	-0.24543389678001404	1.6092673540115356	-0.9164832830429077
TCGA-BH-A0HX-01	0	final_logit	meth	7	cg17538572	0.23212343454360962	0.9556052684783936	-0.9164832830429077
TCGA-BH-A0HX-01	0	final_logit	meth	8	cg26605683	-0.2151816487312317	-1.2298823595046997	-0.9164832830429077
TCGA-BH-A0HX-01	0	final_logit	meth	9	cg24724428	0.21482807397842407	-1.1960268020629883	-0.9164832830429077
TCGA-BH-A0HX-01	0	final_logit	meth	10	cg09662034	0.2088082730770111	-0.9495618939399719	-0.9164832830429077
TCGA-BH-A0W3-01	1	final_logit	rna	1	FOXC1	1.3177037239074707	-2.0353550910949707	0.17314530909061432
TCGA-BH-A0W3-01	1	final_logit	rna	2	TUBB2B	1.0995261669158936	-1.4109838008880615	0.17314530909061432
TCGA-BH-A0W3-01	1	final_logit	rna	3	KCNK5	1.0302236080169678	-2.2698216438293457	0.17314530909061432
TCGA-BH-A0W3-01	1	final_logit	rna	4	DUSP4	-0.7925325632095337	1.4616416692733765	0.17314530909061432
TCGA-BH-A0W3-01	1	final_logit	rna	5	PSAT1	-0.7837601900100708	-2.966615915298462	0.17314530909061432
TCGA-BH-A0W3-01	1	final_logit	rna	6	DLC1	0.7412201762199402	-2.0486056804656982	0.17314530909061432
TCGA-BH-A0W3-01	1	final_logit	rna	7	SLC39A6	-0.581855297088623	2.0126640796661377	0.17314530909061432
TCGA-BH-A0W3-01	1	final_logit	rna	8	THSD4	-0.5408103466033936	1.3289483785629272	0.17314530909061432
TCGA-BH-A0W3-01	1	final_logit	rna	9	PDLIM3	-0.5132829546928406	0.7199468612670898	0.17314530909061432
TCGA-BH-A0W3-01	1	final_logit	rna	10	EFNA5	0.5064094066619873	-2.0915417671203613	0.17314530909061432
TCGA-BH-A0W3-01	1	final_logit	meth	1	cg15543523	0.47294893860816956	-1.6563187837600708	0.17314530909061432
TCGA-BH-A0W3-01	1	final_logit	meth	2	cg26089753	0.44932055473327637	-1.3078420162200928	0.17314530909061432
TCGA-BH-A0W3-01	1	final_logit	meth	3	cg03672342	-0.438510000705719	1.4581751823425293	0.17314530909061432
TCGA-BH-A0W3-01	1	final_logit	meth	4	cg14042099	-0.4285271167755127	-0.796525776386261	0.17314530909061432
TCGA-BH-A0W3-01	1	final_logit	meth	5	cg24724428	0.3888815641403198	-1.1979783773422241	0.17314530909061432
TCGA-BH-A0W3-01	1	final_logit	meth	6	cg01738022	-0.35321471095085144	1.3515992164611816	0.17314530909061432
TCGA-BH-A0W3-01	1	final_logit	meth	7	cg12044685	0.34648096561431885	-1.148759126663208	0.17314530909061432
TCGA-BH-A0W3-01	1	final_logit	meth	8	cg25744613	-0.33927831053733826	-0.9567142128944397	0.17314530909061432
TCGA-BH-A0W3-01	1	final_logit	meth	9	cg14058239	-0.30889615416526794	-1.6099932193756104	0.17314530909061432
TCGA-BH-A0W3-01	1	final_logit	meth	10	cg13181164	0.3061487674713135	1.9321843385696411	0.17314530909061432
TCGA-BH-A1EO-01	0	final_logit	rna	1	NBN	0.01206369698047638	3.013437271118164	-1.9876209497451782
TCGA-BH-A1EO-01	0	final_logit	rna	2	PDLIM3	0.010572978295385838	1.4992504119873047	-1.9876209497451782
TCGA-BH-A1EO-01	0	final_logit	rna	3	SYT12	0.01055102702230215	-2.93841814994812	-1.9876209497451782
TCGA-BH-A1EO-01	0	final_logit	rna	4	TGM2	-0.009984715841710567	3.0138845443725586	-1.9876209497451782
TCGA-BH-A1EO-01	0	final_logit	rna	5	TSPAN1	-0.009893963113427162	-1.2546793222427368	-1.9876209497451782
TCGA-BH-A1EO-01	0	final_logit	rna	6	TUBB2B	0.009483926929533482	1.5884543657302856	-1.9876209497451782
TCGA-BH-A1EO-01	0	final_logit	rna	7	EGR3	-0.009358883835375309	-0.7518505454063416	-1.9876209497451782
TCGA-BH-A1EO-01	0	final_logit	rna	8	WFDC2	-0.008390378206968307	-2.413870096206665	-1.9876209497451782
TCGA-BH-A1EO-01	0	final_logit	rna	9	FARP1	0.008363660424947739	1.3351582288742065	-1.9876209497451782
TCGA-BH-A1EO-01	0	final_logit	rna	10	RAB17	-0.007965737022459507	-0.9402428269386292	-1.9876209497451782
TCGA-BH-A1EO-01	0	final_logit	meth	1	cg10716835	-0.01181015558540821	1.3509089946746826	-1.9876209497451782
TCGA-BH-A1EO-01	0	final_logit	meth	2	cg10805850	0.010816128924489021	1.4566380977630615	-1.9876209497451782
TCGA-BH-A1EO-01	0	final_logit	meth	3	cg00517532	0.010798589326441288	1.3518619537353516	-1.9876209497451782
TCGA-BH-A1EO-01	0	final_logit	meth	4	cg12961607	0.010574273765087128	1.0401849746704102	-1.9876209497451782
TCGA-BH-A1EO-01	0	final_logit	meth	5	cg08169949	0.010192006826400757	1.404515027999878	-1.9876209497451782
TCGA-BH-A1EO-01	0	final_logit	meth	6	cg23057597	0.009266332723200321	1.592543601989746	-1.9876209497451782
TCGA-BH-A1EO-01	0	final_logit	meth	7	cg16650717	-0.009243004955351353	1.2395585775375366	-1.9876209497451782
TCGA-BH-A1EO-01	0	final_logit	meth	8	cg19757631	0.009164217859506607	1.5838587284088135	-1.9876209497451782
TCGA-BH-A1EO-01	0	final_logit	meth	9	cg00803088	0.00893723126500845	1.4224485158920288	-1.9876209497451782
TCGA-BH-A1EO-01	0	final_logit	meth	10	cg15742848	-0.008917422033846378	1.4784843921661377	-1.9876209497451782
TCGA-BH-A1EU-01	0	final_logit	rna	1	CLIC3	-0.0037708363961428404	-1.2287918329238892	-1.9733339548110962
TCGA-BH-A1EU-01	0	final_logit	rna	2	NME1	0.0033860423136502504	-2.1438398361206055	-1.9733339548110962
TCGA-BH-A1EU-01	0	final_logit	rna	3	BCL2	-0.0033563405741006136	1.2798094749450684	-1.9733339548110962
TCGA-BH-A1EU-01	0	final_logit	rna	4	DLC1	0.003335741814225912	0.9577714800834656	-1.9733339548110962
TCGA-BH-A1EU-01	0	final_logit	rna	5	TUBG1	-0.0032710961531847715	-1.849648356437683	-1.9733339548110962
TCGA-BH-A1EU-01	0	final_logit	rna	6	HDGF	0.0029426163528114557	-2.3378424644470215	-1.9733339548110962
TCGA-BH-A1EU-01	0	final_logit	rna	7	PRDX3	-0.002807047450914979	-1.4746259450912476	-1.9733339548110962
TCGA-BH-A1EU-01	0	final_logit	rna	8	AKAP1	-0.002777945017442107	-1.2265561819076538	-1.9733339548110962
TCGA-BH-A1EU-01	0	final_logit	rna	9	ESR1	0.0027671074494719505	1.1071702241897583	-1.9733339548110962
TCGA-BH-A1EU-01	0	final_logit	rna	10	RASGRP1	-0.002714810660108924	1.5773992538452148	-1.9733339548110962
TCGA-BH-A1EU-01	0	final_logit	meth	1	cg05923595	0.006798864342272282	-1.358944296836853	-1.9733339548110962
TCGA-BH-A1EU-01	0	final_logit	meth	2	cg10716835	0.006693817209452391	-1.1648112535476685	-1.9733339548110962
TCGA-BH-A1EU-01	0	final_logit	meth	3	cg18456459	0.006117937620729208	-1.351204514503479	-1.9733339548110962
TCGA-BH-A1EU-01	0	final_logit	meth	4	cg20402783	0.006084881257265806	-1.3834267854690552	-1.9733339548110962
TCGA-BH-A1EU-01	0	final_logit	meth	5	cg16898193	0.005944380536675453	1.0935300588607788	-1.9733339548110962
TCGA-BH-A1EU-01	0	final_logit	meth	6	cg10304922	-0.005313225090503693	-1.1274170875549316	-1.9733339548110962
TCGA-BH-A1EU-01	0	final_logit	meth	7	cg26487157	-0.005222725216299295	-1.1756291389465332	-1.9733339548110962
TCGA-BH-A1EU-01	0	final_logit	meth	8	cg22109530	-0.004727903753519058	-0.8488467335700989	-1.9733339548110962
TCGA-BH-A1EU-01	0	final_logit	meth	9	cg19244428	-0.004608963616192341	1.2614316940307617	-1.9733339548110962
TCGA-BH-A1EU-01	0	final_logit	meth	10	cg14042099	-0.004592249635607004	0.9449787139892578	-1.9733339548110962
TCGA-BH-A1F5-01	0	final_logit	rna	1	KRT15	-0.11610105633735657	1.771517038345337	-1.8926914930343628
TCGA-BH-A1F5-01	0	final_logit	rna	2	SLC22A5	0.09038503468036652	1.93462073802948	-1.8926914930343628
TCGA-BH-A1F5-01	0	final_logit	rna	3	RAB31	0.0876358151435852	2.3296725749969482	-1.8926914930343628
TCGA-BH-A1F5-01	0	final_logit	rna	4	BCL2	-0.08298515528440475	1.0702883005142212	-1.8926914930343628
TCGA-BH-A1F5-01	0	final_logit	rna	5	KRT13	-0.07094242423772812	5.07949686050415	-1.8926914930343628
TCGA-BH-A1F5-01	0	final_logit	rna	6	ALDH3A2	0.07029423862695694	1.9743571281433105	-1.8926914930343628
TCGA-BH-A1F5-01	0	final_logit	rna	7	RAB17	0.0694643035531044	-0.9038597941398621	-1.8926914930343628
TCGA-BH-A1F5-01	0	final_logit	rna	8	HSPB8	0.05881180241703987	1.814947247505188	-1.8926914930343628
TCGA-BH-A1F5-01	0	final_logit	rna	9	PDLIM3	0.052174996584653854	-0.7955073118209839	-1.8926914930343628
TCGA-BH-A1F5-01	0	final_logit	rna	10	NBL1	0.05026979371905327	-1.8358861207962036	-1.8926914930343628
TCGA-BH-A1F5-01	0	final_logit	meth	1	cg03345116	0.0620979480445385	-2.181694746017456	-1.8926914930343628
TCGA-BH-A1F5-01	0	final_logit	meth	2	cg06665913	0.05598027631640434	-1.7582865953445435	-1.8926914930343628
TCGA-BH-A1F5-01	0	final_logit	meth	3	cg13570656	-0.04419076070189476	-1.7570288181304932	-1.8926914930343628
TCGA-BH-A1F5-01	0	final_logit	meth	4	cg00651400	0.034355051815509796	-1.1566195487976074	-1.8926914930343628
TCGA-BH-A1F5-01	0	final_logit	meth	5	cg27449507	-0.03191294148564339	-1.2512116432189941	-1.8926914930343628
TCGA-BH-A1F5-01	0	final_logit	meth	6	cg15012484	-0.03063730150461197	-1.6533088684082031	-1.8926914930343628
TCGA-BH-A1F5-01	0	final_logit	meth	7	cg26708220	-0.025498727336525917	-2.0730507373809814	-1.8926914930343628
TCGA-BH-A1F5-01	0	final_logit	meth	8	cg06539449	-0.023657120764255524	-2.2903900146484375	-1.8926914930343628
TCGA-BH-A1F5-01	0	final_logit	meth	9	cg26605683	-0.023317944258451462	-1.453237771987915	-1.8926914930343628
TCGA-BH-A1F5-01	0	final_logit	meth	10	cg15732851	0.023132257163524628	-0.827354907989502	-1.8926914930343628
TCGA-BH-A1FD-01	1	final_logit	rna	1	TUBB2B	0.4557519853115082	-1.2685656547546387	1.5638946294784546
TCGA-BH-A1FD-01	1	final_logit	rna	2	RBBP8	0.4213971197605133	2.2117345333099365	1.5638946294784546
TCGA-BH-A1FD-01	1	final_logit	rna	3	AKAP1	-0.35026633739471436	-1.505071997642517	1.5638946294784546
TCGA-BH-A1FD-01	1	final_logit	rna	4	EGR3	-0.3025813698768616	0.9345933198928833	1.5638946294784546
TCGA-BH-A1FD-01	1	final_logit	rna	5	S100A1	-0.27262991666793823	1.7340905666351318	1.5638946294784546
TCGA-BH-A1FD-01	1	final_logit	rna	6	BCL2	0.2693570852279663	-0.9655609130859375	1.5638946294784546
TCGA-BH-A1FD-01	1	final_logit	rna	7	ABAT	-0.26428619027137756	1.2948615550994873	1.5638946294784546
TCGA-BH-A1FD-01	1	final_logit	rna	8	CALB2	0.24890154600143433	-1.992393970489502	1.5638946294784546
TCGA-BH-A1FD-01	1	final_logit	rna	9	DLC1	0.22739996016025543	-1.032468557357788	1.5638946294784546
TCGA-BH-A1FD-01	1	final_logit	rna	10	RAB17	-0.2234061062335968	0.6831543445587158	1.5638946294784546
TCGA-BH-A1FD-01	1	final_logit	meth	1	cg26089753	0.20382243394851685	-1.7926037311553955	1.5638946294784546
TCGA-BH-A1FD-01	1	final_logit	meth	2	cg01207684	-0.16089248657226562	-2.5307061672210693	1.5638946294784546
TCGA-BH-A1FD-01	1	final_logit	meth	3	cg15543523	0.1506824642419815	-1.7382036447525024	1.5638946294784546
TCGA-BH-A1FD-01	1	final_logit	meth	4	cg00803088	0.1489919126033783	1.652814269065857	1.5638946294784546
TCGA-BH-A1FD-01	1	final_logit	meth	5	cg00517532	0.1422954499721527	2.3441901206970215	1.5638946294784546
TCGA-BH-A1FD-01	1	final_logit	meth	6	cg05116002	-0.14173340797424316	-2.014561891555786	1.5638946294784546
TCGA-BH-A1FD-01	1	final_logit	meth	7	cg01321962	0.13059252500534058	-1.725827932357788	1.5638946294784546
TCGA-BH-A1FD-01	1	final_logit	meth	8	cg13570656	0.12657302618026733	1.3431438207626343	1.5638946294784546
TCGA-BH-A1FD-01	1	final_logit	meth	9	cg03672342	-0.12647031247615814	1.3581129312515259	1.5638946294784546
TCGA-BH-A1FD-01	1	final_logit	meth	10	cg20087413	-0.12144499272108078	1.381121039390564	1.5638946294784546
TCGA-BH-A1FR-01	0	final_logit	rna	1	P2RY2	0.015336514450609684	-1.8140512704849243	-1.9271641969680786
TCGA-BH-A1FR-01	0	final_logit	rna	2	KCNK15	-0.013501280918717384	1.4680581092834473	-1.9271641969680786
TCGA-BH-A1FR-01	0	final_logit	rna	3	TIPARP	-0.012335479259490967	-2.2316434383392334	-1.9271641969680786
TCGA-BH-A1FR-01	0	final_logit	rna	4	ZNF185	0.010681068524718285	-2.8905889987945557	-1.9271641969680786
TCGA-BH-A1FR-01	0	final_logit	rna	5	CALB2	0.010016614571213722	-1.3723235130310059	-1.9271641969680786
TCGA-BH-A1FR-01	0	final_logit	rna	6	ILF2	-0.009222250431776047	-1.3617571592330933	-1.9271641969680786
TCGA-BH-A1FR-01	0	final_logit	rna	7	PRDX3	0.008641422726213932	2.1343955993652344	-1.9271641969680786
TCGA-BH-A1FR-01	0	final_logit	rna	8	DUSP4	-0.008518768474459648	1.3314430713653564	-1.9271641969680786
TCGA-BH-A1FR-01	0	final_logit	rna	9	PDZK1	-0.008403471671044827	1.604314923286438	-1.9271641969680786
TCGA-BH-A1FR-01	0	final_logit	rna	10	DHRS2	-0.008083890192210674	-1.2382886409759521	-1.9271641969680786
TCGA-BH-A1FR-01	0	final_logit	meth	1	cg06741896	-0.019086439162492752	1.7390341758728027	-1.9271641969680786
TCGA-BH-A1FR-01	0	final_logit	meth	2	cg22730327	-0.01676131598651409	1.3468141555786133	-1.9271641969680786
TCGA-BH-A1FR-01	0	final_logit	meth	3	cg08907436	0.015400239266455173	-1.5245760679244995	-1.9271641969680786
TCGA-BH-A1FR-01	0	final_logit	meth	4	cg14042099	0.014342395588755608	1.827466368675232	-1.9271641969680786
TCGA-BH-A1FR-01	0	final_logit	meth	5	cg15012484	-0.01223145704716444	-1.7010042667388916	-1.9271641969680786
TCGA-BH-A1FR-01	0	final_logit	meth	6	cg19516279	0.01214630901813507	-1.9009358882904053	-1.9271641969680786
TCGA-BH-A1FR-01	0	final_logit	meth	7	cg23057597	0.011833672411739826	1.6695513725280762	-1.9271641969680786
TCGA-BH-A1FR-01	0	final_logit	meth	8	cg20393620	-0.011375978589057922	-1.4435760974884033	-1.9271641969680786
TCGA-BH-A1FR-01	0	final_logit	meth	9	cg06719445	-0.011152418330311775	-1.730406641960144	-1.9271641969680786
TCGA-BH-A1FR-01	0	final_logit	meth	10	cg22109530	0.010715602897107601	1.4527220726013184	-1.9271641969680786
TCGA-BH-A28Q-01	0	final_logit	rna	1	FASN	0.005385995842516422	1.7646379470825195	-1.9696444272994995
TCGA-BH-A28Q-01	0	final_logit	rna	2	FAM134B	0.004899127874523401	-1.4312222003936768	-1.9696444272994995
TCGA-BH-A28Q-01	0	final_logit	rna	3	TOB1	-0.004392198286950588	-1.1009204387664795	-1.9696444272994995
TCGA-BH-A28Q-01	0	final_logit	rna	4	CKB	-0.004385280888527632	-1.900538444519043	-1.9696444272994995
TCGA-BH-A28Q-01	0	final_logit	rna	5	AHCY	-0.004215662833303213	1.1865700483322144	-1.9696444272994995
TCGA-BH-A28Q-01	0	final_logit	rna	6	S100A1	0.004172195680439472	1.5801589488983154	-1.9696444272994995
TCGA-BH-A28Q-01	0	final_logit	rna	7	TGM2	-0.004150766413658857	1.1710697412490845	-1.9696444272994995
TCGA-BH-A28Q-01	0	final_logit	rna	8	CISH	0.0039060930721461773	1.2250105142593384	-1.9696444272994995
TCGA-BH-A28Q-01	0	final_logit	rna	9	FARP1	0.003754523117095232	1.079695701599121	-1.9696444272994995
TCGA-BH-A28Q-01	0	final_logit	rna	10	OPN3	0.003561538178473711	1.5682244300842285	-1.9696444272994995
TCGA-BH-A28Q-01	0	final_logit	meth	1	cg16927242	-0.009237648919224739	1.3934234380722046	-1.9696444272994995
TCGA-BH-A28Q-01	0	final_logit	meth	2	cg05670953	0.008480891585350037	2.349846601486206	-1.9696444272994995
TCGA-BH-A28Q-01	0	final_logit	meth	3	cg23057597	-0.00831436924636364	-1.0157630443572998	-1.9696444272994995
TCGA-BH-A28Q-01	0	final_logit	meth	4	cg25134328	-0.008103693835437298	-1.1367207765579224	-1.9696444272994995
TCGA-BH-A28Q-01	0	final_logit	meth	5	cg22730327	-0.007953879423439503	1.2822654247283936	-1.9696444272994995
TCGA-BH-A28Q-01	0	final_logit	meth	6	cg27449507	-0.007738120388239622	1.4247349500656128	-1.9696444272994995
TCGA-BH-A28Q-01	0	final_logit	meth	7	cg10716835	0.007505896966904402	-0.893129825592041	-1.9696444272994995
TCGA-BH-A28Q-01	0	final_logit	meth	8	cg21109167	-0.007033165078610182	2.303565263748169	-1.9696444272994995
TCGA-BH-A28Q-01	0	final_logit	meth	9	cg10304922	-0.006418661214411259	-1.0932005643844604	-1.9696444272994995
TCGA-BH-A28Q-01	0	final_logit	meth	10	cg09662034	0.006230178754776716	1.6025919914245605	-1.9696444272994995
TCGA-BH-A2L8-01	0	final_logit	rna	1	ESR1	-0.008749035187065601	-1.834629774093628	-1.959215521812439
TCGA-BH-A2L8-01	0	final_logit	rna	2	THSD4	0.008100376464426517	-2.3530728816986084	-1.959215521812439
TCGA-BH-A2L8-01	0	final_logit	rna	3	CA12	0.008014804683625698	-1.2390018701553345	-1.959215521812439
TCGA-BH-A2L8-01	0	final_logit	rna	4	SLC27A2	0.005792706273496151	0.8364855051040649	-1.959215521812439
TCGA-BH-A2L8-01	0	final_logit	rna	5	NPM1	-0.005635944195091724	1.6572840213775635	-1.959215521812439
TCGA-BH-A2L8-01	0	final_logit	rna	6	FAM134B	0.00493411673232913	-0.6316371560096741	-1.959215521812439
TCGA-BH-A2L8-01	0	final_logit	rna	7	RPL34	0.0046301595866680145	1.938929796218872	-1.959215521812439
TCGA-BH-A2L8-01	0	final_logit	rna	8	ETF1	-0.004553254693746567	1.2603459358215332	-1.959215521812439
TCGA-BH-A2L8-01	0	final_logit	rna	9	ODF2	-0.004334076773375273	2.401036500930786	-1.959215521812439
TCGA-BH-A2L8-01	0	final_logit	rna	10	FBL	0.00433362415060401	1.4249013662338257	-1.959215521812439
TCGA-BH-A2L8-01	0	final_logit	meth	1	cg07809589	0.0081991171464324	-1.1150110960006714	-1.959215521812439
TCGA-BH-A2L8-01	0	final_logit	meth	2	cg00651400	0.007785290479660034	-0.868270754814148	-1.959215521812439
TCGA-BH-A2L8-01	0	final_logit	meth	3	cg12961607	-0.00687307259067893	-1.6927058696746826	-1.959215521812439
TCGA-BH-A2L8-01	0	final_logit	meth	4	cg20393620	0.006733833812177181	-1.477094054222107	-1.959215521812439
TCGA-BH-A2L8-01	0	final_logit	meth	5	cg26325335	0.0060797822661697865	-0.7930504679679871	-1.959215521812439
TCGA-BH-A2L8-01	0	final_logit	meth	6	cg16927242	0.006072137504816055	-0.9488901495933533	-1.959215521812439
TCGA-BH-A2L8-01	0	final_logit	meth	7	cg14058239	-0.005891613662242889	1.2893468141555786	-1.959215521812439
TCGA-BH-A2L8-01	0	final_logit	meth	8	cg05670953	0.005794424097985029	1.140357255935669	-1.959215521812439
TCGA-BH-A2L8-01	0	final_logit	meth	9	cg01856529	-0.005783280823379755	0.6320231556892395	-1.959215521812439
TCGA-BH-A2L8-01	0	final_logit	meth	10	cg05638439	-0.005365524906665087	0.795516848564148	-1.959215521812439
TCGA-C8-A1HG-01	1	final_logit	rna	1	AHNAK	0.15901663899421692	-3.194807767868042	1.60893714427948
TCGA-C8-A1HG-01	1	final_logit	rna	2	S100A1	0.14231742918491364	-2.550172805786133	1.60893714427948
TCGA-C8-A1HG-01	1	final_logit	rna	3	TSPAN1	0.12839967012405396	-3.145336151123047	1.60893714427948
TCGA-C8-A1HG-01	1	final_logit	rna	4	BCL2	-0.12165037542581558	1.5490509271621704	1.60893714427948
TCGA-C8-A1HG-01	1	final_logit	rna	5	FOS	0.11209969967603683	-1.564237356185913	1.60893714427948
TCGA-C8-A1HG-01	1	final_logit	rna	6	FHL2	0.10946878045797348	-1.6521087884902954	1.60893714427948
TCGA-C8-A1HG-01	1	final_logit	rna	7	P2RY2	0.10539555549621582	-2.6337921619415283	1.60893714427948
TCGA-C8-A1HG-01	1	final_logit	rna	8	PDLIM3	0.10158121585845947	-1.0425580739974976	1.60893714427948
TCGA-C8-A1HG-01	1	final_logit	rna	9	THSD4	0.09138743579387665	-1.7598611116409302	1.60893714427948
TCGA-C8-A1HG-01	1	final_logit	rna	10	SLC7A5	0.09122027456760406	2.0429179668426514	1.60893714427948
TCGA-C8-A1HG-01	1	final_logit	meth	1	cg15732851	-0.04402947425842285	1.796507716178894	1.60893714427948
TCGA-C8-A1HG-01	1	final_logit	meth	2	cg10342963	-0.0367698036134243	-0.9377375841140747	1.60893714427948
TCGA-C8-A1HG-01	1	final_logit	meth	3	cg24724428	0.03294358775019646	-1.1121134757995605	1.60893714427948
TCGA-C8-A1HG-01	1	final_logit	meth	4	cg03345116	0.03212740272283554	-1.007843255996704	1.60893714427948
TCGA-C8-A1HG-01	1	final_logit	meth	5	cg05226008	0.03147020563483238	-1.1447330713272095	1.60893714427948
TCGA-C8-A1HG-01	1	final_logit	meth	6	cg15902390	0.028791824355721474	-2.1185872554779053	1.60893714427948
TCGA-C8-A1HG-01	1	final_logit	meth	7	cg00651400	0.025895623490214348	-1.2060747146606445	1.60893714427948
TCGA-C8-A1HG-01	1	final_logit	meth	8	cg14042099	0.02580196224153042	0.7678838968276978	1.60893714427948
TCGA-C8-A1HG-01	1	final_logit	meth	9	cg01738022	0.02536754496395588	-1.2909958362579346	1.60893714427948
TCGA-C8-A1HG-01	1	final_logit	meth	10	cg06197966	0.024645691737532616	1.1642464399337769	1.60893714427948
TCGA-C8-A26V-01	1	final_logit	rna	1	EGR3	1.442596197128296	-1.8279939889907837	0.8891180753707886
TCGA-C8-A26V-01	1	final_logit	rna	2	FOXC1	1.3221818208694458	-1.590619444847107	0.8891180753707886
TCGA-C8-A26V-01	1	final_logit	rna	3	RAB17	-1.136375069618225	1.2715332508087158	0.8891180753707886
TCGA-C8-A26V-01	1	final_logit	rna	4	RBBP8	1.1291207075119019	2.096590995788574	0.8891180753707886
TCGA-C8-A26V-01	1	final_logit	rna	5	FOS	1.1171363592147827	-2.0433835983276367	0.8891180753707886
TCGA-C8-A26V-01	1	final_logit	rna	6	S100A1	-0.9122200012207031	1.9211071729660034	0.8891180753707886
TCGA-C8-A26V-01	1	final_logit	rna	7	FHL2	-0.9121592044830322	2.010143756866455	0.8891180753707886
TCGA-C8-A26V-01	1	final_logit	rna	8	TUBB2B	0.8420273661613464	-0.9029976725578308	0.8891180753707886
TCGA-C8-A26V-01	1	final_logit	rna	9	MSMB	-0.7901549935340881	-1.4469053745269775	0.8891180753707886
TCGA-C8-A26V-01	1	final_logit	rna	10	ID2	-0.7648487687110901	1.6476682424545288	0.8891180753707886
TCGA-C8-A26V-01	1	final_logit	meth	1	cg14042099	-0.45387744903564453	-1.2177129983901978	0.8891180753707886
TCGA-C8-A26V-01	1	final_logit	meth	2	cg03345116	0.4264679253101349	-1.6086136102676392	0.8891180753707886
TCGA-C8-A26V-01	1	final_logit	meth	3	cg17538572	-0.36710113286972046	-1.3073984384536743	0.8891180753707886
TCGA-C8-A26V-01	1	final_logit	meth	4	cg01207684	-0.3443969488143921	-1.147730827331543	0.8891180753707886
TCGA-C8-A26V-01	1	final_logit	meth	5	cg10566121	0.3358347415924072	2.421579599380493	0.8891180753707886
TCGA-C8-A26V-01	1	final_logit	meth	6	cg00773370	0.30454933643341064	-1.2124212980270386	0.8891180753707886
TCGA-C8-A26V-01	1	final_logit	meth	7	cg10342963	0.2848098874092102	1.0715259313583374	0.8891180753707886
TCGA-C8-A26V-01	1	final_logit	meth	8	cg25134328	-0.2652598023414612	1.3697607517242432	0.8891180753707886
TCGA-C8-A26V-01	1	final_logit	meth	9	cg05116002	0.26200875639915466	0.9287601113319397	0.8891180753707886
TCGA-C8-A26V-01	1	final_logit	meth	10	cg01321962	-0.2618866264820099	0.9981566667556763	0.8891180753707886
TCGA-C8-A26Z-01	0	final_logit	rna	1	CYP26B1	0.5308030843734741	-1.9430848360061646	-0.7147515416145325
TCGA-C8-A26Z-01	0	final_logit	rna	2	FOXC1	0.47389593720436096	-0.9353904724121094	-0.7147515416145325
TCGA-C8-A26Z-01	0	final_logit	rna	3	THSD4	-0.4024661183357239	1.8095893859863281	-0.7147515416145325
TCGA-C8-A26Z-01	0	final_logit	rna	4	RBBP8	-0.39101457595825195	-1.4069417715072632	-0.7147515416145325
TCGA-C8-A26Z-01	0	final_logit	rna	5	ACOX2	-0.30340835452079773	-1.9665701389312744	-0.7147515416145325
TCGA-C8-A26Z-01	0	final_logit	rna	6	CD44	-0.29753169417381287	1.3684964179992676	-0.7147515416145325
TCGA-C8-A26Z-01	0	final_logit	rna	7	SLC24A3	0.29353848099708557	-1.79778254032135	-0.7147515416145325
TCGA-C8-A26Z-01	0	final_logit	rna	8	PSAT1	0.29214444756507874	2.067737340927124	-0.7147515416145325
TCGA-C8-A26Z-01	0	final_logit	rna	9	AHNAK	0.268054723739624	-1.0490142107009888	-0.7147515416145325
TCGA-C8-A26Z-01	0	final_logit	rna	10	KCNK15	-0.26435598731040955	0.8627623915672302	-0.7147515416145325
TCGA-C8-A26Z-01	0	final_logit	meth	1	cg14042099	0.30508163571357727	1.8099701404571533	-0.7147515416145325
TCGA-C8-A26Z-01	0	final_logit	meth	2	cg03672342	-0.2851022779941559	2.0564544200897217	-0.7147515416145325
TCGA-C8-A26Z-01	0	final_logit	meth	3	cg15543523	0.2662864029407501	-1.7844290733337402	-0.7147515416145325
TCGA-C8-A26Z-01	0	final_logit	meth	4	cg26089753	0.23915280401706696	-1.66019606590271	-0.7147515416145325
TCGA-C8-A26Z-01	0	final_logit	meth	5	cg13456086	0.2302960455417633	-1.5162625312805176	-0.7147515416145325
TCGA-C8-A26Z-01	0	final_logit	meth	6	cg20087413	0.22672967612743378	-1.68757963180542	-0.7147515416145325
TCGA-C8-A26Z-01	0	final_logit	meth	7	cg10342963	-0.22422495484352112	-1.3124446868896484	-0.7147515416145325
TCGA-C8-A26Z-01	0	final_logit	meth	8	cg15902390	0.18431510031223297	-2.1494874954223633	-0.7147515416145325
TCGA-C8-A26Z-01	0	final_logit	meth	9	cg17538572	0.173981174826622	0.8609566688537598	-0.7147515416145325
TCGA-C8-A26Z-01	0	final_logit	meth	10	cg03345116	-0.1699611395597458	1.1217035055160522	-0.7147515416145325
TCGA-C8-A274-01	1	final_logit	rna	1	FOXC1	1.5619721412658691	-2.6870553493499756	-0.5355402231216431
TCGA-C8-A274-01	1	final_logit	rna	2	BCL2	1.0892008543014526	-1.8730334043502808	-0.5355402231216431
TCGA-C8-A274-01	1	final_logit	rna	3	TUBB2B	-0.9854485392570496	1.6867470741271973	-0.5355402231216431
TCGA-C8-A274-01	1	final_logit	rna	4	EGR3	-0.9468825459480286	1.6422449350357056	-0.5355402231216431
TCGA-C8-A274-01	1	final_logit	rna	5	AHNAK	0.8754425048828125	-1.885917067527771	-0.5355402231216431
TCGA-C8-A274-01	1	final_logit	rna	6	BHLHE40	0.7610745429992676	-2.5260283946990967	-0.5355402231216431
TCGA-C8-A274-01	1	final_logit	rna	7	FOS	0.7464074492454529	-1.9973645210266113	-0.5355402231216431
TCGA-C8-A274-01	1	final_logit	rna	8	ZBTB16	0.6231039762496948	-1.3597636222839355	-0.5355402231216431
TCGA-C8-A274-01	1	final_logit	rna	9	S100A1	-0.5234586596488953	1.448684573173523	-0.5355402231216431
TCGA-C8-A274-01	1	final_logit	rna	10	DLC1	0.5061596035957336	-1.8721740245819092	-0.5355402231216431
TCGA-C8-A274-01	1	final_logit	meth	1	cg13456086	-0.32361575961112976	1.706101417541504	-0.5355402231216431
TCGA-C8-A274-01	1	final_logit	meth	2	cg03345116	-0.28394603729248047	1.2198739051818848	-0.5355402231216431
TCGA-C8-A274-01	1	final_logit	meth	3	cg01207684	-0.280402809381485	-2.6341280937194824	-0.5355402231216431
TCGA-C8-A274-01	1	final_logit	meth	4	cg03287339	-0.2713989317417145	1.6237326860427856	-0.5355402231216431
TCGA-C8-A274-01	1	final_logit	meth	5	cg03672342	-0.24748003482818604	2.553415536880493	-0.5355402231216431
TCGA-C8-A274-01	1	final_logit	meth	6	cg15543523	0.23299534618854523	-1.2068324089050293	-0.5355402231216431
TCGA-C8-A274-01	1	final_logit	meth	7	cg10805850	-0.2305988073348999	1.2421854734420776	-0.5355402231216431
TCGA-C8-A274-01	1	final_logit	meth	8	cg20393620	0.21185393631458282	1.5738518238067627	-0.5355402231216431
TCGA-C8-A274-01	1	final_logit	meth	9	cg17538572	0.2098158299922943	1.3277759552001953	-0.5355402231216431
TCGA-C8-A274-01	1	final_logit	meth	10	cg01252526	-0.19815297424793243	1.519586205482483	-0.5355402231216431
TCGA-D8-A1JE-01	1	final_logit	rna	1	KRT15	0.5525615215301514	-1.5390591621398926	-1.3659676313400269
TCGA-D8-A1JE-01	1	final_logit	rna	2	TUBB2B	0.4950973093509674	-1.400496482849121	-1.3659676313400269
TCGA-D8-A1JE-01	1	final_logit	rna	3	ADCY1	0.3634987473487854	-2.1515085697174072	-1.3659676313400269
TCGA-D8-A1JE-01	1	final_logit	rna	4	PDLIM3	0.30846092104911804	-0.8695206642150879	-1.3659676313400269
TCGA-D8-A1JE-01	1	final_logit	rna	5	FKBP4	-0.3020170331001282	-1.8683732748031616	-1.3659676313400269
TCGA-D8-A1JE-01	1	final_logit	rna	6	TSPAN1	-0.29764774441719055	1.7068089246749878	-1.3659676313400269
TCGA-D8-A1JE-01	1	final_logit	rna	7	SLC1A1	-0.2974379062652588	2.2520241737365723	-1.3659676313400269
TCGA-D8-A1JE-01	1	final_logit	rna	8	FOXC1	0.2798464596271515	-0.6890354156494141	-1.3659676313400269
TCGA-D8-A1JE-01	1	final_logit	rna	9	ZBTB16	0.27597296237945557	-1.703848958015442	-1.3659676313400269
TCGA-D8-A1JE-01	1	final_logit	rna	10	P2RY2	0.2663564085960388	-1.3640843629837036	-1.3659676313400269
TCGA-D8-A1JE-01	1	final_logit	meth	1	cg06719445	0.212071493268013	-2.0142226219177246	-1.3659676313400269
TCGA-D8-A1JE-01	1	final_logit	meth	2	cg05923595	-0.17492367327213287	-1.6043556928634644	-1.3659676313400269
TCGA-D8-A1JE-01	1	final_logit	meth	3	cg17706972	0.16096551716327667	-1.36276376247406	-1.3659676313400269
TCGA-D8-A1JE-01	1	final_logit	meth	4	cg01473816	0.15072982013225555	1.203513503074646	-1.3659676313400269
TCGA-D8-A1JE-01	1	final_logit	meth	5	cg26605683	-0.13736364245414734	-1.3423409461975098	-1.3659676313400269
TCGA-D8-A1JE-01	1	final_logit	meth	6	cg15012484	-0.12629280984401703	-1.6726971864700317	-1.3659676313400269
TCGA-D8-A1JE-01	1	final_logit	meth	7	cg01984743	-0.11834089457988739	-1.0809941291809082	-1.3659676313400269
TCGA-D8-A1JE-01	1	final_logit	meth	8	cg05116002	-0.11465613543987274	-1.3231358528137207	-1.3659676313400269
TCGA-D8-A1JE-01	1	final_logit	meth	9	cg10805850	0.11220388859510422	-1.4056403636932373	-1.3659676313400269
TCGA-D8-A1JE-01	1	final_logit	meth	10	cg16236270	-0.10768754035234451	-1.029432773590088	-1.3659676313400269
TCGA-D8-A1JN-01	0	final_logit	rna	1	BCL2	0.6697816848754883	-3.4015696048736572	-0.8572417497634888
TCGA-D8-A1JN-01	0	final_logit	rna	2	SLC26A2	-0.39736050367355347	2.9214205741882324	-0.8572417497634888
TCGA-D8-A1JN-01	0	final_logit	rna	3	AKAP1	-0.34694814682006836	-2.4094979763031006	-0.8572417497634888
TCGA-D8-A1JN-01	0	final_logit	rna	4	BCAS3	0.31499624252319336	-2.628497362136841	-0.8572417497634888
TCGA-D8-A1JN-01	0	final_logit	rna	5	PDLIM3	-0.3122461140155792	1.366314172744751	-0.8572417497634888
TCGA-D8-A1JN-01	0	final_logit	rna	6	KRT15	-0.2995235323905945	1.04143488407135	-0.8572417497634888
TCGA-D8-A1JN-01	0	final_logit	rna	7	SGK1	0.2925841212272644	-2.0718889236450195	-0.8572417497634888
TCGA-D8-A1JN-01	0	final_logit	rna	8	RAB31	-0.28586825728416443	-3.1850152015686035	-0.8572417497634888
TCGA-D8-A1JN-01	0	final_logit	rna	9	DLC1	0.27294814586639404	-2.016765832901001	-0.8572417497634888
TCGA-D8-A1JN-01	0	final_logit	rna	10	S100A1	-0.2693624496459961	1.7653961181640625	-0.8572417497634888
TCGA-D8-A1JN-01	0	final_logit	meth	1	cg14042099	0.3093033730983734	1.8756872415542603	-0.8572417497634888
TCGA-D8-A1JN-01	0	final_logit	meth	2	cg26089753	0.25685858726501465	-1.6821907758712769	-0.8572417497634888
TCGA-D8-A1JN-01	0	final_logit	meth	3	cg00651400	-0.2252158224582672	1.9242701530456543	-0.8572417497634888
TCGA-D8-A1JN-01	0	final_logit	meth	4	cg05116002	-0.2215098738670349	-1.99474036693573	-0.8572417497634888
TCGA-D8-A1JN-01	0	final_logit	meth	5	cg01207684	-0.21949613094329834	-2.7406604290008545	-0.8572417497634888
TCGA-D8-A1JN-01	0	final_logit	meth	6	cg15732851	-0.20621368288993835	2.1106367111206055	-0.8572417497634888
TCGA-D8-A1JN-01	0	final_logit	meth	7	cg27449507	0.16976283490657806	1.945033311843872	-0.8572417497634888
TCGA-D8-A1JN-01	0	final_logit	meth	8	cg26459372	-0.1662968099117279	2.1444637775421143	-0.8572417497634888
TCGA-D8-A1JN-01	0	final_logit	meth	9	cg03345116	-0.15747563540935516	1.179179310798645	-0.8572417497634888
TCGA-D8-A1JN-01	0	final_logit	meth	10	cg13570656	0.13652251660823822	1.5637390613555908	-0.8572417497634888
TCGA-D8-A1JU-01	0	final_logit	rna	1	CYP1A1	0.006789978127926588	3.7022716999053955	-1.9831143617630005
TCGA-D8-A1JU-01	0	final_logit	rna	2	UNC119	-0.00506505835801363	-1.3568707704544067	-1.9831143617630005
TCGA-D8-A1JU-01	0	final_logit	rna	3	CLU	0.004302021116018295	1.0832723379135132	-1.9831143617630005
TCGA-D8-A1JU-01	0	final_logit	rna	4	PLAC1	-0.004170172847807407	-0.9552732706069946	-1.9831143617630005
TCGA-D8-A1JU-01	0	final_logit	rna	5	FKBP4	-0.004130685701966286	-1.5887291431427002	-1.9831143617630005
TCGA-D8-A1JU-01	0	final_logit	rna	6	CLIC3	-0.003704314585775137	-1.5587905645370483	-1.9831143617630005
TCGA-D8-A1JU-01	0	final_logit	rna	7	DLC1	0.003683846676722169	1.098055124282837	-1.9831143617630005
TCGA-D8-A1JU-01	0	final_logit	rna	8	FGFR3	0.0026511892210692167	-1.1599162817001343	-1.9831143617630005
TCGA-D8-A1JU-01	0	final_logit	rna	9	DUSP4	0.002616704208776355	1.0839492082595825	-1.9831143617630005
TCGA-D8-A1JU-01	0	final_logit	rna	10	ELF1	0.0024867297615855932	0.8459300398826599	-1.9831143617630005
TCGA-D8-A1JU-01	0	final_logit	meth	1	cg13224075	-0.006624495144933462	1.3807939291000366	-1.9831143617630005
TCGA-D8-A1JU-01	0	final_logit	meth	2	cg23057597	0.005980976857244968	0.8073260188102722	-1.9831143617630005
TCGA-D8-A1JU-01	0	final_logit	meth	3	cg13948082	-0.005569569766521454	-1.4217220544815063	-1.9831143617630005
TCGA-D8-A1JU-01	0	final_logit	meth	4	cg10716835	0.005441731307655573	-0.7618034482002258	-1.9831143617630005
TCGA-D8-A1JU-01	0	final_logit	meth	5	cg25339073	-0.004956635180860758	-1.096198558807373	-1.9831143617630005
TCGA-D8-A1JU-01	0	final_logit	meth	6	cg14042099	0.004641893319785595	-0.8067673444747925	-1.9831143617630005
TCGA-D8-A1JU-01	0	final_logit	meth	7	cg01912921	-0.0045958091504871845	-1.3273619413375854	-1.9831143617630005
TCGA-D8-A1JU-01	0	final_logit	meth	8	cg00651400	0.004568928387016058	-0.7660074830055237	-1.9831143617630005
TCGA-D8-A1JU-01	0	final_logit	meth	9	cg17706972	0.004546503536403179	1.049140453338623	-1.9831143617630005
TCGA-D8-A1JU-01	0	final_logit	meth	10	cg00773370	0.0045425365678966045	0.7442867755889893	-1.9831143617630005
TCGA-D8-A1X9-01	0	final_logit	rna	1	EGR3	0.431857168674469	-1.5639514923095703	1.5530275106430054
TCGA-D8-A1X9-01	0	final_logit	rna	2	TUBB2B	0.2970663905143738	-0.8618897795677185	1.5530275106430054
TCGA-D8-A1X9-01	0	final_logit	rna	3	EFNA5	0.29301580786705017	-2.370410919189453	1.5530275106430054
TCGA-D8-A1X9-01	0	final_logit	rna	4	FOS	0.2591797113418579	-1.0509881973266602	1.5530275106430054
TCGA-D8-A1X9-01	0	final_logit	rna	5	KRT15	0.2350405603647232	-0.8016287088394165	1.5530275106430054
TCGA-D8-A1X9-01	0	final_logit	rna	6	KCNK5	0.22164267301559448	-1.6359330415725708	1.5530275106430054
TCGA-D8-A1X9-01	0	final_logit	rna	7	CALB2	0.21526317298412323	-1.5686721801757812	1.5530275106430054
TCGA-D8-A1X9-01	0	final_logit	rna	8	FARP1	0.20826515555381775	-1.1199324131011963	1.5530275106430054
TCGA-D8-A1X9-01	0	final_logit	rna	9	AHNAK	-0.20266304910182953	0.7990384101867676	1.5530275106430054
TCGA-D8-A1X9-01	0	final_logit	rna	10	RAB31	0.18203672766685486	1.3026772737503052	1.5530275106430054
TCGA-D8-A1X9-01	0	final_logit	meth	1	cg14042099	0.18289226293563843	1.5368598699569702	1.5530275106430054
TCGA-D8-A1X9-01	0	final_logit	meth	2	cg14660676	0.1384820193052292	-1.6776149272918701	1.5530275106430054
TCGA-D8-A1X9-01	0	final_logit	meth	3	cg10342963	-0.13707469403743744	-1.376478910446167	1.5530275106430054
TCGA-D8-A1X9-01	0	final_logit	meth	4	cg00773370	-0.12997396290302277	1.5474560260772705	1.5530275106430054
TCGA-D8-A1X9-01	0	final_logit	meth	5	cg26089753	0.11591532081365585	-1.024111270904541	1.5530275106430054
TCGA-D8-A1X9-01	0	final_logit	meth	6	cg15543523	0.11500869691371918	-1.3838094472885132	1.5530275106430054
TCGA-D8-A1X9-01	0	final_logit	meth	7	cg24724428	-0.10299500823020935	1.5785765647888184	1.5530275106430054
TCGA-D8-A1X9-01	0	final_logit	meth	8	cg20393620	-0.10239581018686295	-1.6022818088531494	1.5530275106430054
TCGA-D8-A1X9-01	0	final_logit	meth	9	cg10566121	0.09722453355789185	1.485532522201538	1.5530275106430054
TCGA-D8-A1X9-01	0	final_logit	meth	10	cg04284140	0.09371422976255417	-1.2055107355117798	1.5530275106430054
TCGA-D8-A1XA-01	0	final_logit	rna	1	FOXC1	1.2386236190795898	-2.312516212463379	-1.0437291860580444
TCGA-D8-A1XA-01	0	final_logit	rna	2	RBBP8	0.9663573503494263	2.788407325744629	-1.0437291860580444
TCGA-D8-A1XA-01	0	final_logit	rna	3	PDLIM3	0.8655826449394226	-1.8611149787902832	-1.0437291860580444
TCGA-D8-A1XA-01	0	final_logit	rna	4	UGCG	-0.600226879119873	2.4439871311187744	-1.0437291860580444
TCGA-D8-A1XA-01	0	final_logit	rna	5	THSD4	-0.5994948744773865	2.024466037750244	-1.0437291860580444
TCGA-D8-A1XA-01	0	final_logit	rna	6	PODXL	0.49144747853279114	-2.045302629470825	-1.0437291860580444
TCGA-D8-A1XA-01	0	final_logit	rna	7	CDC14B	0.48950761556625366	-1.4449117183685303	-1.0437291860580444
TCGA-D8-A1XA-01	0	final_logit	rna	8	SLC26A2	0.46360599994659424	-1.5716712474822998	-1.0437291860580444
TCGA-D8-A1XA-01	0	final_logit	rna	9	KCNK5	0.416993111371994	-1.407094120979309	-1.0437291860580444
TCGA-D8-A1XA-01	0	final_logit	rna	10	PRSS23	-0.40143778920173645	-1.5797698497772217	-1.0437291860580444
TCGA-D8-A1XA-01	0	final_logit	meth	1	cg14042099	-0.45333245396614075	-1.3482937812805176	-1.0437291860580444
TCGA-D8-A1XA-01	0	final_logit	meth	2	cg00773370	0.3791331350803375	-1.5091586112976074	-1.0437291860580444
TCGA-D8-A1XA-01	0	final_logit	meth	3	cg05116002	-0.3616211414337158	-1.945380449295044	-1.0437291860580444
TCGA-D8-A1XA-01	0	final_logit	meth	4	cg06875707	-0.2941189110279083	-1.2094252109527588	-1.0437291860580444
TCGA-D8-A1XA-01	0	final_logit	meth	5	cg24676071	0.26818984746932983	-2.0234293937683105	-1.0437291860580444
TCGA-D8-A1XA-01	0	final_logit	meth	6	cg13456086	0.2508987784385681	-1.4491972923278809	-1.0437291860580444
TCGA-D8-A1XA-01	0	final_logit	meth	7	cg00651400	-0.23838990926742554	1.6862146854400635	-1.0437291860580444
TCGA-D8-A1XA-01	0	final_logit	meth	8	cg01321962	0.2297968864440918	-1.4367504119873047	-1.0437291860580444
TCGA-D8-A1XA-01	0	final_logit	meth	9	cg06665913	-0.2178967148065567	0.9105941653251648	-1.0437291860580444
TCGA-D8-A1XA-01	0	final_logit	meth	10	cg24724428	0.2085212916135788	-1.1624614000320435	-1.0437291860580444
TCGA-D8-A1XF-01	1	final_logit	rna	1	FOXC1	0.4618225395679474	-1.7621999979019165	1.6043598651885986
TCGA-D8-A1XF-01	1	final_logit	rna	2	BCL2	-0.4049134850502014	1.6498819589614868	1.6043598651885986
TCGA-D8-A1XF-01	1	final_logit	rna	3	TUBB2B	-0.4015149176120758	1.4466792345046997	1.6043598651885986
TCGA-D8-A1XF-01	1	final_logit	rna	4	FOS	0.3578612804412842	-2.4309616088867188	1.6043598651885986
TCGA-D8-A1XF-01	1	final_logit	rna	5	FHL2	0.336307555437088	-2.638312816619873	1.6043598651885986
TCGA-D8-A1XF-01	1	final_logit	rna	6	SLC24A3	0.2970457375049591	-3.1099822521209717	1.6043598651885986
TCGA-D8-A1XF-01	1	final_logit	rna	7	P2RY2	-0.2968106269836426	1.8909119367599487	1.6043598651885986
TCGA-D8-A1XF-01	1	final_logit	rna	8	SGK1	0.26558685302734375	-2.215214729309082	1.6043598651885986
TCGA-D8-A1XF-01	1	final_logit	rna	9	CD44	-0.25642484426498413	1.751474142074585	1.6043598651885986
TCGA-D8-A1XF-01	1	final_logit	rna	10	CDC14B	0.25334227085113525	-1.8023792505264282	1.6043598651885986
TCGA-D8-A1XF-01	1	final_logit	meth	1	cg14042099	0.254608690738678	1.9405510425567627	1.6043598651885986
TCGA-D8-A1XF-01	1	final_logit	meth	2	cg10566121	0.20483440160751343	2.924131393432617	1.6043598651885986
TCGA-D8-A1XF-01	1	final_logit	meth	3	cg00651400	-0.18390454351902008	1.8886456489562988	1.6043598651885986
TCGA-D8-A1XF-01	1	final_logit	meth	4	cg00773370	0.16535787284374237	-1.704345941543579	1.6043598651885986
TCGA-D8-A1XF-01	1	final_logit	meth	5	cg05226008	-0.16371573507785797	2.3047800064086914	1.6043598651885986
TCGA-D8-A1XF-01	1	final_logit	meth	6	cg15543523	0.14279863238334656	-1.3547536134719849	1.6043598651885986
TCGA-D8-A1XF-01	1	final_logit	meth	7	cg13456086	-0.14274032413959503	1.6871130466461182	1.6043598651885986
TCGA-D8-A1XF-01	1	final_logit	meth	8	cg00803088	0.14142824709415436	1.6347380876541138	1.6043598651885986
TCGA-D8-A1XF-01	1	final_logit	meth	9	cg06665913	0.1328645646572113	-1.7624704837799072	1.6043598651885986
TCGA-D8-A1XF-01	1	final_logit	meth	10	cg10342963	-0.12912045419216156	-1.1512869596481323	1.6043598651885986
TCGA-D8-A1XG-01	0	final_logit	rna	1	GFRA1	0.0190985556691885	-2.6812899112701416	-1.938095211982727
TCGA-D8-A1XG-01	0	final_logit	rna	2	PMAIP1	-0.011804443784058094	2.7970054149627686	-1.938095211982727
TCGA-D8-A1XG-01	0	final_logit	rna	3	AREG	0.011261404491961002	-2.288206100463867	-1.938095211982727
TCGA-D8-A1XG-01	0	final_logit	rna	4	DLC1	-0.00985832791775465	-1.4517433643341064	-1.938095211982727
TCGA-D8-A1XG-01	0	final_logit	rna	5	PTGER3	-0.009383903816342354	-2.2770068645477295	-1.938095211982727
TCGA-D8-A1XG-01	0	final_logit	rna	6	SYT12	-0.008938743732869625	1.5727388858795166	-1.938095211982727
TCGA-D8-A1XG-01	0	final_logit	rna	7	RASGRP1	-0.008653083816170692	1.1199157238006592	-1.938095211982727
TCGA-D8-A1XG-01	0	final_logit	rna	8	THSD4	0.007833321578800678	1.597190022468567	-1.938095211982727
TCGA-D8-A1XG-01	0	final_logit	rna	9	FASN	0.00768771767616272	-1.183956265449524	-1.938095211982727
TCGA-D8-A1XG-01	0	final_logit	rna	10	MUC1	0.007464288268238306	1.0418978929519653	-1.938095211982727
TCGA-D8-A1XG-01	0	final_logit	meth	1	cg00773370	-0.016371967270970345	-1.8239200115203857	-1.938095211982727
TCGA-D8-A1XG-01	0	final_logit	meth	2	cg23057597	0.01622341014444828	1.7262253761291504	-1.938095211982727
TCGA-D8-A1XG-01	0	final_logit	meth	3	cg22730327	0.010411757975816727	-1.7678747177124023	-1.938095211982727
TCGA-D8-A1XG-01	0	final_logit	meth	4	cg14058239	0.010250803083181381	-1.5526810884475708	-1.938095211982727
TCGA-D8-A1XG-01	0	final_logit	meth	5	cg01207684	0.010135467164218426	-2.74027156829834	-1.938095211982727
TCGA-D8-A1XG-01	0	final_logit	meth	6	cg06223834	0.009726864285767078	-3.127347946166992	-1.938095211982727
TCGA-D8-A1XG-01	0	final_logit	meth	7	cg10716835	0.009700994938611984	-1.120078206062317	-1.938095211982727
TCGA-D8-A1XG-01	0	final_logit	meth	8	cg22120095	-0.009406987577676773	-1.3329657316207886	-1.938095211982727
TCGA-D8-A1XG-01	0	final_logit	meth	9	cg10304922	-0.008800975978374481	-1.1513687372207642	-1.938095211982727
TCGA-D8-A1XG-01	0	final_logit	meth	10	cg26708220	0.0084519162774086	1.4407377243041992	-1.938095211982727
TCGA-D8-A1XR-01	1	final_logit	rna	1	FOXC1	0.8426038026809692	-1.360859990119934	1.4224551916122437
TCGA-D8-A1XR-01	1	final_logit	rna	2	DUSP4	-0.6859408020973206	1.4714064598083496	1.4224551916122437
TCGA-D8-A1XR-01	1	final_logit	rna	3	SLC1A1	-0.6227019429206848	2.247711181640625	1.4224551916122437
TCGA-D8-A1XR-01	1	final_logit	rna	4	EGR3	0.6151096820831299	-1.4337514638900757	1.4224551916122437
TCGA-D8-A1XR-01	1	final_logit	rna	5	KRT15	-0.588343620300293	1.1847444772720337	1.4224551916122437
TCGA-D8-A1XR-01	1	final_logit	rna	6	SGK1	0.5625096559524536	-1.6875852346420288	1.4224551916122437
TCGA-D8-A1XR-01	1	final_logit	rna	7	HSPB8	-0.4538595974445343	-1.8382041454315186	1.4224551916122437
TCGA-D8-A1XR-01	1	final_logit	rna	8	CD44	0.38692858815193176	-1.307428002357483	1.4224551916122437
TCGA-D8-A1XR-01	1	final_logit	rna	9	BAG1	-0.37786635756492615	1.3863524198532104	1.4224551916122437
TCGA-D8-A1XR-01	1	final_logit	rna	10	RPA3	0.36548349261283875	2.342226505279541	1.4224551916122437
TCGA-D8-A1XR-01	1	final_logit	meth	1	cg03345116	0.5634362697601318	-2.1523277759552	1.4224551916122437
TCGA-D8-A1XR-01	1	final_logit	meth	2	cg14042099	-0.3621772527694702	-1.3743246793746948	1.4224551916122437
TCGA-D8-A1XR-01	1	final_logit	meth	3	cg14660676	0.3380482792854309	-1.8337856531143188	1.4224551916122437
TCGA-D8-A1XR-01	1	final_logit	meth	4	cg24676071	0.31629443168640137	-2.2608587741851807	1.4224551916122437
TCGA-D8-A1XR-01	1	final_logit	meth	5	cg10342963	-0.3131561577320099	-1.4221299886703491	1.4224551916122437
TCGA-D8-A1XR-01	1	final_logit	meth	6	cg01207684	-0.2743212878704071	-2.6403489112854004	1.4224551916122437
TCGA-D8-A1XR-01	1	final_logit	meth	7	cg25744613	-0.2626918852329254	-1.6423749923706055	1.4224551916122437
TCGA-D8-A1XR-01	1	final_logit	meth	8	cg00773370	0.2575876712799072	-1.947890281677246	1.4224551916122437
TCGA-D8-A1XR-01	1	final_logit	meth	9	cg16236270	-0.23549778759479523	-1.5064250230789185	1.4224551916122437
TCGA-D8-A1XR-01	1	final_logit	meth	10	cg24724428	-0.23072975873947144	1.487637996673584	1.4224551916122437
TCGA-D8-A1XV-01	0	final_logit	rna	1	PDLIM3	0.6707285046577454	-2.452883720397949	-1.0218132734298706
TCGA-D8-A1XV-01	0	final_logit	rna	2	FOXC1	0.5623888969421387	-1.5685877799987793	-1.0218132734298706
TCGA-D8-A1XV-01	0	final_logit	rna	3	RAB31	-0.5556824207305908	-2.4395880699157715	-1.0218132734298706
TCGA-D8-A1XV-01	0	final_logit	rna	4	TUBB2B	0.4992845356464386	-1.5639879703521729	-1.0218132734298706
TCGA-D8-A1XV-01	0	final_logit	rna	5	RBBP8	0.48501449823379517	2.3007402420043945	-1.0218132734298706
TCGA-D8-A1XV-01	0	final_logit	rna	6	HSPB8	-0.4165939688682556	-2.6797091960906982	-1.0218132734298706
TCGA-D8-A1XV-01	0	final_logit	rna	7	FHL2	-0.4126226603984833	1.8881016969680786	-1.0218132734298706
TCGA-D8-A1XV-01	0	final_logit	rna	8	MSMB	-0.3415667712688446	-1.542535662651062	-1.0218132734298706
TCGA-D8-A1XV-01	0	final_logit	rna	9	PTGES	-0.31527963280677795	-2.7493414878845215	-1.0218132734298706
TCGA-D8-A1XV-01	0	final_logit	rna	10	P2RY2	0.30246829986572266	-2.314995527267456	-1.0218132734298706
TCGA-D8-A1XV-01	0	final_logit	meth	1	cg00773370	0.3915284276008606	-1.998005986213684	-1.0218132734298706
TCGA-D8-A1XV-01	0	final_logit	meth	2	cg14042099	-0.3790360987186432	-1.6529823541641235	-1.0218132734298706
TCGA-D8-A1XV-01	0	final_logit	meth	3	cg15543523	0.2843537926673889	-2.0129144191741943	-1.0218132734298706
TCGA-D8-A1XV-01	0	final_logit	meth	4	cg01207684	-0.2830580472946167	-2.7880945205688477	-1.0218132734298706
TCGA-D8-A1XV-01	0	final_logit	meth	5	cg26089753	0.24633972346782684	-1.6945078372955322	-1.0218132734298706
TCGA-D8-A1XV-01	0	final_logit	meth	6	cg01738022	-0.20001733303070068	1.3504492044448853	-1.0218132734298706
TCGA-D8-A1XV-01	0	final_logit	meth	7	cg27449507	0.1711559295654297	1.9727883338928223	-1.0218132734298706
TCGA-D8-A1XV-01	0	final_logit	meth	8	cg20087413	-0.1668601781129837	1.4412916898727417	-1.0218132734298706
TCGA-D8-A1XV-01	0	final_logit	meth	9	cg17538572	0.16546013951301575	1.2181378602981567	-1.0218132734298706
TCGA-D8-A1XV-01	0	final_logit	meth	10	cg13342435	-0.16137677431106567	-1.5899271965026855	-1.0218132734298706
TCGA-D8-A1XZ-01	1	final_logit	rna	1	TUBB2B	0.25527843832969666	-1.8414041996002197	1.6060513257980347
TCGA-D8-A1XZ-01	1	final_logit	rna	2	EGR3	0.24068018794059753	-1.7265598773956299	1.6060513257980347
TCGA-D8-A1XZ-01	1	final_logit	rna	3	KRT15	0.1988912969827652	-1.4616795778274536	1.6060513257980347
TCGA-D8-A1XZ-01	1	final_logit	rna	4	DUSP4	0.19559451937675476	-2.011406660079956	1.6060513257980347
TCGA-D8-A1XZ-01	1	final_logit	rna	5	ALDH3A2	0.18372750282287598	3.1950995922088623	1.6060513257980347
TCGA-D8-A1XZ-01	1	final_logit	rna	6	ZBTB16	0.16476275026798248	-1.3542511463165283	1.6060513257980347
TCGA-D8-A1XZ-01	1	final_logit	rna	7	THSD4	0.1552533358335495	-1.8262355327606201	1.6060513257980347
TCGA-D8-A1XZ-01	1	final_logit	rna	8	BHLHE40	0.13406237959861755	-1.7533835172653198	1.6060513257980347
TCGA-D8-A1XZ-01	1	final_logit	rna	9	FHL2	0.12488743662834167	-1.2155498266220093	1.6060513257980347
TCGA-D8-A1XZ-01	1	final_logit	rna	10	SLC26A2	0.1126055121421814	-1.3081378936767578	1.6060513257980347
TCGA-D8-A1XZ-01	1	final_logit	meth	1	cg03345116	0.0975336879491806	-1.7596453428268433	1.6060513257980347
TCGA-D8-A1XZ-01	1	final_logit	meth	2	cg25744613	-0.09035360813140869	-1.5276780128479004	1.6060513257980347
TCGA-D8-A1XZ-01	1	final_logit	meth	3	cg10342963	0.06263138353824615	1.1168707609176636	1.6060513257980347
TCGA-D8-A1XZ-01	1	final_logit	meth	4	cg13570656	-0.06040257215499878	-1.655610203742981	1.6060513257980347
TCGA-D8-A1XZ-01	1	final_logit	meth	5	cg00773370	-0.05791141465306282	1.4397512674331665	1.6060513257980347
TCGA-D8-A1XZ-01	1	final_logit	meth	6	cg00803088	-0.050585243850946426	-1.0123677253723145	1.6060513257980347
TCGA-D8-A1XZ-01	1	final_logit	meth	7	cg14660676	0.050106778740882874	-1.898017168045044	1.6060513257980347
TCGA-D8-A1XZ-01	1	final_logit	meth	8	cg20087413	0.045694224536418915	-1.213469386100769	1.6060513257980347
TCGA-D8-A1XZ-01	1	final_logit	meth	9	cg15012484	-0.0449695959687233	-1.7180660963058472	1.6060513257980347
TCGA-D8-A1XZ-01	1	final_logit	meth	10	cg26089753	0.04165057837963104	-0.6730769276618958	1.6060513257980347
TCGA-E2-A109-01	1	final_logit	rna	1	EGR3	0.16075900197029114	-2.0120201110839844	1.6060553789138794
TCGA-E2-A109-01	1	final_logit	rna	2	MSMB	0.14254404604434967	3.029982328414917	1.6060553789138794
TCGA-E2-A109-01	1	final_logit	rna	3	TUBB2B	-0.12509533762931824	1.573366403579712	1.6060553789138794
TCGA-E2-A109-01	1	final_logit	rna	4	WFDC2	0.12335369735956192	-2.346947431564331	1.6060553789138794
TCGA-E2-A109-01	1	final_logit	rna	5	SLC26A2	0.10350146889686584	-1.8486484289169312	1.6060553789138794
TCGA-E2-A109-01	1	final_logit	rna	6	FOS	0.0888483002781868	-1.5745681524276733	1.6060553789138794
TCGA-E2-A109-01	1	final_logit	rna	7	DCXR	0.08815517276525497	2.01379656791687	1.6060553789138794
TCGA-E2-A109-01	1	final_logit	rna	8	KRT15	0.08054331690073013	-1.0837361812591553	1.6060553789138794
TCGA-E2-A109-01	1	final_logit	rna	9	FHL2	0.07982955873012543	-1.320059895515442	1.6060553789138794
TCGA-E2-A109-01	1	final_logit	rna	10	SLC24A3	0.07943250983953476	-2.9755988121032715	1.6060553789138794
TCGA-E2-A109-01	1	final_logit	meth	1	cg10566121	0.07037573307752609	2.8135616779327393	1.6060553789138794
TCGA-E2-A109-01	1	final_logit	meth	2	cg03345116	0.04462304711341858	-1.3229119777679443	1.6060553789138794
TCGA-E2-A109-01	1	final_logit	meth	3	cg00773370	-0.039503417909145355	1.6481268405914307	1.6060553789138794
TCGA-E2-A109-01	1	final_logit	meth	4	cg00651400	-0.03937624767422676	1.8815208673477173	1.6060553789138794
TCGA-E2-A109-01	1	final_logit	meth	5	cg05116002	-0.0368485264480114	-1.8283939361572266	1.6060553789138794
TCGA-E2-A109-01	1	final_logit	meth	6	cg06197966	0.03484050929546356	2.268953561782837	1.6060553789138794
TCGA-E2-A109-01	1	final_logit	meth	7	cg00517532	0.034832824021577835	2.2944908142089844	1.6060553789138794
TCGA-E2-A109-01	1	final_logit	meth	8	cg10805850	-0.03333083912730217	1.7978761196136475	1.6060553789138794
TCGA-E2-A109-01	1	final_logit	meth	9	cg26089753	0.031208209693431854	-0.9172173738479614	1.6060553789138794
TCGA-E2-A109-01	1	final_logit	meth	10	cg25744613	0.030679041519761086	1.2998324632644653	1.6060553789138794
TCGA-E2-A1B6-01	0	final_logit	rna	1	FOXC1	-2.384554147720337	4.899487495422363	1.2505158185958862
TCGA-E2-A1B6-01	0	final_logit	rna	2	RAB17	1.2459757328033447	-3.502678394317627	1.2505158185958862
TCGA-E2-A1B6-01	0	final_logit	rna	3	AHNAK	0.9399318099021912	-3.4902408123016357	1.2505158185958862
TCGA-E2-A1B6-01	0	final_logit	rna	4	KCNK15	0.7713676691055298	-3.1333377361297607	1.2505158185958862
TCGA-E2-A1B6-01	0	final_logit	rna	5	THSD4	0.6919806003570557	-4.189526081085205	1.2505158185958862
TCGA-E2-A1B6-01	0	final_logit	rna	6	ANXA9	-0.5759848952293396	-3.74261736869812	1.2505158185958862
TCGA-E2-A1B6-01	0	final_logit	rna	7	TPBG	-0.5127446055412292	-3.2937257289886475	1.2505158185958862
TCGA-E2-A1B6-01	0	final_logit	rna	8	SLC7A5	0.504588782787323	2.1579251289367676	1.2505158185958862
TCGA-E2-A1B6-01	0	final_logit	rna	9	SLC1A4	-0.4449218213558197	-2.2406373023986816	1.2505158185958862
TCGA-E2-A1B6-01	0	final_logit	rna	10	KCNK5	-0.43636590242385864	3.4283299446105957	1.2505158185958862
TCGA-E2-A1B6-01	0	final_logit	meth	1	cg17538572	-0.4184820055961609	-1.703980803489685	1.2505158185958862
TCGA-E2-A1B6-01	0	final_logit	meth	2	cg10342963	0.39230993390083313	1.3451266288757324	1.2505158185958862
TCGA-E2-A1B6-01	0	final_logit	meth	3	cg01738022	0.3915868103504181	-1.754494547843933	1.2505158185958862
TCGA-E2-A1B6-01	0	final_logit	meth	4	cg25744613	-0.3334999978542328	-1.2066946029663086	1.2505158185958862
TCGA-E2-A1B6-01	0	final_logit	meth	5	cg10805850	0.24355818331241608	-1.1461317539215088	1.2505158185958862
TCGA-E2-A1B6-01	0	final_logit	meth	6	cg24676071	0.2417370080947876	-1.3687808513641357	1.2505158185958862
TCGA-E2-A1B6-01	0	final_logit	meth	7	cg06741896	-0.2294190675020218	1.5175871849060059	1.2505158185958862
TCGA-E2-A1B6-01	0	final_logit	meth	8	cg26089753	-0.21793793141841888	1.5774140357971191	1.2505158185958862
TCGA-E2-A1B6-01	0	final_logit	meth	9	cg15543523	-0.2089070826768875	1.651654839515686	1.2505158185958862
TCGA-E2-A1B6-01	0	final_logit	meth	10	cg14042099	0.19668027758598328	1.0098425149917603	1.2505158185958862
TCGA-E2-A1BC-01	0	final_logit	rna	1	CYP1A1	0.0132527444511652	2.8798351287841797	-1.967603087425232
TCGA-E2-A1BC-01	0	final_logit	rna	2	TFF1	0.011899715289473534	-2.0837109088897705	-1.967603087425232
TCGA-E2-A1BC-01	0	final_logit	rna	3	MYBBP1A	-0.010742563754320145	-2.1351215839385986	-1.967603087425232
TCGA-E2-A1BC-01	0	final_logit	rna	4	BATF	-0.008957845158874989	-1.907653570175171	-1.967603087425232
TCGA-E2-A1BC-01	0	final_logit	rna	5	UNC119	-0.007501950953155756	-2.561919689178467	-1.967603087425232
TCGA-E2-A1BC-01	0	final_logit	rna	6	FKBP4	-0.006008968688547611	-2.116023063659668	-1.967603087425232
TCGA-E2-A1BC-01	0	final_logit	rna	7	ELF1	0.005801220890134573	1.221566081047058	-1.967603087425232
TCGA-E2-A1BC-01	0	final_logit	rna	8	AFF1	-0.005154508166015148	1.1263420581817627	-1.967603087425232
TCGA-E2-A1BC-01	0	final_logit	rna	9	EZR	0.004675009753555059	-1.9603123664855957	-1.967603087425232
TCGA-E2-A1BC-01	0	final_logit	rna	10	ANXA9	-0.004532300867140293	-0.9951909184455872	-1.967603087425232
TCGA-E2-A1BC-01	0	final_logit	meth	1	cg22730327	0.009605886414647102	-1.2598673105239868	-1.967603087425232
TCGA-E2-A1BC-01	0	final_logit	meth	2	cg16236270	0.009356476366519928	-1.007734775543213	-1.967603087425232
TCGA-E2-A1BC-01	0	final_logit	meth	3	cg22109530	-0.008312585763633251	-0.9861306548118591	-1.967603087425232
TCGA-E2-A1BC-01	0	final_logit	meth	4	cg06539449	0.008261472918093204	0.5751605033874512	-1.967603087425232
TCGA-E2-A1BC-01	0	final_logit	meth	5	cg00803088	0.008038438856601715	1.2332793474197388	-1.967603087425232
TCGA-E2-A1BC-01	0	final_logit	meth	6	cg13948082	-0.0075967819429934025	-1.2689166069030762	-1.967603087425232
TCGA-E2-A1BC-01	0	final_logit	meth	7	cg22731981	-0.007351449225097895	0.9037762880325317	-1.967603087425232
TCGA-E2-A1BC-01	0	final_logit	meth	8	cg03672342	0.0070870365016162395	-0.9575499892234802	-1.967603087425232
TCGA-E2-A1BC-01	0	final_logit	meth	9	cg09662034	-0.007078603375703096	-0.9219871163368225	-1.967603087425232
TCGA-E2-A1BC-01	0	final_logit	meth	10	cg18456459	0.006534692831337452	-1.0361584424972534	-1.967603087425232
TCGA-E2-A1BD-01	0	final_logit	rna	1	NCBP1	-0.010587446391582489	-2.4137604236602783	-1.9848963022232056
TCGA-E2-A1BD-01	0	final_logit	rna	2	CCND1	0.009516412392258644	-1.5908185243606567	-1.9848963022232056
TCGA-E2-A1BD-01	0	final_logit	rna	3	PSMB2	0.00877623911947012	1.0278996229171753	-1.9848963022232056
TCGA-E2-A1BD-01	0	final_logit	rna	4	CHST8	-0.008773734793066978	1.9640700817108154	-1.9848963022232056
TCGA-E2-A1BD-01	0	final_logit	rna	5	FHL2	0.007811869494616985	1.1188105344772339	-1.9848963022232056
TCGA-E2-A1BD-01	0	final_logit	rna	6	MRPL9	0.007431194186210632	2.149238348007202	-1.9848963022232056
TCGA-E2-A1BD-01	0	final_logit	rna	7	SLC26A2	0.006924069486558437	-1.161248803138733	-1.9848963022232056
TCGA-E2-A1BD-01	0	final_logit	rna	8	DDX18	-0.006521934177726507	-1.4894063472747803	-1.9848963022232056
TCGA-E2-A1BD-01	0	final_logit	rna	9	SUV39H1	0.006414475385099649	2.2561264038085938	-1.9848963022232056
TCGA-E2-A1BD-01	0	final_logit	rna	10	SMC6	0.0063730813562870026	-1.4234315156936646	-1.9848963022232056
TCGA-E2-A1BD-01	0	final_logit	meth	1	cg00651400	-0.01696144789457321	1.6878911256790161	-1.9848963022232056
TCGA-E2-A1BD-01	0	final_logit	meth	2	cg09451427	-0.013128083199262619	1.9407821893692017	-1.9848963022232056
TCGA-E2-A1BD-01	0	final_logit	meth	3	cg12961607	0.012099347077310085	1.2546087503433228	-1.9848963022232056
TCGA-E2-A1BD-01	0	final_logit	meth	4	cg24607398	0.012065366841852665	1.410893440246582	-1.9848963022232056
TCGA-E2-A1BD-01	0	final_logit	meth	5	cg20087413	-0.011926592327654362	-1.388433575630188	-1.9848963022232056
TCGA-E2-A1BD-01	0	final_logit	meth	6	cg16927242	-0.011724773794412613	1.3338334560394287	-1.9848963022232056
TCGA-E2-A1BD-01	0	final_logit	meth	7	cg10716835	0.011494912207126617	-1.1816374063491821	-1.9848963022232056
TCGA-E2-A1BD-01	0	final_logit	meth	8	cg08430604	0.011237210594117641	1.9765857458114624	-1.9848963022232056
TCGA-E2-A1BD-01	0	final_logit	meth	9	cg00773370	-0.011165248230099678	-1.2506673336029053	-1.9848963022232056
TCGA-E2-A1BD-01	0	final_logit	meth	10	cg08169949	0.010967961512506008	2.068901300430298	-1.9848963022232056
TCGA-E2-A1IE-01	0	final_logit	rna	1	PSMA1	-0.2672557830810547	2.5891382694244385	-1.0355863571166992
TCGA-E2-A1IE-01	0	final_logit	rna	2	BCL2	-0.1926390379667282	1.3593165874481201	-1.0355863571166992
TCGA-E2-A1IE-01	0	final_logit	rna	3	ZW10	-0.1893155425786972	-1.6476621627807617	-1.0355863571166992
TCGA-E2-A1IE-01	0	final_logit	rna	4	PDLIM3	0.18320371210575104	-1.6574718952178955	-1.0355863571166992
TCGA-E2-A1IE-01	0	final_logit	rna	5	EFNA5	0.1641482710838318	-1.4203969240188599	-1.0355863571166992
TCGA-E2-A1IE-01	0	final_logit	rna	6	HIF1A	-0.14822687208652496	-2.1576623916625977	-1.0355863571166992
TCGA-E2-A1IE-01	0	final_logit	rna	7	SAP30	-0.14332744479179382	-2.931835174560547	-1.0355863571166992
TCGA-E2-A1IE-01	0	final_logit	rna	8	TGFB1	0.14324882626533508	-1.5322185754776	-1.0355863571166992
TCGA-E2-A1IE-01	0	final_logit	rna	9	TUBB2B	0.12325969338417053	-0.8792035579681396	-1.0355863571166992
TCGA-E2-A1IE-01	0	final_logit	rna	10	RAB17	-0.11034280806779861	1.1290334463119507	-1.0355863571166992
TCGA-E2-A1IE-01	0	final_logit	meth	1	cg06197966	0.210719034075737	1.908695936203003	-1.0355863571166992
TCGA-E2-A1IE-01	0	final_logit	meth	2	cg03048314	0.17174553871154785	2.096454620361328	-1.0355863571166992
TCGA-E2-A1IE-01	0	final_logit	meth	3	cg14660676	0.16829214990139008	-1.588194727897644	-1.0355863571166992
TCGA-E2-A1IE-01	0	final_logit	meth	4	cg06741896	0.1573057621717453	-0.9806501269340515	-1.0355863571166992
TCGA-E2-A1IE-01	0	final_logit	meth	5	cg16650717	0.14792457222938538	2.097951650619507	-1.0355863571166992
TCGA-E2-A1IE-01	0	final_logit	meth	6	cg10342963	-0.14733988046646118	-1.1503678560256958	-1.0355863571166992
TCGA-E2-A1IE-01	0	final_logit	meth	7	cg08479476	-0.12879669666290283	1.518988847732544	-1.0355863571166992
TCGA-E2-A1IE-01	0	final_logit	meth	8	cg24724428	-0.1278625726699829	1.1941365003585815	-1.0355863571166992
TCGA-E2-A1IE-01	0	final_logit	meth	9	cg10805850	-0.12265965342521667	1.7608532905578613	-1.0355863571166992
TCGA-E2-A1IE-01	0	final_logit	meth	10	cg03345116	-0.10435169190168381	1.0533196926116943	-1.0355863571166992
TCGA-E2-A1IH-01	0	final_logit	rna	1	CDKN3	0.027318036183714867	1.0598427057266235	-1.9363616704940796
TCGA-E2-A1IH-01	0	final_logit	rna	2	SNRPB2	0.023474371060729027	1.4630155563354492	-1.9363616704940796
TCGA-E2-A1IH-01	0	final_logit	rna	3	FOS	0.02151072956621647	1.8075697422027588	-1.9363616704940796
TCGA-E2-A1IH-01	0	final_logit	rna	4	HSPD1	-0.020869256928563118	-1.4644221067428589	-1.9363616704940796
TCGA-E2-A1IH-01	0	final_logit	rna	5	POLA2	-0.02024829387664795	-1.0035885572433472	-1.9363616704940796
TCGA-E2-A1IH-01	0	final_logit	rna	6	CHEK1	-0.019845254719257355	-1.3414690494537354	-1.9363616704940796
TCGA-E2-A1IH-01	0	final_logit	rna	7	DUT	0.018032627180218697	1.7037277221679688	-1.9363616704940796
TCGA-E2-A1IH-01	0	final_logit	rna	8	POLE	-0.01660270057618618	-1.5197523832321167	-1.9363616704940796
TCGA-E2-A1IH-01	0	final_logit	rna	9	SLC1A4	-0.014367946423590183	-0.977427065372467	-1.9363616704940796
TCGA-E2-A1IH-01	0	final_logit	rna	10	HIRA	-0.014307861216366291	-1.2471750974655151	-1.9363616704940796
TCGA-E2-A1IH-01	0	final_logit	meth	1	cg00651400	0.02124742977321148	-1.3959323167800903	-1.9363616704940796
TCGA-E2-A1IH-01	0	final_logit	meth	2	cg22120095	0.01912876032292843	-0.9954151511192322	-1.9363616704940796
TCGA-E2-A1IH-01	0	final_logit	meth	3	cg14660676	-0.017538076266646385	1.1254810094833374	-1.9363616704940796
TCGA-E2-A1IH-01	0	final_logit	meth	4	cg21116267	0.017066536471247673	-0.8587543964385986	-1.9363616704940796
TCGA-E2-A1IH-01	0	final_logit	meth	5	cg10752421	-0.015783201903104782	-0.7281030416488647	-1.9363616704940796
TCGA-E2-A1IH-01	0	final_logit	meth	6	cg07189962	0.015039151534438133	-0.8791821599006653	-1.9363616704940796
TCGA-E2-A1IH-01	0	final_logit	meth	7	cg26487157	-0.013830210082232952	-1.1611400842666626	-1.9363616704940796
TCGA-E2-A1IH-01	0	final_logit	meth	8	cg17642369	0.013755849562585354	-1.7453595399856567	-1.9363616704940796
TCGA-E2-A1IH-01	0	final_logit	meth	9	cg09451427	-0.013433628715574741	-0.9006279110908508	-1.9363616704940796
TCGA-E2-A1IH-01	0	final_logit	meth	10	cg10328877	-0.012743443250656128	-0.7072840332984924	-1.9363616704940796
TCGA-E2-A1IK-01	0	final_logit	rna	1	CKB	0.008545652031898499	2.178117275238037	-1.9511548280715942
TCGA-E2-A1IK-01	0	final_logit	rna	2	RAB31	0.008157240226864815	-2.2741265296936035	-1.9511548280715942
TCGA-E2-A1IK-01	0	final_logit	rna	3	BATF	0.0073544844053685665	1.819412350654602	-1.9511548280715942
TCGA-E2-A1IK-01	0	final_logit	rna	4	DLC1	-0.005931281019002199	-1.3792378902435303	-1.9511548280715942
TCGA-E2-A1IK-01	0	final_logit	rna	5	AGR2	-0.005455337930470705	1.318170428276062	-1.9511548280715942
TCGA-E2-A1IK-01	0	final_logit	rna	6	CYP26A1	-0.004949649330228567	-1.5293965339660645	-1.9511548280715942
TCGA-E2-A1IK-01	0	final_logit	rna	7	SLC7A5	-0.004864432383328676	-1.189457654953003	-1.9511548280715942
TCGA-E2-A1IK-01	0	final_logit	rna	8	ESR1	0.004768745973706245	1.2998186349868774	-1.9511548280715942
TCGA-E2-A1IK-01	0	final_logit	rna	9	FHL2	0.004639471881091595	2.073138475418091	-1.9511548280715942
TCGA-E2-A1IK-01	0	final_logit	rna	10	ELF1	-0.004583179950714111	-1.2563376426696777	-1.9511548280715942
TCGA-E2-A1IK-01	0	final_logit	meth	1	cg23057597	-0.013898191042244434	-0.8747266530990601	-1.9511548280715942
TCGA-E2-A1IK-01	0	final_logit	meth	2	cg19516279	0.011582128703594208	-1.8431466817855835	-1.9511548280715942
TCGA-E2-A1IK-01	0	final_logit	meth	3	cg01207684	0.008681545965373516	-1.800532579421997	-1.9511548280715942
TCGA-E2-A1IK-01	0	final_logit	meth	4	cg10716835	0.00763228815048933	-1.0039364099502563	-1.9511548280715942
TCGA-E2-A1IK-01	0	final_logit	meth	5	cg08169949	-0.007398624904453754	-1.1329058408737183	-1.9511548280715942
TCGA-E2-A1IK-01	0	final_logit	meth	6	cg25744613	0.006585933268070221	-1.5012094974517822	-1.9511548280715942
TCGA-E2-A1IK-01	0	final_logit	meth	7	cg10304922	-0.006437651813030243	-1.2769436836242676	-1.9511548280715942
TCGA-E2-A1IK-01	0	final_logit	meth	8	cg24800655	0.0060400040820240974	-1.1987754106521606	-1.9511548280715942
TCGA-E2-A1IK-01	0	final_logit	meth	9	cg16927242	0.005877483636140823	-1.5873545408248901	-1.9511548280715942
TCGA-E2-A1IK-01	0	final_logit	meth	10	cg08430604	-0.0058234576135873795	-1.1768518686294556	-1.9511548280715942
TCGA-E2-A1L7-01	1	final_logit	rna	1	AHNAK	0.9117038249969482	-2.2114765644073486	0.4877835214138031
TCGA-E2-A1L7-01	1	final_logit	rna	2	TUBB2B	-0.8399016857147217	1.3376024961471558	0.4877835214138031
TCGA-E2-A1L7-01	1	final_logit	rna	3	EGR3	-0.827116072177887	1.464123010635376	0.4877835214138031
TCGA-E2-A1L7-01	1	final_logit	rna	4	FOXC1	0.7198949456214905	-1.0218006372451782	0.4877835214138031
TCGA-E2-A1L7-01	1	final_logit	rna	5	KRT15	0.6902672052383423	-1.330332636833191	0.4877835214138031
TCGA-E2-A1L7-01	1	final_logit	rna	6	STC2	0.6702010035514832	-2.136367082595825	0.4877835214138031
TCGA-E2-A1L7-01	1	final_logit	rna	7	ABAT	0.5784475803375244	-2.690101385116577	0.4877835214138031
TCGA-E2-A1L7-01	1	final_logit	rna	8	FARP1	-0.5655264258384705	2.2504429817199707	0.4877835214138031
TCGA-E2-A1L7-01	1	final_logit	rna	9	NRIP1	-0.5615653991699219	2.3944334983825684	0.4877835214138031
TCGA-E2-A1L7-01	1	final_logit	rna	10	BCL2	-0.5478996634483337	1.028637409210205	0.4877835214138031
TCGA-E2-A1L7-01	1	final_logit	meth	1	cg03345116	0.42401760816574097	-1.3719972372055054	0.4877835214138031
TCGA-E2-A1L7-01	1	final_logit	meth	2	cg17538572	-0.3722856044769287	-1.5078308582305908	0.4877835214138031
TCGA-E2-A1L7-01	1	final_logit	meth	3	cg10342963	0.3660043776035309	1.0663174390792847	0.4877835214138031
TCGA-E2-A1L7-01	1	final_logit	meth	4	cg25744613	-0.36137402057647705	-1.6003614664077759	0.4877835214138031
TCGA-E2-A1L7-01	1	final_logit	meth	5	cg24676071	0.33576011657714844	-1.439780592918396	0.4877835214138031
TCGA-E2-A1L7-01	1	final_logit	meth	6	cg00773370	0.29827067255973816	-1.0022872686386108	0.4877835214138031
TCGA-E2-A1L7-01	1	final_logit	meth	7	cg20087413	-0.2719781994819641	1.4357441663742065	0.4877835214138031
TCGA-E2-A1L7-01	1	final_logit	meth	8	cg14058239	-0.2638804018497467	-1.6091800928115845	0.4877835214138031
TCGA-E2-A1L7-01	1	final_logit	meth	9	cg15732851	0.25910985469818115	-0.8450750708580017	0.4877835214138031
TCGA-E2-A1L7-01	1	final_logit	meth	10	cg06665913	-0.24189817905426025	0.9520142078399658	0.4877835214138031
TCGA-E2-A1L8-01	0	final_logit	rna	1	AHNAK	0.05156340450048447	-2.0886623859405518	-1.9502559900283813
TCGA-E2-A1L8-01	0	final_logit	rna	2	BCL2	-0.05016374960541725	1.2990533113479614	-1.9502559900283813
TCGA-E2-A1L8-01	0	final_logit	rna	3	PSAT1	0.03713025152683258	2.2609195709228516	-1.9502559900283813
TCGA-E2-A1L8-01	0	final_logit	rna	4	BHLHE40	-0.03567838668823242	1.5511295795440674	-1.9502559900283813
TCGA-E2-A1L8-01	0	final_logit	rna	5	SLC7A5	-0.035000190138816833	-1.4578533172607422	-1.9502559900283813
TCGA-E2-A1L8-01	0	final_logit	rna	6	ACOX2	0.03331982344388962	0.9624292254447937	-1.9502559900283813
TCGA-E2-A1L8-01	0	final_logit	rna	7	PDZK1	0.03188372775912285	-1.4342925548553467	-1.9502559900283813
TCGA-E2-A1L8-01	0	final_logit	rna	8	TPD52L1	0.029940729960799217	-1.238477349281311	-1.9502559900283813
TCGA-E2-A1L8-01	0	final_logit	rna	9	RAB31	0.02900557406246662	1.5846232175827026	-1.9502559900283813
TCGA-E2-A1L8-01	0	final_logit	rna	10	PDLIM3	0.02806432545185089	-1.3756611347198486	-1.9502559900283813
TCGA-E2-A1L8-01	0	final_logit	meth	1	cg01984743	-0.045209549367427826	-1.1495355367660522	-1.9502559900283813
TCGA-E2-A1L8-01	0	final_logit	meth	2	cg10566121	0.032578084617853165	1.1929428577423096	-1.9502559900283813
TCGA-E2-A1L8-01	0	final_logit	meth	3	cg20393620	-0.028997942805290222	-1.6761828660964966	-1.9502559900283813
TCGA-E2-A1L8-01	0	final_logit	meth	4	cg17538572	0.0253553818911314	0.6493887901306152	-1.9502559900283813
TCGA-E2-A1L8-01	0	final_logit	meth	5	cg00651400	0.023262187838554382	-1.0539371967315674	-1.9502559900283813
TCGA-E2-A1L8-01	0	final_logit	meth	6	cg08907436	0.023103047162294388	-0.8226281404495239	-1.9502559900283813
TCGA-E2-A1L8-01	0	final_logit	meth	7	cg26089753	0.02110808901488781	-0.9695646166801453	-1.9502559900283813
TCGA-E2-A1L8-01	0	final_logit	meth	8	cg17706972	0.020939143374562263	-1.0943331718444824	-1.9502559900283813
TCGA-E2-A1L8-01	0	final_logit	meth	9	cg14042099	-0.02072210982441902	-0.6330863237380981	-1.9502559900283813
TCGA-E2-A1L8-01	0	final_logit	meth	10	cg01321962	0.020457971841096878	-0.6732298731803894	-1.9502559900283813
TCGA-E2-A1L9-01	0	final_logit	rna	1	AHNAK	0.08786856383085251	-1.4683476686477661	-1.8673332929611206
TCGA-E2-A1L9-01	0	final_logit	rna	2	TPD52L1	0.07759461551904678	-2.7843401432037354	-1.8673332929611206
TCGA-E2-A1L9-01	0	final_logit	rna	3	AKAP1	-0.056544285267591476	-1.9469375610351562	-1.8673332929611206
TCGA-E2-A1L9-01	0	final_logit	rna	4	ZBTB16	0.049067139625549316	-1.1454503536224365	-1.8673332929611206
TCGA-E2-A1L9-01	0	final_logit	rna	5	KCNK5	0.04736197739839554	-1.5080808401107788	-1.8673332929611206
TCGA-E2-A1L9-01	0	final_logit	rna	6	AREG	-0.04674035310745239	1.8824576139450073	-1.8673332929611206
TCGA-E2-A1L9-01	0	final_logit	rna	7	EGR3	-0.04651663824915886	0.9582715630531311	-1.8673332929611206
TCGA-E2-A1L9-01	0	final_logit	rna	8	TUBB2B	0.042879506945610046	-0.7867975234985352	-1.8673332929611206
TCGA-E2-A1L9-01	0	final_logit	rna	9	SLC1A1	-0.041395995765924454	1.850411057472229	-1.8673332929611206
TCGA-E2-A1L9-01	0	final_logit	rna	10	FOXC1	-0.039312683045864105	0.5635296702384949	-1.8673332929611206
TCGA-E2-A1L9-01	0	final_logit	meth	1	cg10342963	0.0301665011793375	1.2388113737106323	-1.8673332929611206
TCGA-E2-A1L9-01	0	final_logit	meth	2	cg13570656	-0.026598166674375534	-1.8805464506149292	-1.8673332929611206
TCGA-E2-A1L9-01	0	final_logit	meth	3	cg10805850	0.026166921481490135	-1.3113371133804321	-1.8673332929611206
TCGA-E2-A1L9-01	0	final_logit	meth	4	cg18456459	-0.024606455117464066	-1.3128392696380615	-1.8673332929611206
TCGA-E2-A1L9-01	0	final_logit	meth	5	cg25744613	0.023481840267777443	0.7582781314849854	-1.8673332929611206
TCGA-E2-A1L9-01	0	final_logit	meth	6	cg08810842	-0.02251565270125866	-0.9716600775718689	-1.8673332929611206
TCGA-E2-A1L9-01	0	final_logit	meth	7	cg06539449	0.021974727511405945	0.6756302714347839	-1.8673332929611206
TCGA-E2-A1L9-01	0	final_logit	meth	8	cg05116002	0.019347580149769783	0.8113847374916077	-1.8673332929611206
TCGA-E2-A1L9-01	0	final_logit	meth	9	cg24039697	0.01888115331530571	-0.9397284984588623	-1.8673332929611206
TCGA-E2-A1L9-01	0	final_logit	meth	10	cg22731981	0.018433496356010437	-0.8834661841392517	-1.8673332929611206
TCGA-E9-A1NF-01	1	final_logit	rna	1	RAB17	0.8572700023651123	-1.6547305583953857	-0.7451541423797607
TCGA-E9-A1NF-01	1	final_logit	rna	2	IGF1R	-0.855965256690979	3.7416324615478516	-0.7451541423797607
TCGA-E9-A1NF-01	1	final_logit	rna	3	BCL2	0.7199980616569519	-1.6409251689910889	-0.7451541423797607
TCGA-E9-A1NF-01	1	final_logit	rna	4	PDLIM3	-0.6527142524719238	1.6902610063552856	-0.7451541423797607
TCGA-E9-A1NF-01	1	final_logit	rna	5	RAB31	0.4464080333709717	1.7562308311462402	-0.7451541423797607
TCGA-E9-A1NF-01	1	final_logit	rna	6	EGR3	0.43135836720466614	-0.8628943562507629	-0.7451541423797607
TCGA-E9-A1NF-01	1	final_logit	rna	7	MLPH	0.42333921790122986	-2.9570565223693848	-0.7451541423797607
TCGA-E9-A1NF-01	1	final_logit	rna	8	DLC1	-0.4110664129257202	1.3598135709762573	-0.7451541423797607
TCGA-E9-A1NF-01	1	final_logit	rna	9	THSD4	0.37229883670806885	-1.133903980255127	-0.7451541423797607
TCGA-E9-A1NF-01	1	final_logit	rna	10	RBBP8	-0.34861359000205994	-1.4908909797668457	-0.7451541423797607
TCGA-E9-A1NF-01	1	final_logit	meth	1	cg14042099	-0.5603850483894348	-1.109322428703308	-0.7451541423797607
TCGA-E9-A1NF-01	1	final_logit	meth	2	cg24676071	0.395586758852005	-1.8054676055908203	-0.7451541423797607
TCGA-E9-A1NF-01	1	final_logit	meth	3	cg25744613	-0.29667311906814575	-1.37432861328125	-0.7451541423797607
TCGA-E9-A1NF-01	1	final_logit	meth	4	cg07189962	-0.27865442633628845	-1.650948166847229	-0.7451541423797607
TCGA-E9-A1NF-01	1	final_logit	meth	5	cg18456459	-0.271524578332901	-2.4913277626037598	-0.7451541423797607
TCGA-E9-A1NF-01	1	final_logit	meth	6	cg26089753	0.25307705998420715	-1.2422981262207031	-0.7451541423797607
TCGA-E9-A1NF-01	1	final_logit	meth	7	cg17538572	0.2007935643196106	0.6369688510894775	-0.7451541423797607
TCGA-E9-A1NF-01	1	final_logit	meth	8	cg13570656	0.19607259333133698	0.8624907732009888	-0.7451541423797607
TCGA-E9-A1NF-01	1	final_logit	meth	9	cg15732851	0.1883835792541504	-0.8118901252746582	-0.7451541423797607
TCGA-E9-A1NF-01	1	final_logit	meth	10	cg15543523	0.17696009576320648	-1.1821789741516113	-0.7451541423797607
TCGA-E9-A1NF-11	0	final_logit	rna	1	CYP1A1	0.015397506766021252	5.793005466461182	-1.9741836786270142
TCGA-E9-A1NF-11	0	final_logit	rna	2	CLDN7	0.014560858719050884	-5.750540733337402	-1.9741836786270142
TCGA-E9-A1NF-11	0	final_logit	rna	3	MLPH	-0.011326633393764496	-5.307366847991943	-1.9741836786270142
TCGA-E9-A1NF-11	0	final_logit	rna	4	MYB	-0.010822915472090244	-6.443994045257568	-1.9741836786270142
TCGA-E9-A1NF-11	0	final_logit	rna	5	FKBP4	0.010120955295860767	-3.6182994842529297	-1.9741836786270142
TCGA-E9-A1NF-11	0	final_logit	rna	6	TMPRSS3	-0.009557844139635563	-2.8786323070526123	-1.9741836786270142
TCGA-E9-A1NF-11	0	final_logit	rna	7	RAB17	-0.009496188722550869	-6.451966285705566	-1.9741836786270142
TCGA-E9-A1NF-11	0	final_logit	rna	8	FOXA1	0.009087779559195042	-9.117780685424805	-1.9741836786270142
TCGA-E9-A1NF-11	0	final_logit	rna	9	KRT8	0.009066244587302208	-5.861382007598877	-1.9741836786270142
TCGA-E9-A1NF-11	0	final_logit	rna	10	MUC1	0.008592321537435055	-3.9186134338378906	-1.9741836786270142
TCGA-E9-A1NF-11	0	final_logit	meth	1	cg25744613	0.015769779682159424	-1.5478445291519165	-1.9741836786270142
TCGA-E9-A1NF-11	0	final_logit	meth	2	cg00773370	0.01575837843120098	1.6173542737960815	-1.9741836786270142
TCGA-E9-A1NF-11	0	final_logit	meth	3	cg23057597	0.014295635744929314	1.5276497602462769	-1.9741836786270142
TCGA-E9-A1NF-11	0	final_logit	meth	4	cg13570656	0.013728257268667221	-1.628775715827942	-1.9741836786270142
TCGA-E9-A1NF-11	0	final_logit	meth	5	cg01738022	-0.013688109815120697	-1.991036057472229	-1.9741836786270142
TCGA-E9-A1NF-11	0	final_logit	meth	6	cg14058239	-0.01071174442768097	1.1600898504257202	-1.9741836786270142
TCGA-E9-A1NF-11	0	final_logit	meth	7	cg10342963	-0.009554179385304451	1.2795604467391968	-1.9741836786270142
TCGA-E9-A1NF-11	0	final_logit	meth	8	cg25339073	-0.009428905323147774	-1.4201419353485107	-1.9741836786270142
TCGA-E9-A1NF-11	0	final_logit	meth	9	cg10304922	-0.00898951105773449	-1.25025475025177	-1.9741836786270142
TCGA-E9-A1NF-11	0	final_logit	meth	10	cg02852791	-0.008920623920857906	-1.403047800064087	-1.9741836786270142
TCGA-E9-A1NH-01	0	final_logit	rna	1	AKAP1	-0.019766660407185555	-1.4644721746444702	-1.9290435314178467
TCGA-E9-A1NH-01	0	final_logit	rna	2	TPD52L1	0.01782207563519478	-1.7511917352676392	-1.9290435314178467
TCGA-E9-A1NH-01	0	final_logit	rna	3	ACOX2	0.012322347611188889	1.6733615398406982	-1.9290435314178467
TCGA-E9-A1NH-01	0	final_logit	rna	4	PTGES	0.008461033925414085	-1.3135451078414917	-1.9290435314178467
TCGA-E9-A1NH-01	0	final_logit	rna	5	BCAS3	-0.008251689374446869	-1.2979837656021118	-1.9290435314178467
TCGA-E9-A1NH-01	0	final_logit	rna	6	SLC27A2	0.0080650569871068	1.1842414140701294	-1.9290435314178467
TCGA-E9-A1NH-01	0	final_logit	rna	7	HSPB8	-0.007686158176511526	-0.8644269704818726	-1.9290435314178467
TCGA-E9-A1NH-01	0	final_logit	rna	8	KLF4	0.007340616080909967	-1.4500151872634888	-1.9290435314178467
TCGA-E9-A1NH-01	0	final_logit	rna	9	TOB1	-0.007249804679304361	-1.1927220821380615	-1.9290435314178467
TCGA-E9-A1NH-01	0	final_logit	rna	10	BCL2	0.00616112258285284	-0.45996418595314026	-1.9290435314178467
TCGA-E9-A1NH-01	0	final_logit	meth	1	cg25339073	0.013421524316072464	1.4700061082839966	-1.9290435314178467
TCGA-E9-A1NH-01	0	final_logit	meth	2	cg10805850	0.01068586204200983	-1.0361113548278809	-1.9290435314178467
TCGA-E9-A1NH-01	0	final_logit	meth	3	cg06539449	0.01059997733682394	0.9406624436378479	-1.9290435314178467
TCGA-E9-A1NH-01	0	final_logit	meth	4	cg25744613	0.009573247283697128	0.9242315888404846	-1.9290435314178467
TCGA-E9-A1NH-01	0	final_logit	meth	5	cg10716835	0.008936089463531971	-1.0654957294464111	-1.9290435314178467
TCGA-E9-A1NH-01	0	final_logit	meth	6	cg06719445	-0.008731907233595848	-1.4069491624832153	-1.9290435314178467
TCGA-E9-A1NH-01	0	final_logit	meth	7	cg20087413	0.007824024185538292	1.536028265953064	-1.9290435314178467
TCGA-E9-A1NH-01	0	final_logit	meth	8	cg10752421	0.007790981791913509	1.3440446853637695	-1.9290435314178467
TCGA-E9-A1NH-01	0	final_logit	meth	9	cg08169949	-0.007779388688504696	-1.2098348140716553	-1.9290435314178467
TCGA-E9-A1NH-01	0	final_logit	meth	10	cg05670953	0.007630594074726105	1.7818742990493774	-1.9290435314178467
TCGA-E9-A1NI-01	1	final_logit	rna	1	DUSP4	0.989209771156311	-2.3760788440704346	1.366326928138733
TCGA-E9-A1NI-01	1	final_logit	rna	2	KCNK5	-0.9782920479774475	2.341106414794922	1.366326928138733
TCGA-E9-A1NI-01	1	final_logit	rna	3	FOXC1	0.7060712575912476	-0.9876562356948853	1.366326928138733
TCGA-E9-A1NI-01	1	final_logit	rna	4	TUBB2B	0.695995569229126	-0.9497448801994324	1.366326928138733
TCGA-E9-A1NI-01	1	final_logit	rna	5	FHL2	-0.6260507106781006	1.6654956340789795	1.366326928138733
TCGA-E9-A1NI-01	1	final_logit	rna	6	KRT15	-0.5828575491905212	1.0248242616653442	1.366326928138733
TCGA-E9-A1NI-01	1	final_logit	rna	7	TMPRSS3	0.5108522176742554	-1.3293334245681763	1.366326928138733
TCGA-E9-A1NI-01	1	final_logit	rna	8	FOS	-0.49840161204338074	1.1341946125030518	1.366326928138733
TCGA-E9-A1NI-01	1	final_logit	rna	9	SLC39A6	-0.39349016547203064	1.5131131410598755	1.366326928138733
TCGA-E9-A1NI-01	1	final_logit	rna	10	KLF4	0.3911818563938141	-1.4972808361053467	1.366326928138733
TCGA-E9-A1NI-01	1	final_logit	meth	1	cg15732851	-0.3187955617904663	1.5854774713516235	1.366326928138733
TCGA-E9-A1NI-01	1	final_logit	meth	2	cg01738022	-0.2611459791660309	1.116591215133667	1.366326928138733
TCGA-E9-A1NI-01	1	final_logit	meth	3	cg03048314	0.25510525703430176	1.980456829071045	1.366326928138733
TCGA-E9-A1NI-01	1	final_logit	meth	4	cg14660676	-0.25172537565231323	1.5264030694961548	1.366326928138733
TCGA-E9-A1NI-01	1	final_logit	meth	5	cg15543523	0.24883443117141724	-1.719273328781128	1.366326928138733
TCGA-E9-A1NI-01	1	final_logit	meth	6	cg03345116	-0.2442113608121872	1.1829551458358765	1.366326928138733
TCGA-E9-A1NI-01	1	final_logit	meth	7	cg00517532	0.21878693997859955	1.9109785556793213	1.366326928138733
TCGA-E9-A1NI-01	1	final_logit	meth	8	cg25744613	0.20228596031665802	1.3296620845794678	1.366326928138733
TCGA-E9-A1NI-01	1	final_logit	meth	9	cg26089753	0.20041950047016144	-1.4543263912200928	1.366326928138733
TCGA-E9-A1NI-01	1	final_logit	meth	10	cg15902390	0.18854114413261414	-2.0993685722351074	1.366326928138733
TCGA-E9-A1R6-01	0	final_logit	rna	1	FOXC1	0.7201231718063354	-2.027820587158203	0.5402536988258362
TCGA-E9-A1R6-01	0	final_logit	rna	2	BCL2	-0.5581083297729492	1.43295156955719	0.5402536988258362
TCGA-E9-A1R6-01	0	final_logit	rna	3	TUBB2B	0.5033713579177856	-1.086424708366394	0.5402536988258362
TCGA-E9-A1R6-01	0	final_logit	rna	4	RAB31	0.46278688311576843	2.8594326972961426	0.5402536988258362
TCGA-E9-A1R6-01	0	final_logit	rna	5	FHL2	-0.45347434282302856	1.9171698093414307	0.5402536988258362
TCGA-E9-A1R6-01	0	final_logit	rna	6	ALDH3A2	0.4424073100090027	1.5464731454849243	0.5402536988258362
TCGA-E9-A1R6-01	0	final_logit	rna	7	KCNK15	-0.41628897190093994	1.8893883228302002	0.5402536988258362
TCGA-E9-A1R6-01	0	final_logit	rna	8	NDC80	-0.40843021869659424	-1.6878551244735718	0.5402536988258362
TCGA-E9-A1R6-01	0	final_logit	rna	9	TFF1	-0.396228551864624	-1.8174446821212769	0.5402536988258362
TCGA-E9-A1R6-01	0	final_logit	rna	10	CD44	-0.38320425152778625	1.422220230102539	0.5402536988258362
TCGA-E9-A1R6-01	0	final_logit	meth	1	cg15543523	0.3333682119846344	-1.5312902927398682	0.5402536988258362
TCGA-E9-A1R6-01	0	final_logit	meth	2	cg09662034	-0.3126217722892761	1.7207162380218506	0.5402536988258362
TCGA-E9-A1R6-01	0	final_logit	meth	3	cg14982203	0.28841519355773926	1.9360648393630981	0.5402536988258362
TCGA-E9-A1R6-01	0	final_logit	meth	4	cg26089753	0.28317761421203613	-1.3337957859039307	0.5402536988258362
TCGA-E9-A1R6-01	0	final_logit	meth	5	cg06741896	-0.2429260015487671	1.7897546291351318	0.5402536988258362
TCGA-E9-A1R6-01	0	final_logit	meth	6	cg00799539	-0.23077772557735443	1.6419494152069092	0.5402536988258362
TCGA-E9-A1R6-01	0	final_logit	meth	7	cg03048314	0.22426867485046387	2.0695266723632812	0.5402536988258362
TCGA-E9-A1R6-01	0	final_logit	meth	8	cg22732636	0.17547401785850525	1.5645365715026855	0.5402536988258362
TCGA-E9-A1R6-01	0	final_logit	meth	9	cg00803088	0.1747167557477951	1.137853980064392	0.5402536988258362
TCGA-E9-A1R6-01	0	final_logit	meth	10	cg05116002	0.1717182993888855	0.9680147767066956	0.5402536988258362
TCGA-E9-A1RE-01	1	final_logit	rna	1	FOXC1	0.28100836277008057	-1.780130386352539	1.6228400468826294
TCGA-E9-A1RE-01	1	final_logit	rna	2	PDLIM3	0.21649335324764252	-1.8191485404968262	1.6228400468826294
TCGA-E9-A1RE-01	1	final_logit	rna	3	MSMB	0.18137086927890778	2.273214340209961	1.6228400468826294
TCGA-E9-A1RE-01	1	final_logit	rna	4	AREG	-0.15418048202991486	2.327066421508789	1.6228400468826294
TCGA-E9-A1RE-01	1	final_logit	rna	5	KLF4	0.1396365463733673	-1.6633375883102417	1.6228400468826294
TCGA-E9-A1RE-01	1	final_logit	rna	6	BCL2	0.13575862348079681	-1.157283067703247	1.6228400468826294
TCGA-E9-A1RE-01	1	final_logit	rna	7	KCNK15	-0.13403934240341187	1.408865213394165	1.6228400468826294
TCGA-E9-A1RE-01	1	final_logit	rna	8	S100A1	0.12313617020845413	-1.4248992204666138	1.6228400468826294
TCGA-E9-A1RE-01	1	final_logit	rna	9	EGR3	0.11661463230848312	-0.9071106314659119	1.6228400468826294
TCGA-E9-A1RE-01	1	final_logit	rna	10	KRT15	0.11315232515335083	-1.0102529525756836	1.6228400468826294
TCGA-E9-A1RE-01	1	final_logit	meth	1	cg14042099	0.1308208405971527	1.9422580003738403	1.6228400468826294
TCGA-E9-A1RE-01	1	final_logit	meth	2	cg26089753	0.08969201147556305	-1.5840946435928345	1.6228400468826294
TCGA-E9-A1RE-01	1	final_logit	meth	3	cg15543523	0.06699533015489578	-1.7047454118728638	1.6228400468826294
TCGA-E9-A1RE-01	1	final_logit	meth	4	cg06197966	0.06205200403928757	2.305680513381958	1.6228400468826294
TCGA-E9-A1RE-01	1	final_logit	meth	5	cg01738022	0.061853084713220596	-2.073078155517578	1.6228400468826294
TCGA-E9-A1RE-01	1	final_logit	meth	6	cg20087413	0.05479762703180313	-1.8996702432632446	1.6228400468826294
TCGA-E9-A1RE-01	1	final_logit	meth	7	cg25744613	0.05403395742177963	1.3212594985961914	1.6228400468826294
TCGA-E9-A1RE-01	1	final_logit	meth	8	cg10342963	0.053972277790308	1.187951683998108	1.6228400468826294
TCGA-E9-A1RE-01	1	final_logit	meth	9	cg05226008	-0.05154825374484062	2.034287452697754	1.6228400468826294
TCGA-E9-A1RE-01	1	final_logit	meth	10	cg22932313	0.04830659180879593	-2.148165702819824	1.6228400468826294
TCGA-E9-A1RI-01	0	final_logit	rna	1	ELF1	0.008972685784101486	1.1780428886413574	-1.966067910194397
TCGA-E9-A1RI-01	0	final_logit	rna	2	MYBBP1A	-0.008514728397130966	-1.3813822269439697	-1.966067910194397
TCGA-E9-A1RI-01	0	final_logit	rna	3	RET	0.007594308815896511	-2.4058027267456055	-1.966067910194397
TCGA-E9-A1RI-01	0	final_logit	rna	4	DLC1	0.006920174229890108	0.8457549214363098	-1.966067910194397
TCGA-E9-A1RI-01	0	final_logit	rna	5	ESR1	-0.006635209545493126	-1.1187294721603394	-1.966067910194397
TCGA-E9-A1RI-01	0	final_logit	rna	6	PTGES	-0.006517087575048208	2.2978360652923584	-1.966067910194397
TCGA-E9-A1RI-01	0	final_logit	rna	7	STC2	0.006240685936063528	1.1923238039016724	-1.966067910194397
TCGA-E9-A1RI-01	0	final_logit	rna	8	CLDN7	0.006041569169610739	-1.560036301612854	-1.966067910194397
TCGA-E9-A1RI-01	0	final_logit	rna	9	RASGRP1	-0.00440371036529541	1.6272927522659302	-1.966067910194397
TCGA-E9-A1RI-01	0	final_logit	rna	10	S100A1	-0.004357981961220503	-0.6787080764770508	-1.966067910194397
TCGA-E9-A1RI-01	0	final_logit	meth	1	cg00803088	0.008509187959134579	1.3429973125457764	-1.966067910194397
TCGA-E9-A1RI-01	0	final_logit	meth	2	cg09646983	-0.00800515990704298	1.117803692817688	-1.966067910194397
TCGA-E9-A1RI-01	0	final_logit	meth	3	cg10342963	-0.007793949916958809	1.2807859182357788	-1.966067910194397
TCGA-E9-A1RI-01	0	final_logit	meth	4	cg01473816	0.007586338557302952	1.064078450202942	-1.966067910194397
TCGA-E9-A1RI-01	0	final_logit	meth	5	cg06719445	0.006876008585095406	0.8673737049102783	-1.966067910194397
TCGA-E9-A1RI-01	0	final_logit	meth	6	cg22731981	-0.00648411875590682	1.0341742038726807	-1.966067910194397
TCGA-E9-A1RI-01	0	final_logit	meth	7	cg00799539	0.0063431053422391415	0.9842763543128967	-1.966067910194397
TCGA-E9-A1RI-01	0	final_logit	meth	8	cg13456086	0.006318532861769199	1.39582359790802	-1.966067910194397
TCGA-E9-A1RI-01	0	final_logit	meth	9	cg08169949	0.006048156414180994	0.7302554249763489	-1.966067910194397
TCGA-E9-A1RI-01	0	final_logit	meth	10	cg03672342	0.006047177128493786	-0.8566505908966064	-1.966067910194397
TCGA-E9-A1RI-11	0	final_logit	rna	1	BATF	-0.013601794838905334	-3.7222824096679688	-1.9570430517196655
TCGA-E9-A1RI-11	0	final_logit	rna	2	FKBP4	0.013322649523615837	-3.7211992740631104	-1.9570430517196655
TCGA-E9-A1RI-11	0	final_logit	rna	3	RAB17	-0.012965674512088299	-4.9759955406188965	-1.9570430517196655
TCGA-E9-A1RI-11	0	final_logit	rna	4	DLC1	0.011360358446836472	2.8034205436706543	-1.9570430517196655
TCGA-E9-A1RI-11	0	final_logit	rna	5	CLDN7	0.011217640712857246	-4.790751934051514	-1.9570430517196655
TCGA-E9-A1RI-11	0	final_logit	rna	6	MLPH	-0.010461864992976189	-4.751634120941162	-1.9570430517196655
TCGA-E9-A1RI-11	0	final_logit	rna	7	ANXA9	-0.009943895973265171	-3.761714458465576	-1.9570430517196655
TCGA-E9-A1RI-11	0	final_logit	rna	8	CA12	0.009491298347711563	-4.056945323944092	-1.9570430517196655
TCGA-E9-A1RI-11	0	final_logit	rna	9	MYB	-0.007525032851845026	-3.258546829223633	-1.9570430517196655
TCGA-E9-A1RI-11	0	final_logit	rna	10	KRT8	0.006636783946305513	-4.0442962646484375	-1.9570430517196655
TCGA-E9-A1RI-11	0	final_logit	meth	1	cg25744613	0.018222874030470848	-1.6381736993789673	-1.9570430517196655
TCGA-E9-A1RI-11	0	final_logit	meth	2	cg23057597	0.01376915443688631	1.6526787281036377	-1.9570430517196655
TCGA-E9-A1RI-11	0	final_logit	meth	3	cg01738022	-0.00989578291773796	-1.7602452039718628	-1.9570430517196655
TCGA-E9-A1RI-11	0	final_logit	meth	4	cg10304922	-0.00983625277876854	-1.2670209407806396	-1.9570430517196655
TCGA-E9-A1RI-11	0	final_logit	meth	5	cg13570656	0.009606465697288513	-1.6417982578277588	-1.9570430517196655
TCGA-E9-A1RI-11	0	final_logit	meth	6	cg20087413	0.009139109402894974	1.5001821517944336	-1.9570430517196655
TCGA-E9-A1RI-11	0	final_logit	meth	7	cg25339073	-0.00874845776706934	-1.1282973289489746	-1.9570430517196655
TCGA-E9-A1RI-11	0	final_logit	meth	8	cg00773370	0.008263103663921356	1.521079421043396	-1.9570430517196655
TCGA-E9-A1RI-11	0	final_logit	meth	9	cg13456086	0.007064804434776306	0.9530313611030579	-1.9570430517196655
TCGA-E9-A1RI-11	0	final_logit	meth	10	cg14058239	-0.007040486671030521	1.002380132675171	-1.9570430517196655
TCGA-E9-A245-01	0	final_logit	rna	1	PRSS23	-0.014055225066840649	2.262141466140747	-1.9502214193344116
TCGA-E9-A245-01	0	final_logit	rna	2	SLC38A1	0.011063141748309135	-4.595966815948486	-1.9502214193344116
TCGA-E9-A245-01	0	final_logit	rna	3	FARP1	0.010407679714262486	2.172680616378784	-1.9502214193344116
TCGA-E9-A245-01	0	final_logit	rna	4	ELOVL2	0.010246306657791138	-1.9094743728637695	-1.9502214193344116
TCGA-E9-A245-01	0	final_logit	rna	5	KCNK15	-0.009985200129449368	1.8304311037063599	-1.9502214193344116
TCGA-E9-A245-01	0	final_logit	rna	6	CCNE1	-0.009103135205805302	-1.4951800107955933	-1.9502214193344116
TCGA-E9-A245-01	0	final_logit	rna	7	ATP2B4	-0.008146136067807674	-2.025074005126953	-1.9502214193344116
TCGA-E9-A245-01	0	final_logit	rna	8	EFNA5	-0.0077325738966465	1.5763347148895264	-1.9502214193344116
TCGA-E9-A245-01	0	final_logit	rna	9	PODXL	0.007580055855214596	2.53647518157959	-1.9502214193344116
TCGA-E9-A245-01	0	final_logit	rna	10	TIAM1	0.007288031280040741	-1.8099974393844604	-1.9502214193344116
TCGA-E9-A245-01	0	final_logit	meth	1	cg18456459	0.013905609026551247	-2.167254686355591	-1.9502214193344116
TCGA-E9-A245-01	0	final_logit	meth	2	cg23057597	0.012490322813391685	1.341187596321106	-1.9502214193344116
TCGA-E9-A245-01	0	final_logit	meth	3	cg15318546	-0.011396855115890503	-1.0952821969985962	-1.9502214193344116
TCGA-E9-A245-01	0	final_logit	meth	4	cg26708220	-0.01061475183814764	-2.095109701156616	-1.9502214193344116
TCGA-E9-A245-01	0	final_logit	meth	5	cg10716835	0.010430313646793365	-0.999422013759613	-1.9502214193344116
TCGA-E9-A245-01	0	final_logit	meth	6	cg22109530	0.009887226857244968	1.0164892673492432	-1.9502214193344116
TCGA-E9-A245-01	0	final_logit	meth	7	cg25339073	-0.009490427561104298	-1.3677703142166138	-1.9502214193344116
TCGA-E9-A245-01	0	final_logit	meth	8	cg21116267	0.00924659613519907	-0.8877825736999512	-1.9502214193344116
TCGA-E9-A245-01	0	final_logit	meth	9	cg16236270	0.008858652785420418	-1.917600393295288	-1.9502214193344116
TCGA-E9-A245-01	0	final_logit	meth	10	cg09451427	0.008648717775940895	-1.027151107788086	-1.9502214193344116
TCGA-EW-A1IW-01	0	final_logit	rna	1	POLA2	0.08631249517202377	3.6192739009857178	-1.354816198348999
TCGA-EW-A1IW-01	0	final_logit	rna	2	SHMT1	0.06031414866447449	1.8938817977905273	-1.354816198348999
TCGA-EW-A1IW-01	0	final_logit	rna	3	XRCC6	0.05142952501773834	1.6151214838027954	-1.354816198348999
TCGA-EW-A1IW-01	0	final_logit	rna	4	SLC39A6	-0.049079008400440216	1.5544931888580322	-1.354816198348999
TCGA-EW-A1IW-01	0	final_logit	rna	5	YWHAQ	-0.048899635672569275	2.5822222232818604	-1.354816198348999
TCGA-EW-A1IW-01	0	final_logit	rna	6	ABCA3	0.04655980318784714	-1.0468510389328003	-1.354816198348999
TCGA-EW-A1IW-01	0	final_logit	rna	7	RANBP1	0.044379234313964844	1.3661748170852661	-1.354816198348999
TCGA-EW-A1IW-01	0	final_logit	rna	8	CDC45	0.043136730790138245	1.3333345651626587	-1.354816198348999
TCGA-EW-A1IW-01	0	final_logit	rna	9	RBBP7	-0.042606502771377563	2.288151502609253	-1.354816198348999
TCGA-EW-A1IW-01	0	final_logit	rna	10	MNAT1	-0.041905488818883896	1.3555160760879517	-1.354816198348999
TCGA-EW-A1IW-01	0	final_logit	meth	1	cg16898193	-0.16902895271778107	1.2985336780548096	-1.354816198348999
TCGA-EW-A1IW-01	0	final_logit	meth	2	cg14660676	-0.15626224875450134	0.9928199052810669	-1.354816198348999
TCGA-EW-A1IW-01	0	final_logit	meth	3	cg14982203	0.14811810851097107	1.122287631034851	-1.354816198348999
TCGA-EW-A1IW-01	0	final_logit	meth	4	cg06741896	-0.1209828332066536	1.7095298767089844	-1.354816198348999
TCGA-EW-A1IW-01	0	final_logit	meth	5	cg09970590	-0.09658581763505936	1.051316261291504	-1.354816198348999
TCGA-EW-A1IW-01	0	final_logit	meth	6	cg25134328	0.0954049602150917	-1.115727186203003	-1.354816198348999
TCGA-EW-A1IW-01	0	final_logit	meth	7	cg15742848	0.09523537009954453	1.2742646932601929	-1.354816198348999
TCGA-EW-A1IW-01	0	final_logit	meth	8	cg16236270	0.09499920159578323	0.8185060620307922	-1.354816198348999
TCGA-EW-A1IW-01	0	final_logit	meth	9	cg24607398	-0.09434864670038223	1.0881799459457397	-1.354816198348999
TCGA-EW-A1IW-01	0	final_logit	meth	10	cg19084479	-0.09260988980531693	1.3817557096481323	-1.354816198348999
TCGA-EW-A1OX-01	1	final_logit	rna	1	PDLIM3	0.7654122114181519	-3.433795690536499	-0.6183420419692993
TCGA-EW-A1OX-01	1	final_logit	rna	2	RAB31	-0.6677747964859009	-3.6455650329589844	-0.6183420419692993
TCGA-EW-A1OX-01	1	final_logit	rna	3	FOXC1	0.5889270305633545	-2.172600269317627	-0.6183420419692993
TCGA-EW-A1OX-01	1	final_logit	rna	4	KRT15	0.5874396562576294	-2.0184097290039062	-0.6183420419692993
TCGA-EW-A1OX-01	1	final_logit	rna	5	DUSP4	0.5004382133483887	-1.7969276905059814	-0.6183420419692993
TCGA-EW-A1OX-01	1	final_logit	rna	6	SGK1	0.48597022891044617	-3.392627716064453	-0.6183420419692993
TCGA-EW-A1OX-01	1	final_logit	rna	7	TUBB2B	-0.3968392014503479	1.1079227924346924	-0.6183420419692993
TCGA-EW-A1OX-01	1	final_logit	rna	8	CA12	-0.38106465339660645	-5.220767021179199	-0.6183420419692993
TCGA-EW-A1OX-01	1	final_logit	rna	9	BCL2	-0.32654163241386414	0.9165128469467163	-0.6183420419692993
TCGA-EW-A1OX-01	1	final_logit	rna	10	MSMB	0.3227665424346924	2.2767417430877686	-0.6183420419692993
TCGA-EW-A1OX-01	1	final_logit	meth	1	cg14042099	0.5683206915855408	1.9136666059494019	-0.6183420419692993
TCGA-EW-A1OX-01	1	final_logit	meth	2	cg10566121	0.5383445620536804	2.1780877113342285	-0.6183420419692993
TCGA-EW-A1OX-01	1	final_logit	meth	3	cg15543523	-0.45415952801704407	1.694358229637146	-0.6183420419692993
TCGA-EW-A1OX-01	1	final_logit	meth	4	cg27449507	0.45092737674713135	2.008033037185669	-0.6183420419692993
TCGA-EW-A1OX-01	1	final_logit	meth	5	cg26089753	-0.39988183975219727	1.8052781820297241	-0.6183420419692993
TCGA-EW-A1OX-01	1	final_logit	meth	6	cg01738022	-0.3860796391963959	1.5777897834777832	-0.6183420419692993
TCGA-EW-A1OX-01	1	final_logit	meth	7	cg10342963	-0.3357173204421997	-1.4313215017318726	-0.6183420419692993
TCGA-EW-A1OX-01	1	final_logit	meth	8	cg00799539	-0.31956279277801514	1.9917670488357544	-0.6183420419692993
TCGA-EW-A1OX-01	1	final_logit	meth	9	cg10805850	0.30340418219566345	-1.4318357706069946	-0.6183420419692993
TCGA-EW-A1OX-01	1	final_logit	meth	10	cg05116002	0.29253947734832764	1.0418601036071777	-0.6183420419692993
TCGA-EW-A1P6-01	0	final_logit	rna	1	KCNK5	-0.9776132106781006	4.163573265075684	-0.25708919763565063
TCGA-EW-A1P6-01	0	final_logit	rna	2	SGK3	0.5499517917633057	2.6786839962005615	-0.25708919763565063
TCGA-EW-A1P6-01	0	final_logit	rna	3	FOXC1	0.5220063328742981	-1.2527042627334595	-0.25708919763565063
TCGA-EW-A1P6-01	0	final_logit	rna	4	CYP26B1	-0.5051530599594116	2.861912965774536	-0.25708919763565063
TCGA-EW-A1P6-01	0	final_logit	rna	5	NUP50	-0.48377150297164917	-2.463517665863037	-0.25708919763565063
TCGA-EW-A1P6-01	0	final_logit	rna	6	RANBP1	-0.4700295329093933	-1.3014298677444458	-0.25708919763565063
TCGA-EW-A1P6-01	0	final_logit	rna	7	TUBB2B	0.4273802936077118	-0.9272369742393494	-0.25708919763565063
TCGA-EW-A1P6-01	0	final_logit	rna	8	PODXL	0.42335209250450134	-1.6740950345993042	-0.25708919763565063
TCGA-EW-A1P6-01	0	final_logit	rna	9	FHL2	-0.4100019037723541	2.090897798538208	-0.25708919763565063
TCGA-EW-A1P6-01	0	final_logit	rna	10	NBN	0.40073442459106445	2.08345365524292	-0.25708919763565063
TCGA-EW-A1P6-01	0	final_logit	meth	1	cg24800655	-0.31588590145111084	-1.3903048038482666	-0.25708919763565063
TCGA-EW-A1P6-01	0	final_logit	meth	2	cg15902390	0.31499606370925903	-1.8890957832336426	-0.25708919763565063
TCGA-EW-A1P6-01	0	final_logit	meth	3	cg13224075	-0.2889816462993622	-1.332592248916626	-0.25708919763565063
TCGA-EW-A1P6-01	0	final_logit	meth	4	cg21478921	0.2599170506000519	-2.275911808013916	-0.25708919763565063
TCGA-EW-A1P6-01	0	final_logit	meth	5	cg24676071	0.22661243379116058	-2.218106269836426	-0.25708919763565063
TCGA-EW-A1P6-01	0	final_logit	meth	6	cg15012484	-0.21831537783145905	-1.7289235591888428	-0.25708919763565063
TCGA-EW-A1P6-01	0	final_logit	meth	7	cg14042099	-0.2153317779302597	-0.9565513134002686	-0.25708919763565063
TCGA-EW-A1P6-01	0	final_logit	meth	8	cg14982203	-0.2088978886604309	-1.1659332513809204	-0.25708919763565063
TCGA-EW-A1P6-01	0	final_logit	meth	9	cg01207684	-0.20378053188323975	-1.8915126323699951	-0.25708919763565063
TCGA-EW-A1P6-01	0	final_logit	meth	10	cg04284140	0.19093729555606842	-1.4782251119613647	-0.25708919763565063
TCGA-EW-A1PC-01	1	final_logit	rna	1	BCL2	0.2568524479866028	-4.494439125061035	1.6030100584030151
TCGA-EW-A1PC-01	1	final_logit	rna	2	AHNAK	0.1464422345161438	-2.6655514240264893	1.6030100584030151
TCGA-EW-A1PC-01	1	final_logit	rna	3	TUBB2B	-0.11207032203674316	1.442029356956482	1.6030100584030151
TCGA-EW-A1PC-01	1	final_logit	rna	4	FOXC1	0.10449796915054321	-1.5877583026885986	1.6030100584030151
TCGA-EW-A1PC-01	1	final_logit	rna	5	FHL2	0.0979456678032875	-1.9640448093414307	1.6030100584030151
TCGA-EW-A1PC-01	1	final_logit	rna	6	BHLHE40	0.08975741267204285	-2.996485710144043	1.6030100584030151
TCGA-EW-A1PC-01	1	final_logit	rna	7	KCNK5	-0.086910180747509	2.43281888961792	1.6030100584030151
TCGA-EW-A1PC-01	1	final_logit	rna	8	THSD4	0.08505704253911972	-1.932878017425537	1.6030100584030151
TCGA-EW-A1PC-01	1	final_logit	rna	9	ELF1	0.07494986802339554	-2.3437416553497314	1.6030100584030151
TCGA-EW-A1PC-01	1	final_logit	rna	10	CXCL12	0.07430695742368698	-3.2337422370910645	1.6030100584030151
TCGA-EW-A1PC-01	1	final_logit	meth	1	cg14042099	0.04839431494474411	1.5500887632369995	1.6030100584030151
TCGA-EW-A1PC-01	1	final_logit	meth	2	cg03345116	0.04815538600087166	-1.8980909585952759	1.6030100584030151
TCGA-EW-A1PC-01	1	final_logit	meth	3	cg26089753	0.04282037541270256	-1.6887890100479126	1.6030100584030151
TCGA-EW-A1PC-01	1	final_logit	meth	4	cg25744613	0.03534199297428131	1.5699795484542847	1.6030100584030151
TCGA-EW-A1PC-01	1	final_logit	meth	5	cg01207684	-0.029387732967734337	-2.1765060424804688	1.6030100584030151
TCGA-EW-A1PC-01	1	final_logit	meth	6	cg09662034	-0.02681906148791313	1.9010698795318604	1.6030100584030151
TCGA-EW-A1PC-01	1	final_logit	meth	7	cg17538572	0.02680875174701214	1.3089320659637451	1.6030100584030151
TCGA-EW-A1PC-01	1	final_logit	meth	8	cg06665913	0.026288513094186783	-2.3879568576812744	1.6030100584030151
TCGA-EW-A1PC-01	1	final_logit	meth	9	cg15012484	0.026056786999106407	1.7074766159057617	1.6030100584030151
TCGA-EW-A1PC-01	1	final_logit	meth	10	cg01321962	0.02552281692624092	-1.9580187797546387	1.6030100584030151
TCGA-EW-A1PE-01	0	final_logit	rna	1	CALCR	-0.009025594219565392	2.0257906913757324	-1.9883805513381958
TCGA-EW-A1PE-01	0	final_logit	rna	2	CA12	-0.00663434062153101	1.0491814613342285	-1.9883805513381958
TCGA-EW-A1PE-01	0	final_logit	rna	3	NPM1	0.005707458592951298	-1.5669457912445068	-1.9883805513381958
TCGA-EW-A1PE-01	0	final_logit	rna	4	PDZK1	-0.005573889706283808	1.5673948526382446	-1.9883805513381958
TCGA-EW-A1PE-01	0	final_logit	rna	5	ELF1	0.005086643621325493	1.453346610069275	-1.9883805513381958
TCGA-EW-A1PE-01	0	final_logit	rna	6	CCT4	-0.00493550393730402	-2.224386215209961	-1.9883805513381958
TCGA-EW-A1PE-01	0	final_logit	rna	7	CELSR1	0.0038330198731273413	1.3895608186721802	-1.9883805513381958
TCGA-EW-A1PE-01	0	final_logit	rna	8	UGCG	0.003798810997977853	1.5518523454666138	-1.9883805513381958
TCGA-EW-A1PE-01	0	final_logit	rna	9	ABCE1	-0.0036526795011013746	-1.8147881031036377	-1.9883805513381958
TCGA-EW-A1PE-01	0	final_logit	rna	10	ESR1	0.003573850030079484	1.1776131391525269	-1.9883805513381958
TCGA-EW-A1PE-01	0	final_logit	meth	1	cg23057597	-0.011607802473008633	-1.3739780187606812	-1.9883805513381958
TCGA-EW-A1PE-01	0	final_logit	meth	2	cg12961607	-0.010687818750739098	-1.638088583946228	-1.9883805513381958
TCGA-EW-A1PE-01	0	final_logit	meth	3	cg09646983	0.009991209954023361	-1.1946903467178345	-1.9883805513381958
TCGA-EW-A1PE-01	0	final_logit	meth	4	cg26487157	-0.00744574423879385	-1.1764123439788818	-1.9883805513381958
TCGA-EW-A1PE-01	0	final_logit	meth	5	cg26459372	0.0071905930526554585	-1.1435844898223877	-1.9883805513381958
TCGA-EW-A1PE-01	0	final_logit	meth	6	cg21116267	0.006735830567777157	-0.929808497428894	-1.9883805513381958
TCGA-EW-A1PE-01	0	final_logit	meth	7	cg10716835	0.006337127182632685	-1.1274653673171997	-1.9883805513381958
TCGA-EW-A1PE-01	0	final_logit	meth	8	cg27408285	0.006111885886639357	-0.9915831685066223	-1.9883805513381958
TCGA-EW-A1PE-01	0	final_logit	meth	9	cg06539449	-0.005722218658775091	-1.7035952806472778	-1.9883805513381958
TCGA-EW-A1PE-01	0	final_logit	meth	10	cg01321962	0.005463034380227327	-1.1453510522842407	-1.9883805513381958
TCGA-GM-A2D9-01	0	final_logit	rna	1	MED13L	-0.01396944560110569	-2.348766803741455	-1.9549132585525513
TCGA-GM-A2D9-01	0	final_logit	rna	2	RHOBTB3	0.013745750300586224	-1.7901138067245483	-1.9549132585525513
TCGA-GM-A2D9-01	0	final_logit	rna	3	ABHD2	0.013007568195462227	-2.1477649211883545	-1.9549132585525513
TCGA-GM-A2D9-01	0	final_logit	rna	4	PSAT1	-0.011842899955809116	-1.1780149936676025	-1.9549132585525513
TCGA-GM-A2D9-01	0	final_logit	rna	5	SLC7A5	-0.011475167237222195	-1.004909634590149	-1.9549132585525513
TCGA-GM-A2D9-01	0	final_logit	rna	6	S100A1	-0.010929245501756668	2.2993240356445312	-1.9549132585525513
TCGA-GM-A2D9-01	0	final_logit	rna	7	SUSD3	-0.00988074205815792	1.1575545072555542	-1.9549132585525513
TCGA-GM-A2D9-01	0	final_logit	rna	8	BLVRB	0.008379694074392319	1.6310466527938843	-1.9549132585525513
TCGA-GM-A2D9-01	0	final_logit	rna	9	PRSS23	0.008315744809806347	-1.2377387285232544	-1.9549132585525513
TCGA-GM-A2D9-01	0	final_logit	rna	10	KRT18	0.007910776883363724	1.8719104528427124	-1.9549132585525513
TCGA-GM-A2D9-01	0	final_logit	meth	1	cg13181974	-0.01649332046508789	1.1302040815353394	-1.9549132585525513
TCGA-GM-A2D9-01	0	final_logit	meth	2	cg13224075	-0.01430752594023943	1.3880870342254639	-1.9549132585525513
TCGA-GM-A2D9-01	0	final_logit	meth	3	cg10328877	0.013275579549372196	1.4452877044677734	-1.9549132585525513
TCGA-GM-A2D9-01	0	final_logit	meth	4	cg22109530	0.011512775905430317	1.0832558870315552	-1.9549132585525513
TCGA-GM-A2D9-01	0	final_logit	meth	5	cg15902390	0.010769174434244633	0.9239642024040222	-1.9549132585525513
TCGA-GM-A2D9-01	0	final_logit	meth	6	cg09840968	-0.010603470727801323	1.5928035974502563	-1.9549132585525513
TCGA-GM-A2D9-01	0	final_logit	meth	7	cg02103401	0.00894169881939888	1.4592236280441284	-1.9549132585525513
TCGA-GM-A2D9-01	0	final_logit	meth	8	cg08479476	-0.008772188797593117	1.211358666419983	-1.9549132585525513
TCGA-GM-A2D9-01	0	final_logit	meth	9	cg00803088	0.00855051726102829	1.492651104927063	-1.9549132585525513
TCGA-GM-A2D9-01	0	final_logit	meth	10	cg25339073	0.008475316688418388	0.8715346455574036	-1.9549132585525513
TCGA-GM-A2DI-01	0	final_logit	rna	1	DLC1	0.004399224184453487	1.349515676498413	-1.986857295036316
TCGA-GM-A2DI-01	0	final_logit	rna	2	IL17RB	-0.0043763574212789536	-2.21317458152771	-1.986857295036316
TCGA-GM-A2DI-01	0	final_logit	rna	3	ELF1	0.004132329486310482	1.6260442733764648	-1.986857295036316
TCGA-GM-A2DI-01	0	final_logit	rna	4	DUSP4	0.0026622319128364325	1.0084456205368042	-1.986857295036316
TCGA-GM-A2DI-01	0	final_logit	rna	5	FAM134B	0.0025070058181881905	-1.2163490056991577	-1.986857295036316
TCGA-GM-A2DI-01	0	final_logit	rna	6	ESR1	-0.002225107979029417	-0.6634659171104431	-1.986857295036316
TCGA-GM-A2DI-01	0	final_logit	rna	7	ABAT	0.0021698714699596167	1.063065528869629	-1.986857295036316
TCGA-GM-A2DI-01	0	final_logit	rna	8	ZBTB16	-0.002150819171220064	1.8513219356536865	-1.986857295036316
TCGA-GM-A2DI-01	0	final_logit	rna	9	AKAP1	-0.002024108311161399	-1.5053883790969849	-1.986857295036316
TCGA-GM-A2DI-01	0	final_logit	rna	10	SSB	0.00186692806892097	-1.1410303115844727	-1.986857295036316
TCGA-GM-A2DI-01	0	final_logit	meth	1	cg23057597	0.011090696789324284	1.0997817516326904	-1.986857295036316
TCGA-GM-A2DI-01	0	final_logit	meth	2	cg15902390	-0.008458016440272331	-1.9478816986083984	-1.986857295036316
TCGA-GM-A2DI-01	0	final_logit	meth	3	cg26708220	-0.008027324452996254	-1.6848136186599731	-1.986857295036316
TCGA-GM-A2DI-01	0	final_logit	meth	4	cg23279522	0.006313978228718042	-1.4276889562606812	-1.986857295036316
TCGA-GM-A2DI-01	0	final_logit	meth	5	cg00773370	0.006199464201927185	1.3091869354248047	-1.986857295036316
TCGA-GM-A2DI-01	0	final_logit	meth	6	cg18456459	0.006147234234958887	-1.0424774885177612	-1.986857295036316
TCGA-GM-A2DI-01	0	final_logit	meth	7	cg08907436	-0.00569910416379571	0.970879316329956	-1.986857295036316
TCGA-GM-A2DI-01	0	final_logit	meth	8	cg19595750	0.0050195129588246346	-1.2389297485351562	-1.986857295036316
TCGA-GM-A2DI-01	0	final_logit	meth	9	cg24676071	-0.004934884142130613	-0.8477340340614319	-1.986857295036316
TCGA-GM-A2DI-01	0	final_logit	meth	10	cg00517532	-0.004753603134304285	-0.8705222606658936	-1.986857295036316
TCGA-GM-A2DN-01	0	final_logit	rna	1	EFNA5	-0.13763998448848724	1.6742256879806519	-1.7741378545761108
TCGA-GM-A2DN-01	0	final_logit	rna	2	CDC7	0.0841589868068695	1.2360981702804565	-1.7741378545761108
TCGA-GM-A2DN-01	0	final_logit	rna	3	CCNT1	0.08055612444877625	-1.763795256614685	-1.7741378545761108
TCGA-GM-A2DN-01	0	final_logit	rna	4	DEK	0.07804500311613083	1.3292591571807861	-1.7741378545761108
TCGA-GM-A2DN-01	0	final_logit	rna	5	SLC12A2	-0.07523144036531448	1.9137916564941406	-1.7741378545761108
TCGA-GM-A2DN-01	0	final_logit	rna	6	XPOT	-0.07202664017677307	-1.1493446826934814	-1.7741378545761108
TCGA-GM-A2DN-01	0	final_logit	rna	7	TLE3	0.06628653407096863	-1.4431995153427124	-1.7741378545761108
TCGA-GM-A2DN-01	0	final_logit	rna	8	HSP90AB1	-0.06107494235038757	-1.1124043464660645	-1.7741378545761108
TCGA-GM-A2DN-01	0	final_logit	rna	9	NDC80	0.059916384518146515	0.6374064087867737	-1.7741378545761108
TCGA-GM-A2DN-01	0	final_logit	rna	10	SNRPA	0.05962038412690163	1.1965515613555908	-1.7741378545761108
TCGA-GM-A2DN-01	0	final_logit	meth	1	cg07809589	0.06117364019155502	-1.4663692712783813	-1.7741378545761108
TCGA-GM-A2DN-01	0	final_logit	meth	2	cg13800209	-0.06009597331285477	-1.5259640216827393	-1.7741378545761108
TCGA-GM-A2DN-01	0	final_logit	meth	3	cg03287339	-0.05577482655644417	0.8851552605628967	-1.7741378545761108
TCGA-GM-A2DN-01	0	final_logit	meth	4	cg14660676	0.052899569272994995	-0.7527654767036438	-1.7741378545761108
TCGA-GM-A2DN-01	0	final_logit	meth	5	cg16236270	0.04227951541543007	0.5678949952125549	-1.7741378545761108
TCGA-GM-A2DN-01	0	final_logit	meth	6	cg15318546	0.041340168565511703	0.7592688202857971	-1.7741378545761108
TCGA-GM-A2DN-01	0	final_logit	meth	7	cg05638439	-0.038971152156591415	0.9572324156761169	-1.7741378545761108
TCGA-GM-A2DN-01	0	final_logit	meth	8	cg13224075	0.038701023906469345	1.3877030611038208	-1.7741378545761108
TCGA-GM-A2DN-01	0	final_logit	meth	9	cg00651400	0.03172706812620163	-0.8288742303848267	-1.7741378545761108
TCGA-GM-A2DN-01	0	final_logit	meth	10	cg16927242	0.028188787400722504	-1.0927573442459106	-1.7741378545761108
TCGA-GM-A3NY-01	0	final_logit	rna	1	SF3A1	0.011351607739925385	-4.38192081451416	-1.9790655374526978
TCGA-GM-A3NY-01	0	final_logit	rna	2	ETF1	0.010274261236190796	-2.4293053150177	-1.9790655374526978
TCGA-GM-A3NY-01	0	final_logit	rna	3	MRPL23	-0.009837394580245018	2.8687572479248047	-1.9790655374526978
TCGA-GM-A3NY-01	0	final_logit	rna	4	HSPA8	-0.009724811650812626	-4.7144646644592285	-1.9790655374526978
TCGA-GM-A3NY-01	0	final_logit	rna	5	CCT4	-0.009651442058384418	-3.4623003005981445	-1.9790655374526978
TCGA-GM-A3NY-01	0	final_logit	rna	6	PWP1	-0.00921707320958376	-4.307435989379883	-1.9790655374526978
TCGA-GM-A3NY-01	0	final_logit	rna	7	RRM1	0.008517948910593987	-3.321349620819092	-1.9790655374526978
TCGA-GM-A3NY-01	0	final_logit	rna	8	AKAP1	-0.008268422447144985	-1.6271892786026	-1.9790655374526978
TCGA-GM-A3NY-01	0	final_logit	rna	9	MLPH	0.008003744296729565	3.047379970550537	-1.9790655374526978
TCGA-GM-A3NY-01	0	final_logit	rna	10	U2AF1	0.0067214323207736015	3.0513429641723633	-1.9790655374526978
TCGA-GM-A3NY-01	0	final_logit	meth	1	cg00544436	-0.015418494120240211	1.7729995250701904	-1.9790655374526978
TCGA-GM-A3NY-01	0	final_logit	meth	2	cg16927242	-0.013892957009375095	1.3580950498580933	-1.9790655374526978
TCGA-GM-A3NY-01	0	final_logit	meth	3	cg15742848	0.012693610973656178	-1.1998744010925293	-1.9790655374526978
TCGA-GM-A3NY-01	0	final_logit	meth	4	cg23057597	-0.012524520978331566	-1.4064249992370605	-1.9790655374526978
TCGA-GM-A3NY-01	0	final_logit	meth	5	cg10304922	-0.010981698520481586	-1.2618883848190308	-1.9790655374526978
TCGA-GM-A3NY-01	0	final_logit	meth	6	cg19595750	0.009469819255173206	-1.25272798538208	-1.9790655374526978
TCGA-GM-A3NY-01	0	final_logit	meth	7	cg13181974	-0.009435595944523811	1.3273214101791382	-1.9790655374526978
TCGA-GM-A3NY-01	0	final_logit	meth	8	cg14660676	0.00864504836499691	1.4273267984390259	-1.9790655374526978
TCGA-GM-A3NY-01	0	final_logit	meth	9	cg00651400	-0.008468715474009514	1.4858793020248413	-1.9790655374526978
TCGA-GM-A3NY-01	0	final_logit	meth	10	cg14515791	-0.008018924854695797	0.7280737161636353	-1.9790655374526978
TCGA-A2-A0YG-01	1	lumA_pole	rna	1	BCL2	-0.12211212515830994	-2.111827850341797	0.35564249753952026
TCGA-A2-A0YG-01	1	lumA_pole	rna	2	BCAS3	0.09100670367479324	2.7067480087280273	0.35564249753952026
TCGA-A2-A0YG-01	1	lumA_pole	rna	3	KRT15	0.08969148993492126	1.0874046087265015	0.35564249753952026
TCGA-A2-A0YG-01	1	lumA_pole	rna	4	CD44	-0.0793120265007019	-2.3211617469787598	0.35564249753952026
TCGA-A2-A0YG-01	1	lumA_pole	rna	5	BAG1	-0.06806760281324387	-1.8744211196899414	0.35564249753952026
TCGA-A2-A0YG-01	1	lumA_pole	rna	6	FHL2	-0.06530462205410004	-1.6730561256408691	0.35564249753952026
TCGA-A2-A0YG-01	1	lumA_pole	rna	7	FOS	-0.06281902641057968	-1.5615957975387573	0.35564249753952026
TCGA-A2-A0YG-01	1	lumA_pole	rna	8	KCNK15	-0.05818678066134453	-1.2425273656845093	0.35564249753952026
TCGA-A2-A0YG-01	1	lumA_pole	rna	9	AKAP1	0.0574851892888546	-1.5377742052078247	0.35564249753952026
TCGA-A2-A0YG-01	1	lumA_pole	rna	10	S100A1	-0.0573594830930233	-1.6742868423461914	0.35564249753952026
TCGA-A2-A0YG-01	1	lumA_pole	meth	1	cg10566121	-0.047308299690485	2.0124332904815674	0.35564249753952026
TCGA-A2-A0YG-01	1	lumA_pole	meth	2	cg14042099	-0.039308320730924606	1.2505208253860474	0.35564249753952026
TCGA-A2-A0YG-01	1	lumA_pole	meth	3	cg00799539	0.035701874643564224	1.8670916557312012	0.35564249753952026
TCGA-A2-A0YG-01	1	lumA_pole	meth	4	cg03672342	0.028142644092440605	2.3851101398468018	0.35564249753952026
TCGA-A2-A0YG-01	1	lumA_pole	meth	5	cg10805850	0.025553561747074127	1.3916734457015991	0.35564249753952026
TCGA-A2-A0YG-01	1	lumA_pole	meth	6	cg24039697	0.024562690407037735	2.620473623275757	0.35564249753952026
TCGA-A2-A0YG-01	1	lumA_pole	meth	7	cg13342435	-0.02286744862794876	1.1812382936477661	0.35564249753952026
TCGA-A2-A0YG-01	1	lumA_pole	meth	8	cg15732851	0.022708414122462273	1.4082764387130737	0.35564249753952026
TCGA-A2-A0YG-01	1	lumA_pole	meth	9	cg03048314	0.021497469395399094	1.8317309617996216	0.35564249753952026
TCGA-A2-A0YG-01	1	lumA_pole	meth	10	cg00517532	-0.02127036266028881	2.3793938159942627	0.35564249753952026
TCGA-A2-A0YI-01	0	lumA_pole	rna	1	TSPAN1	0.0024573993869125843	1.434478521347046	0.875500500202179
TCGA-A2-A0YI-01	0	lumA_pole	rna	2	AHCY	0.0024538657162338495	-1.2756847143173218	0.875500500202179
TCGA-A2-A0YI-01	0	lumA_pole	rna	3	CISH	0.002410368761047721	1.5666502714157104	0.875500500202179
TCGA-A2-A0YI-01	0	lumA_pole	rna	4	CALCR	-0.002301636151969433	1.6902728080749512	0.875500500202179
TCGA-A2-A0YI-01	0	lumA_pole	rna	5	KLF4	0.002197948517277837	0.6622982621192932	0.875500500202179
TCGA-A2-A0YI-01	0	lumA_pole	rna	6	RASGRP1	-0.0021636129822582006	2.5960190296173096	0.875500500202179
TCGA-A2-A0YI-01	0	lumA_pole	rna	7	CYP1A1	0.002017152728512883	1.19083571434021	0.875500500202179
TCGA-A2-A0YI-01	0	lumA_pole	rna	8	CHST8	-0.001905784709379077	1.356763482093811	0.875500500202179
TCGA-A2-A0YI-01	0	lumA_pole	rna	9	GLA	-0.001751482835970819	0.9212301969528198	0.875500500202179
TCGA-A2-A0YI-01	0	lumA_pole	rna	10	FAM134B	-0.0016367473872378469	0.9637032151222229	0.875500500202179
TCGA-A2-A0YI-01	0	lumA_pole	meth	1	cg10716835	0.007066494319587946	-1.3880659341812134	0.875500500202179
TCGA-A2-A0YI-01	0	lumA_pole	meth	2	cg15012484	-0.005705592688173056	-1.6401246786117554	0.875500500202179
TCGA-A2-A0YI-01	0	lumA_pole	meth	3	cg01912921	-0.003599907038733363	-1.3492895364761353	0.875500500202179
TCGA-A2-A0YI-01	0	lumA_pole	meth	4	cg24724428	0.0035355580039322376	1.3260560035705566	0.875500500202179
TCGA-A2-A0YI-01	0	lumA_pole	meth	5	cg22120095	0.00317780883051455	1.971150517463684	0.875500500202179
TCGA-A2-A0YI-01	0	lumA_pole	meth	6	cg00803088	-0.003105801297351718	0.5140165090560913	0.875500500202179
TCGA-A2-A0YI-01	0	lumA_pole	meth	7	cg06875707	0.0030400746036320925	1.051456093788147	0.875500500202179
TCGA-A2-A0YI-01	0	lumA_pole	meth	8	cg03345116	-0.002996262162923813	1.0994681119918823	0.875500500202179
TCGA-A2-A0YI-01	0	lumA_pole	meth	9	cg00651400	-0.0029461230151355267	0.8857114911079407	0.875500500202179
TCGA-A2-A0YI-01	0	lumA_pole	meth	10	cg06741896	-0.002632677787914872	1.862023115158081	0.875500500202179
TCGA-A7-A0D9-01	0	lumA_pole	rna	1	MED13L	-0.019361816346645355	1.7775087356567383	0.8241244554519653
TCGA-A7-A0D9-01	0	lumA_pole	rna	2	KRT13	0.016900518909096718	3.693290948867798	0.8241244554519653
TCGA-A7-A0D9-01	0	lumA_pole	rna	3	FOXC1	0.01658608391880989	1.201019287109375	0.8241244554519653
TCGA-A7-A0D9-01	0	lumA_pole	rna	4	ID2	0.01618039794266224	2.4872970581054688	0.8241244554519653
TCGA-A7-A0D9-01	0	lumA_pole	rna	5	PODXL	0.013014784082770348	2.081974506378174	0.8241244554519653
TCGA-A7-A0D9-01	0	lumA_pole	rna	6	EGR3	-0.011549773626029491	-0.9098743200302124	0.8241244554519653
TCGA-A7-A0D9-01	0	lumA_pole	rna	7	FHL2	-0.011255718767642975	-1.4181946516036987	0.8241244554519653
TCGA-A7-A0D9-01	0	lumA_pole	rna	8	PMAIP1	-0.011207913048565388	-1.6941173076629639	0.8241244554519653
TCGA-A7-A0D9-01	0	lumA_pole	rna	9	RBBP8	0.011173209175467491	-1.386049747467041	0.8241244554519653
TCGA-A7-A0D9-01	0	lumA_pole	rna	10	CELSR1	0.01107453741133213	1.5606236457824707	0.8241244554519653
TCGA-A7-A0D9-01	0	lumA_pole	meth	1	cg16650717	-0.020130733028054237	2.485907554626465	0.8241244554519653
TCGA-A7-A0D9-01	0	lumA_pole	meth	2	cg24039697	0.018212435767054558	2.667996406555176	0.8241244554519653
TCGA-A7-A0D9-01	0	lumA_pole	meth	3	cg20087413	-0.017430873587727547	-1.636797308921814	0.8241244554519653
TCGA-A7-A0D9-01	0	lumA_pole	meth	4	cg15543523	0.015806959941983223	1.637567162513733	0.8241244554519653
TCGA-A7-A0D9-01	0	lumA_pole	meth	5	cg10805850	0.01390275452286005	1.7395477294921875	0.8241244554519653
TCGA-A7-A0D9-01	0	lumA_pole	meth	6	cg26089753	0.01289575919508934	1.5387033224105835	0.8241244554519653
TCGA-A7-A0D9-01	0	lumA_pole	meth	7	cg13342435	0.012643302790820599	-1.6066933870315552	0.8241244554519653
TCGA-A7-A0D9-01	0	lumA_pole	meth	8	cg00651400	-0.011547965928912163	-1.404314398765564	0.8241244554519653
TCGA-A7-A0D9-01	0	lumA_pole	meth	9	cg00517532	-0.011380810290575027	0.9095388650894165	0.8241244554519653
TCGA-A7-A0D9-01	0	lumA_pole	meth	10	cg25744613	-0.00986503530293703	1.3405855894088745	0.8241244554519653
TCGA-A7-A2KD-01	1	lumA_pole	rna	1	EGR3	0.05755281820893288	1.2518340349197388	0.7165876030921936
TCGA-A7-A2KD-01	1	lumA_pole	rna	2	BCL2	0.055992599576711655	1.083118200302124	0.7165876030921936
TCGA-A7-A2KD-01	1	lumA_pole	rna	3	ZBTB16	-0.04645666480064392	-1.0614510774612427	0.7165876030921936
TCGA-A7-A2KD-01	1	lumA_pole	rna	4	SLC7A5	-0.041219014674425125	1.4830834865570068	0.7165876030921936
TCGA-A7-A2KD-01	1	lumA_pole	rna	5	CELSR1	0.04087638854980469	1.9452751874923706	0.7165876030921936
TCGA-A7-A2KD-01	1	lumA_pole	rna	6	STC2	-0.039959702640771866	-1.6229276657104492	0.7165876030921936
TCGA-A7-A2KD-01	1	lumA_pole	rna	7	ASB13	-0.03757340461015701	-1.9294112920761108	0.7165876030921936
TCGA-A7-A2KD-01	1	lumA_pole	rna	8	FOS	-0.03747166693210602	-1.2138144969940186	0.7165876030921936
TCGA-A7-A2KD-01	1	lumA_pole	rna	9	FHL2	-0.03606569021940231	-1.3701517581939697	0.7165876030921936
TCGA-A7-A2KD-01	1	lumA_pole	rna	10	PODXL	-0.035579562187194824	-1.2744890451431274	0.7165876030921936
TCGA-A7-A2KD-01	1	lumA_pole	meth	1	cg25744613	0.036886151880025864	-1.549104928970337	0.7165876030921936
TCGA-A7-A2KD-01	1	lumA_pole	meth	2	cg26605683	-0.034295324236154556	1.3453435897827148	0.7165876030921936
TCGA-A7-A2KD-01	1	lumA_pole	meth	3	cg00651400	-0.03267262130975723	-1.3448007106781006	0.7165876030921936
TCGA-A7-A2KD-01	1	lumA_pole	meth	4	cg13570656	0.03077736869454384	-1.7704460620880127	0.7165876030921936
TCGA-A7-A2KD-01	1	lumA_pole	meth	5	cg10342963	0.029895348474383354	-0.7885287404060364	0.7165876030921936
TCGA-A7-A2KD-01	1	lumA_pole	meth	6	cg25339073	0.02678091637790203	-1.111403226852417	0.7165876030921936
TCGA-A7-A2KD-01	1	lumA_pole	meth	7	cg01984743	-0.026210490614175797	1.1515449285507202	0.7165876030921936
TCGA-A7-A2KD-01	1	lumA_pole	meth	8	cg26325335	0.02576141431927681	-1.4144151210784912	0.7165876030921936
TCGA-A7-A2KD-01	1	lumA_pole	meth	9	cg15543523	-0.025282615795731544	-0.7322522401809692	0.7165876030921936
TCGA-A7-A2KD-01	1	lumA_pole	meth	10	cg20087413	-0.025095781311392784	-1.1174525022506714	0.7165876030921936
TCGA-A7-A3J1-01	0	lumA_pole	rna	1	EGR3	0.02230926789343357	1.7958722114562988	0.837361752986908
TCGA-A7-A3J1-01	0	lumA_pole	rna	2	ZBTB16	0.019745366647839546	1.7933943271636963	0.837361752986908
TCGA-A7-A3J1-01	0	lumA_pole	rna	3	HR	-0.011354802176356316	1.50031316280365	0.837361752986908
TCGA-A7-A3J1-01	0	lumA_pole	rna	4	SGK3	-0.01069773081690073	2.5750815868377686	0.837361752986908
TCGA-A7-A3J1-01	0	lumA_pole	rna	5	TSPAN1	-0.008760775439441204	-1.0353751182556152	0.837361752986908
TCGA-A7-A3J1-01	0	lumA_pole	rna	6	ANXA9	-0.008418599143624306	1.0225489139556885	0.837361752986908
TCGA-A7-A3J1-01	0	lumA_pole	rna	7	FOS	0.007295011542737484	0.9076814651489258	0.837361752986908
TCGA-A7-A3J1-01	0	lumA_pole	rna	8	RAB17	0.007217329926788807	0.5894486904144287	0.837361752986908
TCGA-A7-A3J1-01	0	lumA_pole	rna	9	BLVRB	-0.006697516888380051	1.1647766828536987	0.837361752986908
TCGA-A7-A3J1-01	0	lumA_pole	rna	10	FHL2	-0.005839062854647636	-1.0314244031906128	0.837361752986908
TCGA-A7-A3J1-01	0	lumA_pole	meth	1	cg10342963	-0.016382791101932526	1.3448201417922974	0.837361752986908
TCGA-A7-A3J1-01	0	lumA_pole	meth	2	cg26089753	0.012918135151267052	0.7600933909416199	0.837361752986908
TCGA-A7-A3J1-01	0	lumA_pole	meth	3	cg14042099	-0.010538632050156593	0.7085678577423096	0.837361752986908
TCGA-A7-A3J1-01	0	lumA_pole	meth	4	cg15543523	0.009988007135689259	0.504826009273529	0.837361752986908
TCGA-A7-A3J1-01	0	lumA_pole	meth	5	cg20087413	0.00878866109997034	0.4512506127357483	0.837361752986908
TCGA-A7-A3J1-01	0	lumA_pole	meth	6	cg05116002	-0.008534042164683342	0.9361447095870972	0.837361752986908
TCGA-A7-A3J1-01	0	lumA_pole	meth	7	cg00651400	-0.008427267894148827	-0.790735125541687	0.837361752986908
TCGA-A7-A3J1-01	0	lumA_pole	meth	8	cg06741896	0.008338858373463154	1.7831244468688965	0.837361752986908
TCGA-A7-A3J1-01	0	lumA_pole	meth	9	cg17538572	0.00813334435224533	-1.0915478467941284	0.837361752986908
TCGA-A7-A3J1-01	0	lumA_pole	meth	10	cg08810842	0.007555007468909025	-0.932360827922821	0.837361752986908
TCGA-AC-A23E-01	0	lumA_pole	rna	1	EGR3	-0.004583875183016062	-0.7938060164451599	0.866908609867096
TCGA-AC-A23E-01	0	lumA_pole	rna	2	FOS	-0.004487111233174801	-0.9231454133987427	0.866908609867096
TCGA-AC-A23E-01	0	lumA_pole	rna	3	PDLIM3	0.004382699728012085	1.5530856847763062	0.866908609867096
TCGA-AC-A23E-01	0	lumA_pole	rna	4	IL17RB	-0.00435221241787076	-1.3722740411758423	0.866908609867096
TCGA-AC-A23E-01	0	lumA_pole	rna	5	ZBTB16	0.003918297588825226	1.0730069875717163	0.866908609867096
TCGA-AC-A23E-01	0	lumA_pole	rna	6	RAB17	-0.0033350700978189707	-0.4560849964618683	0.866908609867096
TCGA-AC-A23E-01	0	lumA_pole	rna	7	TOB1	0.0033060843124985695	-1.7176374197006226	0.866908609867096
TCGA-AC-A23E-01	0	lumA_pole	rna	8	CLU	-0.003281742800027132	-0.857305645942688	0.866908609867096
TCGA-AC-A23E-01	0	lumA_pole	rna	9	DLC1	0.003268199972808361	0.4381449818611145	0.866908609867096
TCGA-AC-A23E-01	0	lumA_pole	rna	10	CYP26A1	0.0030234926380217075	1.4809722900390625	0.866908609867096
TCGA-AC-A23E-01	0	lumA_pole	meth	1	cg10716835	0.010687438771128654	-1.116384506225586	0.866908609867096
TCGA-AC-A23E-01	0	lumA_pole	meth	2	cg26089753	0.007608537096530199	1.3508691787719727	0.866908609867096
TCGA-AC-A23E-01	0	lumA_pole	meth	3	cg26605683	-0.007338305935263634	0.8892611265182495	0.866908609867096
TCGA-AC-A23E-01	0	lumA_pole	meth	4	cg10805850	0.006260099355131388	1.323216438293457	0.866908609867096
TCGA-AC-A23E-01	0	lumA_pole	meth	5	cg01207684	-0.005852776113897562	0.7103629112243652	0.866908609867096
TCGA-AC-A23E-01	0	lumA_pole	meth	6	cg20087413	0.005831713322550058	0.5613499879837036	0.866908609867096
TCGA-AC-A23E-01	0	lumA_pole	meth	7	cg14042099	0.0049292356707155704	-1.0367774963378906	0.866908609867096
TCGA-AC-A23E-01	0	lumA_pole	meth	8	cg01738022	0.004905394744127989	1.1913491487503052	0.866908609867096
TCGA-AC-A23E-01	0	lumA_pole	meth	9	cg06875707	-0.004798222333192825	-0.9414749145507812	0.866908609867096
TCGA-AC-A23E-01	0	lumA_pole	meth	10	cg17538572	0.0043212068267166615	-0.8718429803848267	0.866908609867096
TCGA-AC-A2BM-01	1	lumA_pole	rna	1	PDLIM3	-0.09568341076374054	-2.8060801029205322	0.38725945353507996
TCGA-AC-A2BM-01	1	lumA_pole	rna	2	FARP1	-0.06381358206272125	-2.681514024734497	0.38725945353507996
TCGA-AC-A2BM-01	1	lumA_pole	rna	3	TUBB2B	-0.05577768012881279	-1.1751701831817627	0.38725945353507996
TCGA-AC-A2BM-01	1	lumA_pole	rna	4	CYP26B1	-0.05516580864787102	-2.7801120281219482	0.38725945353507996
TCGA-AC-A2BM-01	1	lumA_pole	rna	5	BCL2	0.04857581853866577	1.196958303451538	0.38725945353507996
TCGA-AC-A2BM-01	1	lumA_pole	rna	6	CD44	-0.04713413491845131	-1.9476091861724854	0.38725945353507996
TCGA-AC-A2BM-01	1	lumA_pole	rna	7	KCNK5	-0.039004310965538025	-1.7058581113815308	0.38725945353507996
TCGA-AC-A2BM-01	1	lumA_pole	rna	8	STC2	0.03363918140530586	1.201625943183899	0.38725945353507996
TCGA-AC-A2BM-01	1	lumA_pole	rna	9	PODXL	-0.03360416367650032	-1.9778567552566528	0.38725945353507996
TCGA-AC-A2BM-01	1	lumA_pole	rna	10	EGR3	-0.03247994929552078	-1.0380016565322876	0.38725945353507996
TCGA-AC-A2BM-01	1	lumA_pole	meth	1	cg15543523	0.04589337483048439	1.416125774383545	0.38725945353507996
TCGA-AC-A2BM-01	1	lumA_pole	meth	2	cg10342963	-0.03671269118785858	1.3203094005584717	0.38725945353507996
TCGA-AC-A2BM-01	1	lumA_pole	meth	3	cg00517532	-0.034867774695158005	2.0952799320220947	0.38725945353507996
TCGA-AC-A2BM-01	1	lumA_pole	meth	4	cg10805850	0.03310467302799225	1.0217951536178589	0.38725945353507996
TCGA-AC-A2BM-01	1	lumA_pole	meth	5	cg00773370	0.03071787767112255	1.6344990730285645	0.38725945353507996
TCGA-AC-A2BM-01	1	lumA_pole	meth	6	cg01321962	0.030429726466536522	1.2744636535644531	0.38725945353507996
TCGA-AC-A2BM-01	1	lumA_pole	meth	7	cg06197966	-0.03011525422334671	1.6850308179855347	0.38725945353507996
TCGA-AC-A2BM-01	1	lumA_pole	meth	8	cg00803088	-0.029347354546189308	1.3820924758911133	0.38725945353507996
TCGA-AC-A2BM-01	1	lumA_pole	meth	9	cg20087413	-0.02857329323887825	-1.0449063777923584	0.38725945353507996
TCGA-AC-A2BM-01	1	lumA_pole	meth	10	cg13570656	-0.027039986103773117	1.3084169626235962	0.38725945353507996
TCGA-AC-A2FB-01	0	lumA_pole	rna	1	IGFBP4	0.00319892936386168	2.4342234134674072	0.8786976337432861
TCGA-AC-A2FB-01	0	lumA_pole	rna	2	FOS	0.0023075744975358248	1.5351556539535522	0.8786976337432861
TCGA-AC-A2FB-01	0	lumA_pole	rna	3	GLA	-0.002088225446641445	2.4354538917541504	0.8786976337432861
TCGA-AC-A2FB-01	0	lumA_pole	rna	4	EZR	0.002027400303632021	1.7444700002670288	0.8786976337432861
TCGA-AC-A2FB-01	0	lumA_pole	rna	5	CLU	0.0019390430534258485	1.47078275680542	0.8786976337432861
TCGA-AC-A2FB-01	0	lumA_pole	rna	6	ZBTB16	0.0018838167889043689	1.387586236000061	0.8786976337432861
TCGA-AC-A2FB-01	0	lumA_pole	rna	7	DUSP4	0.001654581748880446	1.3943336009979248	0.8786976337432861
TCGA-AC-A2FB-01	0	lumA_pole	rna	8	EGR3	0.0015719328075647354	0.9741618633270264	0.8786976337432861
TCGA-AC-A2FB-01	0	lumA_pole	rna	9	PLAC1	-0.0014666116330772638	-1.6078685522079468	0.8786976337432861
TCGA-AC-A2FB-01	0	lumA_pole	rna	10	CDC14B	-0.0010221583070233464	0.7866617441177368	0.8786976337432861
TCGA-AC-A2FB-01	0	lumA_pole	meth	1	cg26089753	0.00551654864102602	1.2298988103866577	0.8786976337432861
TCGA-AC-A2FB-01	0	lumA_pole	meth	2	cg03345116	-0.003928424324840307	0.8150252103805542	0.8786976337432861
TCGA-AC-A2FB-01	0	lumA_pole	meth	3	cg06741896	-0.003774200566112995	1.5149352550506592	0.8786976337432861
TCGA-AC-A2FB-01	0	lumA_pole	meth	4	cg20087413	0.0030000940896570683	0.6697423458099365	0.8786976337432861
TCGA-AC-A2FB-01	0	lumA_pole	meth	5	cg00803088	0.002731007756665349	-0.895082950592041	0.8786976337432861
TCGA-AC-A2FB-01	0	lumA_pole	meth	6	cg15732851	-0.0026992037892341614	1.1128343343734741	0.8786976337432861
TCGA-AC-A2FB-01	0	lumA_pole	meth	7	cg06539449	0.002620951272547245	0.784328043460846	0.8786976337432861
TCGA-AC-A2FB-01	0	lumA_pole	meth	8	cg01912921	-0.0025483693461865187	-0.9314481019973755	0.8786976337432861
TCGA-AC-A2FB-01	0	lumA_pole	meth	9	cg06875707	0.0022202671971172094	0.8380732536315918	0.8786976337432861
TCGA-AC-A2FB-01	0	lumA_pole	meth	10	cg14058239	0.0021588094532489777	1.0060381889343262	0.8786976337432861
TCGA-AC-A2FG-01	0	lumA_pole	rna	1	JAK2	0.0032502177637070417	1.7185039520263672	0.8787704110145569
TCGA-AC-A2FG-01	0	lumA_pole	rna	2	KLF4	0.002667896682396531	1.0804944038391113	0.8787704110145569
TCGA-AC-A2FG-01	0	lumA_pole	rna	3	PDLIM3	0.002387426560744643	1.800899624824524	0.8787704110145569
TCGA-AC-A2FG-01	0	lumA_pole	rna	4	DHRS2	-0.0021182233467698097	1.187340259552002	0.8787704110145569
TCGA-AC-A2FG-01	0	lumA_pole	rna	5	ATP2B4	-0.0019759454298764467	-1.4578205347061157	0.8787704110145569
TCGA-AC-A2FG-01	0	lumA_pole	rna	6	SLC27A2	0.0019466886296868324	1.0729122161865234	0.8787704110145569
TCGA-AC-A2FG-01	0	lumA_pole	rna	7	CDC14B	-0.0016940486384555697	1.0764284133911133	0.8787704110145569
TCGA-AC-A2FG-01	0	lumA_pole	rna	8	IL17RB	0.0015631393762305379	1.4410609006881714	0.8787704110145569
TCGA-AC-A2FG-01	0	lumA_pole	rna	9	CYP1A1	0.0014649798395112157	0.951844334602356	0.8787704110145569
TCGA-AC-A2FG-01	0	lumA_pole	rna	10	FGFR3	-0.001461225445382297	0.8805138468742371	0.8787704110145569
TCGA-AC-A2FG-01	0	lumA_pole	meth	1	cg01207684	0.006391067989170551	-1.3646833896636963	0.8787704110145569
TCGA-AC-A2FG-01	0	lumA_pole	meth	2	cg13570656	-0.005028311628848314	-1.372664213180542	0.8787704110145569
TCGA-AC-A2FG-01	0	lumA_pole	meth	3	cg10716835	0.004425656981766224	-0.8639917969703674	0.8787704110145569
TCGA-AC-A2FG-01	0	lumA_pole	meth	4	cg00803088	0.004359364975243807	-0.949311375617981	0.8787704110145569
TCGA-AC-A2FG-01	0	lumA_pole	meth	5	cg10342963	-0.00432343827560544	1.2375859022140503	0.8787704110145569
TCGA-AC-A2FG-01	0	lumA_pole	meth	6	cg22732636	-0.0037585031241178513	-1.078964352607727	0.8787704110145569
TCGA-AC-A2FG-01	0	lumA_pole	meth	7	cg07189962	-0.0036167290527373552	-0.7121893763542175	0.8787704110145569
TCGA-AC-A2FG-01	0	lumA_pole	meth	8	cg06875707	0.0035739904269576073	0.842960000038147	0.8787704110145569
TCGA-AC-A2FG-01	0	lumA_pole	meth	9	cg09646983	-0.0032611689530313015	-1.1423050165176392	0.8787704110145569
TCGA-AC-A2FG-01	0	lumA_pole	meth	10	cg20087413	-0.0031044704373925924	-0.6348074078559875	0.8787704110145569
TCGA-AN-A0XV-01	0	lumA_pole	rna	1	GLA	-0.010763537138700485	2.9702486991882324	0.8658747673034668
TCGA-AN-A0XV-01	0	lumA_pole	rna	2	IL17RB	0.0058790841139853	3.3239340782165527	0.8658747673034668
TCGA-AN-A0XV-01	0	lumA_pole	rna	3	AHCY	0.003434122307226062	-0.6906646490097046	0.8658747673034668
TCGA-AN-A0XV-01	0	lumA_pole	rna	4	SGK3	-0.0032889777794480324	1.541911244392395	0.8658747673034668
TCGA-AN-A0XV-01	0	lumA_pole	rna	5	DLC1	0.0031016389839351177	0.7157691121101379	0.8658747673034668
TCGA-AN-A0XV-01	0	lumA_pole	rna	6	AGR2	0.003053737571462989	-1.2661218643188477	0.8658747673034668
TCGA-AN-A0XV-01	0	lumA_pole	rna	7	ESR1	0.002897149184718728	1.1499104499816895	0.8658747673034668
TCGA-AN-A0XV-01	0	lumA_pole	rna	8	PDZK1	0.0028706248849630356	-1.3708434104919434	0.8658747673034668
TCGA-AN-A0XV-01	0	lumA_pole	rna	9	NPY1R	0.0028077932074666023	-0.9515199661254883	0.8658747673034668
TCGA-AN-A0XV-01	0	lumA_pole	rna	10	FAM134B	-0.002684432314708829	0.5781227350234985	0.8658747673034668
TCGA-AN-A0XV-01	0	lumA_pole	meth	1	cg00517532	-0.012170467525720596	1.981799840927124	0.8658747673034668
TCGA-AN-A0XV-01	0	lumA_pole	meth	2	cg18456459	0.01001016329973936	-2.0101828575134277	0.8658747673034668
TCGA-AN-A0XV-01	0	lumA_pole	meth	3	cg01984743	0.007094330154359341	-1.2510294914245605	0.8658747673034668
TCGA-AN-A0XV-01	0	lumA_pole	meth	4	cg10716835	-0.007051330059766769	0.89290851354599	0.8658747673034668
TCGA-AN-A0XV-01	0	lumA_pole	meth	5	cg10805850	0.006791430525481701	1.0975871086120605	0.8658747673034668
TCGA-AN-A0XV-01	0	lumA_pole	meth	6	cg01207684	0.005440900102257729	-2.0163187980651855	0.8658747673034668
TCGA-AN-A0XV-01	0	lumA_pole	meth	7	cg01321962	-0.004702478647232056	-1.235905408859253	0.8658747673034668
TCGA-AN-A0XV-01	0	lumA_pole	meth	8	cg25744613	-0.004616897087544203	0.7078617811203003	0.8658747673034668
TCGA-AN-A0XV-01	0	lumA_pole	meth	9	cg01912921	-0.004482043907046318	0.9778720736503601	0.8658747673034668
TCGA-AN-A0XV-01	0	lumA_pole	meth	10	cg22120095	-0.003951909951865673	-0.6599279642105103	0.8658747673034668
TCGA-AO-A03M-01	0	lumA_pole	rna	1	TUBB2B	0.02462078258395195	2.2578539848327637	0.8443114161491394
TCGA-AO-A03M-01	0	lumA_pole	rna	2	KRT15	0.015106911770999432	1.218205213546753	0.8443114161491394
TCGA-AO-A03M-01	0	lumA_pole	rna	3	EGR3	0.01490744762122631	0.7518861889839172	0.8443114161491394
TCGA-AO-A03M-01	0	lumA_pole	rna	4	THSD4	-0.014623249880969524	-1.567639946937561	0.8443114161491394
TCGA-AO-A03M-01	0	lumA_pole	rna	5	S100A1	-0.014538740739226341	-1.0700052976608276	0.8443114161491394
TCGA-AO-A03M-01	0	lumA_pole	rna	6	SLC7A5	-0.013362796045839787	1.2601536512374878	0.8443114161491394
TCGA-AO-A03M-01	0	lumA_pole	rna	7	ZBTB16	0.012248468585312366	0.6487181782722473	0.8443114161491394
TCGA-AO-A03M-01	0	lumA_pole	rna	8	FHL2	-0.01221681572496891	-1.193236231803894	0.8443114161491394
TCGA-AO-A03M-01	0	lumA_pole	rna	9	DCXR	-0.01188753079622984	1.8016208410263062	0.8443114161491394
TCGA-AO-A03M-01	0	lumA_pole	rna	10	UNC119	-0.011511079035699368	1.4473243951797485	0.8443114161491394
TCGA-AO-A03M-01	0	lumA_pole	meth	1	cg00517532	-0.012675867415964603	1.628106951713562	0.8443114161491394
TCGA-AO-A03M-01	0	lumA_pole	meth	2	cg15543523	0.01230800710618496	1.4350560903549194	0.8443114161491394
TCGA-AO-A03M-01	0	lumA_pole	meth	3	cg00803088	0.010183840058743954	-1.1048504114151	0.8443114161491394
TCGA-AO-A03M-01	0	lumA_pole	meth	4	cg10716835	-0.009758958593010902	0.7767665982246399	0.8443114161491394
TCGA-AO-A03M-01	0	lumA_pole	meth	5	cg26089753	0.0090755894780159	1.2897242307662964	0.8443114161491394
TCGA-AO-A03M-01	0	lumA_pole	meth	6	cg26605683	0.008894999511539936	-0.8144099712371826	0.8443114161491394
TCGA-AO-A03M-01	0	lumA_pole	meth	7	cg24724428	-0.008771100081503391	-1.1921238899230957	0.8443114161491394
TCGA-AO-A03M-01	0	lumA_pole	meth	8	cg17538572	-0.007884110324084759	0.6074180603027344	0.8443114161491394
TCGA-AO-A03M-01	0	lumA_pole	meth	9	cg01738022	-0.00739335035905242	-1.5723921060562134	0.8443114161491394
TCGA-AO-A03M-01	0	lumA_pole	meth	10	cg24039697	0.006631664000451565	1.7761693000793457	0.8443114161491394
TCGA-AO-A03N-01	1	lumA_pole	rna	1	SLC26A2	0.07506962865591049	3.429863929748535	0.3267926871776581
TCGA-AO-A03N-01	1	lumA_pole	rna	2	AHNAK	-0.0689171776175499	-2.3912887573242188	0.3267926871776581
TCGA-AO-A03N-01	1	lumA_pole	rna	3	BCL2	-0.0583525188267231	-2.462113857269287	0.3267926871776581
TCGA-AO-A03N-01	1	lumA_pole	rna	4	AKAP1	0.05322642624378204	-2.7434639930725098	0.3267926871776581
TCGA-AO-A03N-01	1	lumA_pole	rna	5	EGR3	-0.052006129175424576	-2.0056135654449463	0.3267926871776581
TCGA-AO-A03N-01	1	lumA_pole	rna	6	DUSP4	-0.04359086975455284	-2.104870557785034	0.3267926871776581
TCGA-AO-A03N-01	1	lumA_pole	rna	7	S100A1	0.041073594242334366	1.9987220764160156	0.3267926871776581
TCGA-AO-A03N-01	1	lumA_pole	rna	8	BCAS3	-0.03516770526766777	-4.254072189331055	0.3267926871776581
TCGA-AO-A03N-01	1	lumA_pole	rna	9	TUBB2B	-0.030048517510294914	-0.8817264437675476	0.3267926871776581
TCGA-AO-A03N-01	1	lumA_pole	rna	10	CELSR2	-0.029310759156942368	-2.3697571754455566	0.3267926871776581
TCGA-AO-A03N-01	1	lumA_pole	meth	1	cg14042099	0.04322231188416481	-1.4780211448669434	0.3267926871776581
TCGA-AO-A03N-01	1	lumA_pole	meth	2	cg00799539	-0.024160949513316154	-1.3236318826675415	0.3267926871776581
TCGA-AO-A03N-01	1	lumA_pole	meth	3	cg06780216	-0.023812495172023773	-1.1854619979858398	0.3267926871776581
TCGA-AO-A03N-01	1	lumA_pole	meth	4	cg25339073	-0.016910260543227196	1.403274655342102	0.3267926871776581
TCGA-AO-A03N-01	1	lumA_pole	meth	5	cg00803088	0.016414139419794083	-1.1674864292144775	0.3267926871776581
TCGA-AO-A03N-01	1	lumA_pole	meth	6	cg00651400	-0.015270013362169266	-1.3087570667266846	0.3267926871776581
TCGA-AO-A03N-01	1	lumA_pole	meth	7	cg15012484	-0.014088945463299751	1.4918776750564575	0.3267926871776581
TCGA-AO-A03N-01	1	lumA_pole	meth	8	cg10716835	0.013110624626278877	-0.8512694835662842	0.3267926871776581
TCGA-AO-A03N-01	1	lumA_pole	meth	9	cg01738022	0.012895862571895123	1.037232756614685	0.3267926871776581
TCGA-AO-A03N-01	1	lumA_pole	meth	10	cg24676071	0.012683727778494358	0.7226592302322388	0.3267926871776581
TCGA-AO-A0JA-01	0	lumA_pole	rna	1	SUSD3	-0.04717271402478218	-2.6225509643554688	0.7767240405082703
TCGA-AO-A0JA-01	0	lumA_pole	rna	2	STC2	-0.04457724094390869	-1.8363288640975952	0.7767240405082703
TCGA-AO-A0JA-01	0	lumA_pole	rna	3	SLC7A5	-0.043253667652606964	1.7044304609298706	0.7767240405082703
TCGA-AO-A0JA-01	0	lumA_pole	rna	4	CLIC3	0.04258902370929718	2.3331778049468994	0.7767240405082703
TCGA-AO-A0JA-01	0	lumA_pole	rna	5	PDLIM3	-0.03830839321017265	-1.1372580528259277	0.7767240405082703
TCGA-AO-A0JA-01	0	lumA_pole	rna	6	S100A1	0.03461566939949989	1.2143968343734741	0.7767240405082703
TCGA-AO-A0JA-01	0	lumA_pole	rna	7	SGK1	0.03451622650027275	1.1187461614608765	0.7767240405082703
TCGA-AO-A0JA-01	0	lumA_pole	rna	8	AHNAK	0.03272959962487221	1.1387125253677368	0.7767240405082703
TCGA-AO-A0JA-01	0	lumA_pole	rna	9	ELF1	0.030963482335209846	1.5061348676681519	0.7767240405082703
TCGA-AO-A0JA-01	0	lumA_pole	rna	10	EGR3	0.02629009447991848	0.6019647717475891	0.7767240405082703
TCGA-AO-A0JA-01	0	lumA_pole	meth	1	cg10566121	-0.03236755356192589	1.7877020835876465	0.7767240405082703
TCGA-AO-A0JA-01	0	lumA_pole	meth	2	cg24724428	0.0260765440762043	1.2542418241500854	0.7767240405082703
TCGA-AO-A0JA-01	0	lumA_pole	meth	3	cg15543523	0.024218380451202393	1.5900211334228516	0.7767240405082703
TCGA-AO-A0JA-01	0	lumA_pole	meth	4	cg25339073	-0.020581809803843498	1.415945053100586	0.7767240405082703
TCGA-AO-A0JA-01	0	lumA_pole	meth	5	cg00803088	0.02053879201412201	-1.1679067611694336	0.7767240405082703
TCGA-AO-A0JA-01	0	lumA_pole	meth	6	cg00517532	-0.018328620120882988	1.7867302894592285	0.7767240405082703
TCGA-AO-A0JA-01	0	lumA_pole	meth	7	cg10805850	0.01661486178636551	1.5603716373443604	0.7767240405082703
TCGA-AO-A0JA-01	0	lumA_pole	meth	8	cg26089753	0.015964748337864876	1.5043917894363403	0.7767240405082703
TCGA-AO-A0JA-01	0	lumA_pole	meth	9	cg22731981	-0.012644920498132706	-1.0951024293899536	0.7767240405082703
TCGA-AO-A0JA-01	0	lumA_pole	meth	10	cg14042099	0.012382919900119305	-0.5677958726882935	0.7767240405082703
TCGA-AO-A0JC-01	0	lumA_pole	rna	1	RAB17	-0.12561726570129395	-2.2729556560516357	0.7415750622749329
TCGA-AO-A0JC-01	0	lumA_pole	rna	2	THSD4	-0.08731383830308914	-2.5594537258148193	0.7415750622749329
TCGA-AO-A0JC-01	0	lumA_pole	rna	3	KCNK15	-0.07514511048793793	-2.5199406147003174	0.7415750622749329
TCGA-AO-A0JC-01	0	lumA_pole	rna	4	TSPAN1	-0.07069868594408035	-1.6423044204711914	0.7415750622749329
TCGA-AO-A0JC-01	0	lumA_pole	rna	5	CYP26B1	0.05993672460317612	1.6211999654769897	0.7415750622749329
TCGA-AO-A0JC-01	0	lumA_pole	rna	6	FKBP4	0.059071049094200134	-2.64587664604187	0.7415750622749329
TCGA-AO-A0JC-01	0	lumA_pole	rna	7	TUBB2B	0.05781073123216629	0.9953833222389221	0.7415750622749329
TCGA-AO-A0JC-01	0	lumA_pole	rna	8	KRT13	0.05627970024943352	3.989417314529419	0.7415750622749329
TCGA-AO-A0JC-01	0	lumA_pole	rna	9	CXCL12	0.05512502044439316	1.6578317880630493	0.7415750622749329
TCGA-AO-A0JC-01	0	lumA_pole	rna	10	FHL2	-0.05467763915657997	-2.017324686050415	0.7415750622749329
TCGA-AO-A0JC-01	0	lumA_pole	meth	1	cg01738022	-0.046463046222925186	-1.8054832220077515	0.7415750622749329
TCGA-AO-A0JC-01	0	lumA_pole	meth	2	cg14042099	-0.04417286813259125	1.577399730682373	0.7415750622749329
TCGA-AO-A0JC-01	0	lumA_pole	meth	3	cg10805850	-0.04211704060435295	-1.3818899393081665	0.7415750622749329
TCGA-AO-A0JC-01	0	lumA_pole	meth	4	cg10342963	-0.04183834418654442	1.2167518138885498	0.7415750622749329
TCGA-AO-A0JC-01	0	lumA_pole	meth	5	cg15543523	0.03639640286564827	1.6137940883636475	0.7415750622749329
TCGA-AO-A0JC-01	0	lumA_pole	meth	6	cg26089753	0.03182786703109741	1.4929544925689697	0.7415750622749329
TCGA-AO-A0JC-01	0	lumA_pole	meth	7	cg01984743	-0.02907065488398075	0.8233369588851929	0.7415750622749329
TCGA-AO-A0JC-01	0	lumA_pole	meth	8	cg06741896	0.028776487335562706	1.565324306488037	0.7415750622749329
TCGA-AO-A0JC-01	0	lumA_pole	meth	9	cg20087413	0.02832161635160446	1.563766598701477	0.7415750622749329
TCGA-AO-A0JC-01	0	lumA_pole	meth	10	cg05116002	-0.02539953403174877	0.9656829237937927	0.7415750622749329
TCGA-AO-A0JI-01	0	lumA_pole	rna	1	PDLIM3	-0.1755439192056656	-2.1381783485412598	0.6301494836807251
TCGA-AO-A0JI-01	0	lumA_pole	rna	2	S100A1	-0.0995553731918335	-2.3818628787994385	0.6301494836807251
TCGA-AO-A0JI-01	0	lumA_pole	rna	3	RASGRP1	-0.09593559056520462	2.326690435409546	0.6301494836807251
TCGA-AO-A0JI-01	0	lumA_pole	rna	4	TMPRSS3	-0.09408678114414215	-1.8640598058700562	0.6301494836807251
TCGA-AO-A0JI-01	0	lumA_pole	rna	5	FHL2	-0.08267088234424591	-2.1565194129943848	0.6301494836807251
TCGA-AO-A0JI-01	0	lumA_pole	rna	6	RAB31	0.0808323547244072	-3.123558521270752	0.6301494836807251
TCGA-AO-A0JI-01	0	lumA_pole	rna	7	ALDH3A2	-0.07804974168539047	2.0729260444641113	0.6301494836807251
TCGA-AO-A0JI-01	0	lumA_pole	rna	8	BCL2	0.07790599763393402	0.9957494139671326	0.6301494836807251
TCGA-AO-A0JI-01	0	lumA_pole	rna	9	ELF3	0.06632257997989655	1.3247178792953491	0.6301494836807251
TCGA-AO-A0JI-01	0	lumA_pole	rna	10	GATA3	0.0654074102640152	1.8009089231491089	0.6301494836807251
TCGA-AO-A0JI-01	0	lumA_pole	meth	1	cg10566121	-0.07352633774280548	2.7185604572296143	0.6301494836807251
TCGA-AO-A0JI-01	0	lumA_pole	meth	2	cg16650717	-0.04243107885122299	1.8931975364685059	0.6301494836807251
TCGA-AO-A0JI-01	0	lumA_pole	meth	3	cg00517532	-0.04187139868736267	2.3305230140686035	0.6301494836807251
TCGA-AO-A0JI-01	0	lumA_pole	meth	4	cg00799539	0.04165326803922653	1.9179298877716064	0.6301494836807251
TCGA-AO-A0JI-01	0	lumA_pole	meth	5	cg24724428	0.03977646678686142	2.1476259231567383	0.6301494836807251
TCGA-AO-A0JI-01	0	lumA_pole	meth	6	cg10716835	-0.039134182035923004	1.9176644086837769	0.6301494836807251
TCGA-AO-A0JI-01	0	lumA_pole	meth	7	cg25744613	-0.03842439502477646	1.6128333806991577	0.6301494836807251
TCGA-AO-A0JI-01	0	lumA_pole	meth	8	cg13456086	0.037112217396497726	1.804275393486023	0.6301494836807251
TCGA-AO-A0JI-01	0	lumA_pole	meth	9	cg05116002	0.03605666011571884	-2.000570297241211	0.6301494836807251
TCGA-AO-A0JI-01	0	lumA_pole	meth	10	cg00773370	0.03596379607915878	1.6648322343826294	0.6301494836807251
TCGA-AO-A126-01	0	lumA_pole	rna	1	TMPRSS3	-0.05693580210208893	-2.1906027793884277	0.8031435608863831
TCGA-AO-A126-01	0	lumA_pole	rna	2	TUBB2B	-0.04663625359535217	-1.6384867429733276	0.8031435608863831
TCGA-AO-A126-01	0	lumA_pole	rna	3	AHNAK	-0.046562664210796356	-1.8871387243270874	0.8031435608863831
TCGA-AO-A126-01	0	lumA_pole	rna	4	AKAP1	0.04356633499264717	-2.8071298599243164	0.8031435608863831
TCGA-AO-A126-01	0	lumA_pole	rna	5	BCL2	0.035365425050258636	1.090707540512085	0.8031435608863831
TCGA-AO-A126-01	0	lumA_pole	rna	6	RBBP8	0.03027861937880516	-1.6800618171691895	0.8031435608863831
TCGA-AO-A126-01	0	lumA_pole	rna	7	ZBTB16	0.028388746082782745	0.9112440347671509	0.8031435608863831
TCGA-AO-A126-01	0	lumA_pole	rna	8	UGCG	-0.02634519711136818	-2.1698954105377197	0.8031435608863831
TCGA-AO-A126-01	0	lumA_pole	rna	9	CD44	0.025673547759652138	1.2975974082946777	0.8031435608863831
TCGA-AO-A126-01	0	lumA_pole	rna	10	BATF	0.025654708966612816	1.752346158027649	0.8031435608863831
TCGA-AO-A126-01	0	lumA_pole	meth	1	cg20087413	0.013882891274988651	1.3200969696044922	0.8031435608863831
TCGA-AO-A126-01	0	lumA_pole	meth	2	cg17538572	-0.013479351066052914	1.0202747583389282	0.8031435608863831
TCGA-AO-A126-01	0	lumA_pole	meth	3	cg13342435	-0.011810284107923508	1.2207894325256348	0.8031435608863831
TCGA-AO-A126-01	0	lumA_pole	meth	4	cg17706972	0.011579293757677078	1.2643613815307617	0.8031435608863831
TCGA-AO-A126-01	0	lumA_pole	meth	5	cg25744613	0.010142520070075989	-1.6133856773376465	0.8031435608863831
TCGA-AO-A126-01	0	lumA_pole	meth	6	cg24724428	0.009629801847040653	0.893219530582428	0.8031435608863831
TCGA-AO-A126-01	0	lumA_pole	meth	7	cg01738022	0.0093520013615489	1.1794644594192505	0.8031435608863831
TCGA-AO-A126-01	0	lumA_pole	meth	8	cg01207684	-0.00926838256418705	0.7752930521965027	0.8031435608863831
TCGA-AO-A126-01	0	lumA_pole	meth	9	cg22120095	-0.008511836640536785	1.8192939758300781	0.8031435608863831
TCGA-AO-A126-01	0	lumA_pole	meth	10	cg13948082	-0.008387393318116665	1.3266657590866089	0.8031435608863831
TCGA-AO-A1KT-01	1	lumA_pole	rna	1	BCL2	-0.15496547520160675	-1.8936336040496826	0.4175650477409363
TCGA-AO-A1KT-01	1	lumA_pole	rna	2	ZBTB16	-0.10997401177883148	-1.3992555141448975	0.4175650477409363
TCGA-AO-A1KT-01	1	lumA_pole	rna	3	ELF1	-0.10801108181476593	-2.927733898162842	0.4175650477409363
TCGA-AO-A1KT-01	1	lumA_pole	rna	4	ACOX2	0.08864739537239075	-1.859678030014038	0.4175650477409363
TCGA-AO-A1KT-01	1	lumA_pole	rna	5	S100A1	-0.08617829531431198	-1.7320412397384644	0.4175650477409363
TCGA-AO-A1KT-01	1	lumA_pole	rna	6	SYT12	0.07059958577156067	3.0093419551849365	0.4175650477409363
TCGA-AO-A1KT-01	1	lumA_pole	rna	7	AHNAK	0.06399371474981308	0.808130145072937	0.4175650477409363
TCGA-AO-A1KT-01	1	lumA_pole	rna	8	SLC26A2	-0.06310999393463135	-1.5349833965301514	0.4175650477409363
TCGA-AO-A1KT-01	1	lumA_pole	rna	9	IGF1R	-0.061592571437358856	-1.4721405506134033	0.4175650477409363
TCGA-AO-A1KT-01	1	lumA_pole	rna	10	KCNK15	-0.054417792707681656	-0.9267516732215881	0.4175650477409363
TCGA-AO-A1KT-01	1	lumA_pole	meth	1	cg18456459	0.05644052475690842	-2.4141457080841064	0.4175650477409363
TCGA-AO-A1KT-01	1	lumA_pole	meth	2	cg20087413	-0.051432158797979355	-1.3291163444519043	0.4175650477409363
TCGA-AO-A1KT-01	1	lumA_pole	meth	3	cg10342963	0.046202316880226135	-1.1935678720474243	0.4175650477409363
TCGA-AO-A1KT-01	1	lumA_pole	meth	4	cg14042099	-0.04546064883470535	1.079826831817627	0.4175650477409363
TCGA-AO-A1KT-01	1	lumA_pole	meth	5	cg15012484	0.04072904586791992	-1.6994531154632568	0.4175650477409363
TCGA-AO-A1KT-01	1	lumA_pole	meth	6	cg03345116	-0.03753989562392235	-1.2306149005889893	0.4175650477409363
TCGA-AO-A1KT-01	1	lumA_pole	meth	7	cg17538572	-0.031478531658649445	0.8583868741989136	0.4175650477409363
TCGA-AO-A1KT-01	1	lumA_pole	meth	8	cg06197966	-0.026109032332897186	1.5084097385406494	0.4175650477409363
TCGA-AO-A1KT-01	1	lumA_pole	meth	9	cg24039697	-0.022301265969872475	-0.9415050148963928	0.4175650477409363
TCGA-AO-A1KT-01	1	lumA_pole	meth	10	cg26089753	-0.022212710231542587	-0.8169218301773071	0.4175650477409363
TCGA-AR-A0TQ-01	1	lumA_pole	rna	1	BCL2	-0.062970370054245	-1.4134242534637451	0.6830300688743591
TCGA-AR-A0TQ-01	1	lumA_pole	rna	2	FHL2	-0.06230294704437256	-1.8679594993591309	0.6830300688743591
TCGA-AR-A0TQ-01	1	lumA_pole	rna	3	KCNK5	0.054539695382118225	2.1812362670898438	0.6830300688743591
TCGA-AR-A0TQ-01	1	lumA_pole	rna	4	SLC7A5	-0.0522565133869648	1.6674937009811401	0.6830300688743591
TCGA-AR-A0TQ-01	1	lumA_pole	rna	5	TMPRSS3	-0.04727006331086159	-1.5034730434417725	0.6830300688743591
TCGA-AR-A0TQ-01	1	lumA_pole	rna	6	S100A1	-0.047218672931194305	-1.2374016046524048	0.6830300688743591
TCGA-AR-A0TQ-01	1	lumA_pole	rna	7	KRT13	0.04697338119149208	2.6125097274780273	0.6830300688743591
TCGA-AR-A0TQ-01	1	lumA_pole	rna	8	PGR	-0.04685480520129204	-2.2754697799682617	0.6830300688743591
TCGA-AR-A0TQ-01	1	lumA_pole	rna	9	PDLIM3	-0.04646625742316246	-1.031875729560852	0.6830300688743591
TCGA-AR-A0TQ-01	1	lumA_pole	rna	10	DUSP4	0.04429920017719269	1.498898983001709	0.6830300688743591
TCGA-AR-A0TQ-01	1	lumA_pole	meth	1	cg14042099	-0.048996347934007645	1.6691477298736572	0.6830300688743591
TCGA-AR-A0TQ-01	1	lumA_pole	meth	2	cg01738022	-0.04814354330301285	-1.73340904712677	0.6830300688743591
TCGA-AR-A0TQ-01	1	lumA_pole	meth	3	cg24039697	0.04646681994199753	1.8356834650039673	0.6830300688743591
TCGA-AR-A0TQ-01	1	lumA_pole	meth	4	cg10342963	-0.043407607823610306	1.3475775718688965	0.6830300688743591
TCGA-AR-A0TQ-01	1	lumA_pole	meth	5	cg15543523	0.04208391532301903	1.3888306617736816	0.6830300688743591
TCGA-AR-A0TQ-01	1	lumA_pole	meth	6	cg10566121	-0.041969701647758484	1.1486352682113647	0.6830300688743591
TCGA-AR-A0TQ-01	1	lumA_pole	meth	7	cg26089753	0.03847092390060425	1.6398786306381226	0.6830300688743591
TCGA-AR-A0TQ-01	1	lumA_pole	meth	8	cg24724428	-0.037046078592538834	-1.225689172744751	0.6830300688743591
TCGA-AR-A0TQ-01	1	lumA_pole	meth	9	cg17706972	0.02857937105000019	1.315982699394226	0.6830300688743591
TCGA-AR-A0TQ-01	1	lumA_pole	meth	10	cg06197966	-0.02795453369617462	1.5079972743988037	0.6830300688743591
TCGA-AR-A0TR-01	0	lumA_pole	rna	1	FOXC1	-0.07801666110754013	-2.345802068710327	0.7997310161590576
TCGA-AR-A0TR-01	0	lumA_pole	rna	2	FOS	-0.05574147403240204	-2.388934373855591	0.7997310161590576
TCGA-AR-A0TR-01	0	lumA_pole	rna	3	ADCY1	0.05249201878905296	2.9573631286621094	0.7997310161590576
TCGA-AR-A0TR-01	0	lumA_pole	rna	4	DLC1	-0.05010095238685608	-2.0228610038757324	0.7997310161590576
TCGA-AR-A0TR-01	0	lumA_pole	rna	5	PODXL	-0.049551550298929214	-2.6756458282470703	0.7997310161590576
TCGA-AR-A0TR-01	0	lumA_pole	rna	6	FHL2	-0.04850731045007706	-2.85780668258667	0.7997310161590576
TCGA-AR-A0TR-01	0	lumA_pole	rna	7	SGK1	-0.04727267846465111	-2.833953857421875	0.7997310161590576
TCGA-AR-A0TR-01	0	lumA_pole	rna	8	RAB31	0.04370062053203583	-4.0274505615234375	0.7997310161590576
TCGA-AR-A0TR-01	0	lumA_pole	rna	9	PDLIM3	0.043116744607686996	1.2060786485671997	0.7997310161590576
TCGA-AR-A0TR-01	0	lumA_pole	rna	10	ID2	-0.036827269941568375	-2.0540308952331543	0.7997310161590576
TCGA-AR-A0TR-01	0	lumA_pole	meth	1	cg20087413	-0.043667830526828766	-1.592842936515808	0.7997310161590576
TCGA-AR-A0TR-01	0	lumA_pole	meth	2	cg17538572	0.04342532157897949	-2.2598814964294434	0.7997310161590576
TCGA-AR-A0TR-01	0	lumA_pole	meth	3	cg15543523	-0.03252372145652771	-1.503995418548584	0.7997310161590576
TCGA-AR-A0TR-01	0	lumA_pole	meth	4	cg06197966	-0.02998928911983967	2.3890390396118164	0.7997310161590576
TCGA-AR-A0TR-01	0	lumA_pole	meth	5	cg01207684	0.029478654265403748	-2.1065211296081543	0.7997310161590576
TCGA-AR-A0TR-01	0	lumA_pole	meth	6	cg01738022	0.02645232528448105	1.3247631788253784	0.7997310161590576
TCGA-AR-A0TR-01	0	lumA_pole	meth	7	cg10342963	-0.0256339143961668	1.263322114944458	0.7997310161590576
TCGA-AR-A0TR-01	0	lumA_pole	meth	8	cg24676071	-0.024978123605251312	-2.3368210792541504	0.7997310161590576
TCGA-AR-A0TR-01	0	lumA_pole	meth	9	cg10716835	0.024366872385144234	-1.3129637241363525	0.7997310161590576
TCGA-AR-A0TR-01	0	lumA_pole	meth	10	cg08810842	0.02201680652797222	-1.8637079000473022	0.7997310161590576
TCGA-AR-A1AU-01	0	lumA_pole	rna	1	ZBTB16	0.002817681757733226	1.8553433418273926	0.8834289312362671
TCGA-AR-A1AU-01	0	lumA_pole	rna	2	DHRS2	-0.002795510459691286	1.8703805208206177	0.8834289312362671
TCGA-AR-A1AU-01	0	lumA_pole	rna	3	AMFR	0.002306672977283597	2.391916275024414	0.8834289312362671
TCGA-AR-A1AU-01	0	lumA_pole	rna	4	DLC1	0.0016624565469101071	0.9284540414810181	0.8834289312362671
TCGA-AR-A1AU-01	0	lumA_pole	rna	5	HSPB8	0.0015884734457358718	1.5892798900604248	0.8834289312362671
TCGA-AR-A1AU-01	0	lumA_pole	rna	6	INPP5F	-0.001552190980874002	1.248904824256897	0.8834289312362671
TCGA-AR-A1AU-01	0	lumA_pole	rna	7	DUSP4	0.0015185809461399913	1.6915236711502075	0.8834289312362671
TCGA-AR-A1AU-01	0	lumA_pole	rna	8	CALCR	0.0013848833041265607	-0.7980102896690369	0.8834289312362671
TCGA-AR-A1AU-01	0	lumA_pole	rna	9	GLA	-0.0013286890462040901	2.916672706604004	0.8834289312362671
TCGA-AR-A1AU-01	0	lumA_pole	rna	10	FAM134B	-0.0012520147720351815	0.6859419941902161	0.8834289312362671
TCGA-AR-A1AU-01	0	lumA_pole	meth	1	cg13342435	0.00421076500788331	-1.790692687034607	0.8834289312362671
TCGA-AR-A1AU-01	0	lumA_pole	meth	2	cg00799539	-0.0038940496742725372	1.4458578824996948	0.8834289312362671
TCGA-AR-A1AU-01	0	lumA_pole	meth	3	cg06539449	-0.0037749565672129393	-1.3004175424575806	0.8834289312362671
TCGA-AR-A1AU-01	0	lumA_pole	meth	4	cg24039697	0.003729702439159155	1.8792089223861694	0.8834289312362671
TCGA-AR-A1AU-01	0	lumA_pole	meth	5	cg03672342	-0.0035138025414198637	1.7839001417160034	0.8834289312362671
TCGA-AR-A1AU-01	0	lumA_pole	meth	6	cg12044685	0.00342531013302505	-0.951854407787323	0.8834289312362671
TCGA-AR-A1AU-01	0	lumA_pole	meth	7	cg15012484	-0.003384794807061553	-1.6203484535217285	0.8834289312362671
TCGA-AR-A1AU-01	0	lumA_pole	meth	8	cg01984743	0.00322832097299397	-1.1959986686706543	0.8834289312362671
TCGA-AR-A1AU-01	0	lumA_pole	meth	9	cg26605683	0.0028715371154248714	-1.1389001607894897	0.8834289312362671
TCGA-AR-A1AU-01	0	lumA_pole	meth	10	cg10716835	0.0026705972850322723	-1.205029845237732	0.8834289312362671
TCGA-AR-A1AW-01	1	lumA_pole	rna	1	TUBB2B	0.2054707258939743	1.6590944528579712	0.455260694026947
TCGA-AR-A1AW-01	1	lumA_pole	rna	2	KCNK15	-0.14627516269683838	-2.4252078533172607	0.455260694026947
TCGA-AR-A1AW-01	1	lumA_pole	rna	3	FOXC1	-0.13920801877975464	-1.0813146829605103	0.455260694026947
TCGA-AR-A1AW-01	1	lumA_pole	rna	4	TSPAN1	-0.12600567936897278	-2.5975005626678467	0.455260694026947
TCGA-AR-A1AW-01	1	lumA_pole	rna	5	TIAM1	0.11905232816934586	2.320180654525757	0.455260694026947
TCGA-AR-A1AW-01	1	lumA_pole	rna	6	RAB17	-0.11761657148599625	-1.4588884115219116	0.455260694026947
TCGA-AR-A1AW-01	1	lumA_pole	rna	7	CYP26B1	0.11616826057434082	1.6524512767791748	0.455260694026947
TCGA-AR-A1AW-01	1	lumA_pole	rna	8	ACOX2	0.09423597902059555	-1.7091530561447144	0.455260694026947
TCGA-AR-A1AW-01	1	lumA_pole	rna	9	PSAT1	-0.079500213265419	1.822117567062378	0.455260694026947
TCGA-AR-A1AW-01	1	lumA_pole	rna	10	SGK1	0.07083804905414581	0.9939761161804199	0.455260694026947
TCGA-AR-A1AW-01	1	lumA_pole	meth	1	cg14042099	-0.1310330480337143	1.5517957210540771	0.455260694026947
TCGA-AR-A1AW-01	1	lumA_pole	meth	2	cg10342963	-0.10014121234416962	1.3319520950317383	0.455260694026947
TCGA-AR-A1AW-01	1	lumA_pole	meth	3	cg06741896	0.09839468449354172	1.871968388557434	0.455260694026947
TCGA-AR-A1AW-01	1	lumA_pole	meth	4	cg01738022	-0.09008065611124039	-1.6249141693115234	0.455260694026947
TCGA-AR-A1AW-01	1	lumA_pole	meth	5	cg15543523	0.07803565263748169	1.2523558139801025	0.455260694026947
TCGA-AR-A1AW-01	1	lumA_pole	meth	6	cg26089753	0.06274496763944626	1.56245756149292	0.455260694026947
TCGA-AR-A1AW-01	1	lumA_pole	meth	7	cg01321962	0.04952850565314293	1.3224495649337769	0.455260694026947
TCGA-AR-A1AW-01	1	lumA_pole	meth	8	cg10805850	-0.04610830917954445	-0.8178167939186096	0.455260694026947
TCGA-AR-A1AW-01	1	lumA_pole	meth	9	cg24724428	0.04407019168138504	1.0965629816055298	0.455260694026947
TCGA-AR-A1AW-01	1	lumA_pole	meth	10	cg20087413	0.042964134365320206	1.1280630826950073	0.455260694026947
TCGA-AR-A24R-01	1	lumA_pole	rna	1	FOXC1	-0.13260453939437866	-1.3416898250579834	0.5026165843009949
TCGA-AR-A24R-01	1	lumA_pole	rna	2	EGR3	0.10739428550004959	1.240340232849121	0.5026165843009949
TCGA-AR-A24R-01	1	lumA_pole	rna	3	PDLIM3	-0.10059116780757904	-1.094443917274475	0.5026165843009949
TCGA-AR-A24R-01	1	lumA_pole	rna	4	KLF4	-0.09460581839084625	-2.216554641723633	0.5026165843009949
TCGA-AR-A24R-01	1	lumA_pole	rna	5	PODXL	-0.09176257252693176	-2.030723810195923	0.5026165843009949
TCGA-AR-A24R-01	1	lumA_pole	rna	6	TUBB2B	-0.09040898084640503	-0.8709424138069153	0.5026165843009949
TCGA-AR-A24R-01	1	lumA_pole	rna	7	DUSP4	-0.08705941587686539	-1.7376987934112549	0.5026165843009949
TCGA-AR-A24R-01	1	lumA_pole	rna	8	ZBTB16	-0.0867312103509903	-1.2418303489685059	0.5026165843009949
TCGA-AR-A24R-01	1	lumA_pole	rna	9	FOS	-0.08572175353765488	-1.275446891784668	0.5026165843009949
TCGA-AR-A24R-01	1	lumA_pole	rna	10	KCNK15	0.0838325247168541	1.473676085472107	0.5026165843009949
TCGA-AR-A24R-01	1	lumA_pole	meth	1	cg14042099	-0.11395725607872009	1.6426900625228882	0.5026165843009949
TCGA-AR-A24R-01	1	lumA_pole	meth	2	cg00773370	0.06073382496833801	1.6358178853988647	0.5026165843009949
TCGA-AR-A24R-01	1	lumA_pole	meth	3	cg27449507	-0.05925625562667847	1.8252017498016357	0.5026165843009949
TCGA-AR-A24R-01	1	lumA_pole	meth	4	cg13456086	0.05822170525789261	1.4580408334732056	0.5026165843009949
TCGA-AR-A24R-01	1	lumA_pole	meth	5	cg20087413	-0.05187080055475235	-1.1383627653121948	0.5026165843009949
TCGA-AR-A24R-01	1	lumA_pole	meth	6	cg03345116	0.05026319622993469	0.9899702668190002	0.5026165843009949
TCGA-AR-A24R-01	1	lumA_pole	meth	7	cg24676071	-0.04796193540096283	-2.2310848236083984	0.5026165843009949
TCGA-AR-A24R-01	1	lumA_pole	meth	8	cg05226008	0.04506369307637215	1.1726409196853638	0.5026165843009949
TCGA-AR-A24R-01	1	lumA_pole	meth	9	cg10805850	-0.042162347584962845	-0.8820826411247253	0.5026165843009949
TCGA-AR-A24R-01	1	lumA_pole	meth	10	cg00803088	-0.03235386312007904	1.034021258354187	0.5026165843009949
TCGA-B6-A0RG-01	0	lumA_pole	rna	1	PDLIM3	-0.10226964950561523	-1.6914689540863037	0.6729981899261475
TCGA-B6-A0RG-01	0	lumA_pole	rna	2	BHLHE40	0.07763749361038208	3.0749144554138184	0.6729981899261475
TCGA-B6-A0RG-01	0	lumA_pole	rna	3	FOXC1	-0.07557334750890732	-1.2302911281585693	0.6729981899261475
TCGA-B6-A0RG-01	0	lumA_pole	rna	4	KCNK5	0.06370046734809875	1.683148980140686	0.6729981899261475
TCGA-B6-A0RG-01	0	lumA_pole	rna	5	BLVRB	-0.06283702701330185	1.584036946296692	0.6729981899261475
TCGA-B6-A0RG-01	0	lumA_pole	rna	6	CYP26A1	0.060355450958013535	2.096223831176758	0.6729981899261475
TCGA-B6-A0RG-01	0	lumA_pole	rna	7	BCL2	0.057540152221918106	1.188284993171692	0.6729981899261475
TCGA-B6-A0RG-01	0	lumA_pole	rna	8	TMPRSS3	-0.054068129509687424	-1.415305733680725	0.6729981899261475
TCGA-B6-A0RG-01	0	lumA_pole	rna	9	DUSP4	-0.05243159830570221	-1.6680078506469727	0.6729981899261475
TCGA-B6-A0RG-01	0	lumA_pole	rna	10	FASN	-0.04657508432865143	1.6117756366729736	0.6729981899261475
TCGA-B6-A0RG-01	0	lumA_pole	meth	1	cg20087413	-0.06850215792655945	-2.1552886962890625	0.6729981899261475
TCGA-B6-A0RG-01	0	lumA_pole	meth	2	cg15543523	-0.051901303231716156	-1.5519816875457764	0.6729981899261475
TCGA-B6-A0RG-01	0	lumA_pole	meth	3	cg14042099	-0.0472245030105114	1.4502328634262085	0.6729981899261475
TCGA-B6-A0RG-01	0	lumA_pole	meth	4	cg06539449	0.04325038194656372	-2.1712989807128906	0.6729981899261475
TCGA-B6-A0RG-01	0	lumA_pole	meth	5	cg24724428	-0.04324031248688698	-1.2576932907104492	0.6729981899261475
TCGA-B6-A0RG-01	0	lumA_pole	meth	6	cg26089753	-0.041010309010744095	-1.2704511880874634	0.6729981899261475
TCGA-B6-A0RG-01	0	lumA_pole	meth	7	cg26605683	0.04093579202890396	-1.5012670755386353	0.6729981899261475
TCGA-B6-A0RG-01	0	lumA_pole	meth	8	cg10342963	-0.03402683511376381	1.2274752855300903	0.6729981899261475
TCGA-B6-A0RG-01	0	lumA_pole	meth	9	cg25744613	-0.03113493137061596	1.6258574724197388	0.6729981899261475
TCGA-B6-A0RG-01	0	lumA_pole	meth	10	cg03345116	0.02758518047630787	1.0394750833511353	0.6729981899261475
TCGA-B6-A0RL-01	1	lumA_pole	rna	1	PDLIM3	-0.08029668033123016	-4.509322643280029	0.31145814061164856
TCGA-B6-A0RL-01	1	lumA_pole	rna	2	DLC1	-0.07899712771177292	-5.424554347991943	0.31145814061164856
TCGA-B6-A0RL-01	1	lumA_pole	rna	3	NBL1	-0.05451967194676399	-3.883354902267456	0.31145814061164856
TCGA-B6-A0RL-01	1	lumA_pole	rna	4	IGFBP4	-0.03133757412433624	-4.514355659484863	0.31145814061164856
TCGA-B6-A0RL-01	1	lumA_pole	rna	5	TSPAN1	-0.03113003820180893	-1.780794382095337	0.31145814061164856
TCGA-B6-A0RL-01	1	lumA_pole	rna	6	STC2	0.029559750109910965	2.010725975036621	0.31145814061164856
TCGA-B6-A0RL-01	1	lumA_pole	rna	7	FOXC1	-0.028434935957193375	-1.2822707891464233	0.31145814061164856
TCGA-B6-A0RL-01	1	lumA_pole	rna	8	CDC14B	-0.027932945638895035	-2.252119779586792	0.31145814061164856
TCGA-B6-A0RL-01	1	lumA_pole	rna	9	FHL2	-0.024524562060832977	-1.2949379682540894	0.31145814061164856
TCGA-B6-A0RL-01	1	lumA_pole	rna	10	RAB17	0.024516645818948746	1.0228222608566284	0.31145814061164856
TCGA-B6-A0RL-01	1	lumA_pole	meth	1	cg14042099	-0.02797444351017475	1.7438262701034546	0.31145814061164856
TCGA-B6-A0RL-01	1	lumA_pole	meth	2	cg16650717	-0.027192849665880203	2.842362403869629	0.31145814061164856
TCGA-B6-A0RL-01	1	lumA_pole	meth	3	cg03672342	0.020679010078310966	1.5737279653549194	0.31145814061164856
TCGA-B6-A0RL-01	1	lumA_pole	meth	4	cg00803088	-0.017828335985541344	2.4094905853271484	0.31145814061164856
TCGA-B6-A0RL-01	1	lumA_pole	meth	5	cg15543523	-0.015819314867258072	-1.782227873802185	0.31145814061164856
TCGA-B6-A0RL-01	1	lumA_pole	meth	6	cg00517532	-0.015100125223398209	2.3520591259002686	0.31145814061164856
TCGA-B6-A0RL-01	1	lumA_pole	meth	7	cg10566121	-0.014101303182542324	3.015939950942993	0.31145814061164856
TCGA-B6-A0RL-01	1	lumA_pole	meth	8	cg18456459	-0.013286043889820576	1.2896746397018433	0.31145814061164856
TCGA-B6-A0RL-01	1	lumA_pole	meth	9	cg01738022	0.013016012497246265	1.3320471048355103	0.31145814061164856
TCGA-B6-A0RL-01	1	lumA_pole	meth	10	cg22731981	0.01211308129131794	1.0991649627685547	0.31145814061164856
TCGA-B6-A0RN-01	0	lumA_pole	rna	1	FOXC1	-0.015694361180067062	-1.0512715578079224	0.8136430978775024
TCGA-B6-A0RN-01	0	lumA_pole	rna	2	TGM2	-0.015433168038725853	-2.1813032627105713	0.8136430978775024
TCGA-B6-A0RN-01	0	lumA_pole	rna	3	RAB17	0.01522307563573122	0.6743426322937012	0.8136430978775024
TCGA-B6-A0RN-01	0	lumA_pole	rna	4	S100A1	0.01316263061016798	2.080664873123169	0.8136430978775024
TCGA-B6-A0RN-01	0	lumA_pole	rna	5	PTGER3	0.012749056331813335	1.5540916919708252	0.8136430978775024
TCGA-B6-A0RN-01	0	lumA_pole	rna	6	KCNK5	-0.012041622772812843	-1.2910189628601074	0.8136430978775024
TCGA-B6-A0RN-01	0	lumA_pole	rna	7	SLC1A1	0.01087215542793274	1.8891105651855469	0.8136430978775024
TCGA-B6-A0RN-01	0	lumA_pole	rna	8	AHNAK	-0.009875157848000526	-0.8028420805931091	0.8136430978775024
TCGA-B6-A0RN-01	0	lumA_pole	rna	9	TMPRSS3	0.009513714350759983	1.2556625604629517	0.8136430978775024
TCGA-B6-A0RN-01	0	lumA_pole	rna	10	UGCG	0.00918832141906023	1.7956494092941284	0.8136430978775024
TCGA-B6-A0RN-01	0	lumA_pole	meth	1	cg14042099	0.020051369443535805	-1.1904019117355347	0.8136430978775024
TCGA-B6-A0RN-01	0	lumA_pole	meth	2	cg10805850	-0.018657365813851357	-1.288285255432129	0.8136430978775024
TCGA-B6-A0RN-01	0	lumA_pole	meth	3	cg20087413	-0.017025018110871315	-1.2540098428726196	0.8136430978775024
TCGA-B6-A0RN-01	0	lumA_pole	meth	4	cg25744613	-0.01674002781510353	1.5481326580047607	0.8136430978775024
TCGA-B6-A0RN-01	0	lumA_pole	meth	5	cg10342963	0.015997860580682755	-1.2765977382659912	0.8136430978775024
TCGA-B6-A0RN-01	0	lumA_pole	meth	6	cg00803088	-0.015647701919078827	1.9214342832565308	0.8136430978775024
TCGA-B6-A0RN-01	0	lumA_pole	meth	7	cg00651400	0.012903925031423569	1.3995424509048462	0.8136430978775024
TCGA-B6-A0RN-01	0	lumA_pole	meth	8	cg01207684	-0.011714073829352856	0.7896788716316223	0.8136430978775024
TCGA-B6-A0RN-01	0	lumA_pole	meth	9	cg27449507	-0.01133483275771141	1.6366430521011353	0.8136430978775024
TCGA-B6-A0RN-01	0	lumA_pole	meth	10	cg01321962	0.010588804259896278	0.9447526931762695	0.8136430978775024
TCGA-B6-A0X7-01	0	lumA_pole	rna	1	CYP1A1	0.005588115192949772	2.3136744499206543	0.8777109384536743
TCGA-B6-A0X7-01	0	lumA_pole	rna	2	TIPARP	0.0039756400510668755	-2.141047954559326	0.8777109384536743
TCGA-B6-A0X7-01	0	lumA_pole	rna	3	EGR3	-0.0026339932810515165	-0.933175802230835	0.8777109384536743
TCGA-B6-A0X7-01	0	lumA_pole	rna	4	TMPRSS3	0.002560062101110816	1.1965004205703735	0.8777109384536743
TCGA-B6-A0X7-01	0	lumA_pole	rna	5	NRIP1	-0.0019483224023133516	-1.5235596895217896	0.8777109384536743
TCGA-B6-A0X7-01	0	lumA_pole	rna	6	SGK3	-0.0019123399397358298	1.822209358215332	0.8777109384536743
TCGA-B6-A0X7-01	0	lumA_pole	rna	7	ADCY1	0.0016674710204824805	-0.7779983282089233	0.8777109384536743
TCGA-B6-A0X7-01	0	lumA_pole	rna	8	ZBTB16	0.0016252662753686309	0.5887572169303894	0.8777109384536743
TCGA-B6-A0X7-01	0	lumA_pole	rna	9	OVOL2	-0.0015966321807354689	0.7936049103736877	0.8777109384536743
TCGA-B6-A0X7-01	0	lumA_pole	rna	10	SLC1A1	0.0015588216483592987	1.4769939184188843	0.8777109384536743
TCGA-B6-A0X7-01	0	lumA_pole	meth	1	cg24724428	-0.008423052728176117	-1.1761218309402466	0.8777109384536743
TCGA-B6-A0X7-01	0	lumA_pole	meth	2	cg26605683	0.006395526695996523	-1.2853306531906128	0.8777109384536743
TCGA-B6-A0X7-01	0	lumA_pole	meth	3	cg12044685	-0.005701943300664425	1.3175042867660522	0.8777109384536743
TCGA-B6-A0X7-01	0	lumA_pole	meth	4	cg01207684	-0.004530083853751421	0.7399120330810547	0.8777109384536743
TCGA-B6-A0X7-01	0	lumA_pole	meth	5	cg01984743	0.004168911837041378	-1.2414733171463013	0.8777109384536743
TCGA-B6-A0X7-01	0	lumA_pole	meth	6	cg17538572	-0.003409108379855752	0.6905033588409424	0.8777109384536743
TCGA-B6-A0X7-01	0	lumA_pole	meth	7	cg06875707	-0.0033326447010040283	-1.1243163347244263	0.8777109384536743
TCGA-B6-A0X7-01	0	lumA_pole	meth	8	cg07189962	0.003260320518165827	0.7555885910987854	0.8777109384536743
TCGA-B6-A0X7-01	0	lumA_pole	meth	9	cg17706972	0.002916435245424509	0.8589358329772949	0.8777109384536743
TCGA-B6-A0X7-01	0	lumA_pole	meth	10	cg01321962	0.0028139930218458176	0.6897299885749817	0.8777109384536743
TCGA-B6-A2IU-01	0	lumA_pole	rna	1	ID2	0.00719018978998065	2.361062526702881	0.8775956034660339
TCGA-B6-A2IU-01	0	lumA_pole	rna	2	CLU	0.0061094025149941444	1.617611289024353	0.8775956034660339
TCGA-B6-A2IU-01	0	lumA_pole	rna	3	SGK3	-0.005865958519279957	3.43473744392395	0.8775956034660339
TCGA-B6-A2IU-01	0	lumA_pole	rna	4	FOS	0.004644711036235094	2.0762858390808105	0.8775956034660339
TCGA-B6-A2IU-01	0	lumA_pole	rna	5	ELOVL2	0.004557283129543066	1.2771263122558594	0.8775956034660339
TCGA-B6-A2IU-01	0	lumA_pole	rna	6	DUSP4	0.004478171933442354	1.6286907196044922	0.8775956034660339
TCGA-B6-A2IU-01	0	lumA_pole	rna	7	UGCG	0.004156101029366255	1.9587457180023193	0.8775956034660339
TCGA-B6-A2IU-01	0	lumA_pole	rna	8	PDLIM3	-0.003725588321685791	-1.7194465398788452	0.8775956034660339
TCGA-B6-A2IU-01	0	lumA_pole	rna	9	CYP26B1	-0.0036749006249010563	-1.8628647327423096	0.8775956034660339
TCGA-B6-A2IU-01	0	lumA_pole	rna	10	PLAC1	-0.0030869897454977036	-1.1998932361602783	0.8775956034660339
TCGA-B6-A2IU-01	0	lumA_pole	meth	1	cg26089753	0.008620036765933037	1.4362083673477173	0.8775956034660339
TCGA-B6-A2IU-01	0	lumA_pole	meth	2	cg01984743	0.00621674582362175	-1.2157702445983887	0.8775956034660339
TCGA-B6-A2IU-01	0	lumA_pole	meth	3	cg26605683	0.005106688942760229	-1.0713468790054321	0.8775956034660339
TCGA-B6-A2IU-01	0	lumA_pole	meth	4	cg20087413	0.0047298320569098	0.6526725888252258	0.8775956034660339
TCGA-B6-A2IU-01	0	lumA_pole	meth	5	cg10342963	0.004157353658229113	-0.8580778241157532	0.8775956034660339
TCGA-B6-A2IU-01	0	lumA_pole	meth	6	cg24039697	0.004154340364038944	0.9673957228660583	0.8775956034660339
TCGA-B6-A2IU-01	0	lumA_pole	meth	7	cg24724428	0.0040653422474861145	1.2749276161193848	0.8775956034660339
TCGA-B6-A2IU-01	0	lumA_pole	meth	8	cg05226008	-0.003950983751565218	-1.097072720527649	0.8775956034660339
TCGA-B6-A2IU-01	0	lumA_pole	meth	9	cg01912921	-0.003863052697852254	-1.2705128192901611	0.8775956034660339
TCGA-B6-A2IU-01	0	lumA_pole	meth	10	cg05116002	-0.0038459869101643562	0.8879509568214417	0.8775956034660339
TCGA-BH-A0BZ-01	1	lumA_pole	rna	1	BCL2	-0.09194739162921906	-1.8049094676971436	0.3228727877140045
TCGA-BH-A0BZ-01	1	lumA_pole	rna	2	KCNK15	0.07614075392484665	1.950650930404663	0.3228727877140045
TCGA-BH-A0BZ-01	1	lumA_pole	rna	3	ZBTB16	-0.058077890425920486	-1.1967356204986572	0.3228727877140045
TCGA-BH-A0BZ-01	1	lumA_pole	rna	4	STC2	-0.05659446120262146	-2.2879364490509033	0.3228727877140045
TCGA-BH-A0BZ-01	1	lumA_pole	rna	5	AHNAK	-0.05101694166660309	-1.2183756828308105	0.3228727877140045
TCGA-BH-A0BZ-01	1	lumA_pole	rna	6	AKAP1	0.04689934104681015	-1.6865899562835693	0.3228727877140045
TCGA-BH-A0BZ-01	1	lumA_pole	rna	7	KRT15	-0.04479210451245308	-0.8032692074775696	0.3228727877140045
TCGA-BH-A0BZ-01	1	lumA_pole	rna	8	CLIC3	0.039409760385751724	2.379560947418213	0.3228727877140045
TCGA-BH-A0BZ-01	1	lumA_pole	rna	9	THSD4	-0.03431863337755203	-1.7926056385040283	0.3228727877140045
TCGA-BH-A0BZ-01	1	lumA_pole	rna	10	RBBP8	0.03402289003133774	-1.336348056793213	0.3228727877140045
TCGA-BH-A0BZ-01	1	lumA_pole	meth	1	cg14042099	-0.07735239714384079	1.7395589351654053	0.3228727877140045
TCGA-BH-A0BZ-01	1	lumA_pole	meth	2	cg15543523	0.05016782879829407	1.5684493780136108	0.3228727877140045
TCGA-BH-A0BZ-01	1	lumA_pole	meth	3	cg01738022	-0.04133296385407448	-1.866439700126648	0.3228727877140045
TCGA-BH-A0BZ-01	1	lumA_pole	meth	4	cg10342963	-0.037201493978500366	1.3200030326843262	0.3228727877140045
TCGA-BH-A0BZ-01	1	lumA_pole	meth	5	cg26089753	0.03176303580403328	1.5497006177902222	0.3228727877140045
TCGA-BH-A0BZ-01	1	lumA_pole	meth	6	cg00517532	-0.03157496079802513	1.4201983213424683	0.3228727877140045
TCGA-BH-A0BZ-01	1	lumA_pole	meth	7	cg13948082	-0.031482987105846405	1.5246373414993286	0.3228727877140045
TCGA-BH-A0BZ-01	1	lumA_pole	meth	8	cg03345116	0.03073231317102909	1.124220609664917	0.3228727877140045
TCGA-BH-A0BZ-01	1	lumA_pole	meth	9	cg01321962	0.028211552649736404	1.114251971244812	0.3228727877140045
TCGA-BH-A0BZ-01	1	lumA_pole	meth	10	cg27449507	-0.02706778049468994	1.5256224870681763	0.3228727877140045
TCGA-BH-A0DI-01	0	lumA_pole	rna	1	ABCA3	0.0036168524529784918	-1.839123010635376	0.879693329334259
TCGA-BH-A0DI-01	0	lumA_pole	rna	2	CLU	0.003505654400214553	1.5483152866363525	0.879693329334259
TCGA-BH-A0DI-01	0	lumA_pole	rna	3	OPN3	0.0032499434892088175	1.4709261655807495	0.879693329334259
TCGA-BH-A0DI-01	0	lumA_pole	rna	4	IL17RB	-0.0027011686470359564	-1.3264518976211548	0.879693329334259
TCGA-BH-A0DI-01	0	lumA_pole	rna	5	DLC1	0.0024643768556416035	1.132837176322937	0.879693329334259
TCGA-BH-A0DI-01	0	lumA_pole	rna	6	ADCY9	-0.002372461138293147	-1.0757114887237549	0.879693329334259
TCGA-BH-A0DI-01	0	lumA_pole	rna	7	ASB13	-0.002331435214728117	-1.1846122741699219	0.879693329334259
TCGA-BH-A0DI-01	0	lumA_pole	rna	8	SLC27A2	-0.0022969155106693506	-1.029984474182129	0.879693329334259
TCGA-BH-A0DI-01	0	lumA_pole	rna	9	FOXC1	0.002184093464165926	0.8624364733695984	0.879693329334259
TCGA-BH-A0DI-01	0	lumA_pole	rna	10	TFF1	0.0020964310970157385	-1.1060059070587158	0.879693329334259
TCGA-BH-A0DI-01	0	lumA_pole	meth	1	cg24724428	-0.004535451997071505	-0.7799729108810425	0.879693329334259
TCGA-BH-A0DI-01	0	lumA_pole	meth	2	cg20087413	0.004102297127246857	1.2974797487258911	0.879693329334259
TCGA-BH-A0DI-01	0	lumA_pole	meth	3	cg13456086	0.0039759366773068905	1.0831217765808105	0.879693329334259
TCGA-BH-A0DI-01	0	lumA_pole	meth	4	cg03672342	-0.003839347045868635	1.3911877870559692	0.879693329334259
TCGA-BH-A0DI-01	0	lumA_pole	meth	5	cg24039697	0.003740275977179408	1.4066472053527832	0.879693329334259
TCGA-BH-A0DI-01	0	lumA_pole	meth	6	cg01984743	-0.0036625880748033524	0.8757316470146179	0.879693329334259
TCGA-BH-A0DI-01	0	lumA_pole	meth	7	cg00517532	-0.003496800549328327	1.0586366653442383	0.879693329334259
TCGA-BH-A0DI-01	0	lumA_pole	meth	8	cg26089753	0.003456531558185816	0.7640522718429565	0.879693329334259
TCGA-BH-A0DI-01	0	lumA_pole	meth	9	cg19244428	0.003099449211731553	1.4737775325775146	0.879693329334259
TCGA-BH-A0DI-01	0	lumA_pole	meth	10	cg10805850	0.002946846652776003	0.6721746921539307	0.879693329334259
TCGA-BH-A0E2-01	0	lumA_pole	rna	1	TMPRSS3	-0.013808785006403923	-1.5722795724868774	0.844402015209198
TCGA-BH-A0E2-01	0	lumA_pole	rna	2	MSMB	-0.011541743762791157	1.980488657951355	0.844402015209198
TCGA-BH-A0E2-01	0	lumA_pole	rna	3	KCNK5	-0.009009421803057194	-1.281523585319519	0.844402015209198
TCGA-BH-A0E2-01	0	lumA_pole	rna	4	KRT13	0.008662516251206398	3.9124722480773926	0.844402015209198
TCGA-BH-A0E2-01	0	lumA_pole	rna	5	RAB17	-0.008406681008636951	-0.8603709936141968	0.844402015209198
TCGA-BH-A0E2-01	0	lumA_pole	rna	6	S100A1	-0.008319424465298653	-1.2654372453689575	0.844402015209198
TCGA-BH-A0E2-01	0	lumA_pole	rna	7	RASGRP1	-0.008299710229039192	0.9587587118148804	0.844402015209198
TCGA-BH-A0E2-01	0	lumA_pole	rna	8	DUSP4	-0.007613049354404211	-1.2525348663330078	0.844402015209198
TCGA-BH-A0E2-01	0	lumA_pole	rna	9	FHL2	0.007551325019448996	1.6138098239898682	0.844402015209198
TCGA-BH-A0E2-01	0	lumA_pole	rna	10	GFRA1	0.006970799062401056	1.0316462516784668	0.844402015209198
TCGA-BH-A0E2-01	0	lumA_pole	meth	1	cg20087413	-0.02042148821055889	-1.5429140329360962	0.844402015209198
TCGA-BH-A0E2-01	0	lumA_pole	meth	2	cg10342963	0.01969406194984913	-1.0471165180206299	0.844402015209198
TCGA-BH-A0E2-01	0	lumA_pole	meth	3	cg17538572	-0.01818033680319786	1.1873019933700562	0.844402015209198
TCGA-BH-A0E2-01	0	lumA_pole	meth	4	cg06197966	-0.013795355334877968	1.7762302160263062	0.844402015209198
TCGA-BH-A0E2-01	0	lumA_pole	meth	5	cg25744613	-0.01206932682543993	1.2401734590530396	0.844402015209198
TCGA-BH-A0E2-01	0	lumA_pole	meth	6	cg00773370	0.011790754273533821	1.6613153219223022	0.844402015209198
TCGA-BH-A0E2-01	0	lumA_pole	meth	7	cg18456459	-0.01087240967899561	1.3375184535980225	0.844402015209198
TCGA-BH-A0E2-01	0	lumA_pole	meth	8	cg26089753	-0.009155305102467537	-1.0535842180252075	0.844402015209198
TCGA-BH-A0E2-01	0	lumA_pole	meth	9	cg09662034	0.008957255631685257	1.7143813371658325	0.844402015209198
TCGA-BH-A0E2-01	0	lumA_pole	meth	10	cg10716835	-0.008324380032718182	0.8329907059669495	0.844402015209198
TCGA-BH-A0GY-01	0	lumA_pole	rna	1	BCL2	-0.04227246344089508	-2.028073787689209	0.8103039264678955
TCGA-BH-A0GY-01	0	lumA_pole	rna	2	ZBTB16	-0.041756246238946915	-1.3254228830337524	0.8103039264678955
TCGA-BH-A0GY-01	0	lumA_pole	rna	3	TUBB2B	0.03641143813729286	1.4109632968902588	0.8103039264678955
TCGA-BH-A0GY-01	0	lumA_pole	rna	4	KCNK5	0.03557724133133888	2.1583447456359863	0.8103039264678955
TCGA-BH-A0GY-01	0	lumA_pole	rna	5	KRT13	0.029205257073044777	4.068317413330078	0.8103039264678955
TCGA-BH-A0GY-01	0	lumA_pole	rna	6	EGR3	0.02713119424879551	0.8058379888534546	0.8103039264678955
TCGA-BH-A0GY-01	0	lumA_pole	rna	7	THSD4	-0.026512034237384796	-1.47542405128479	0.8103039264678955
TCGA-BH-A0GY-01	0	lumA_pole	rna	8	SLC7A5	-0.02640194445848465	1.0412133932113647	0.8103039264678955
TCGA-BH-A0GY-01	0	lumA_pole	rna	9	S100A1	-0.026261886581778526	-1.630285620689392	0.8103039264678955
TCGA-BH-A0GY-01	0	lumA_pole	rna	10	FOXC1	0.023643171414732933	0.6923822164535522	0.8103039264678955
TCGA-BH-A0GY-01	0	lumA_pole	meth	1	cg10342963	0.024828506633639336	-1.0005462169647217	0.8103039264678955
TCGA-BH-A0GY-01	0	lumA_pole	meth	2	cg13456086	-0.02438652329146862	-1.3453673124313354	0.8103039264678955
TCGA-BH-A0GY-01	0	lumA_pole	meth	3	cg00803088	-0.02305063046514988	1.9466570615768433	0.8103039264678955
TCGA-BH-A0GY-01	0	lumA_pole	meth	4	cg22932313	-0.022340480238199234	-1.4190504550933838	0.8103039264678955
TCGA-BH-A0GY-01	0	lumA_pole	meth	5	cg24039697	0.020621079951524734	1.4310747385025024	0.8103039264678955
TCGA-BH-A0GY-01	0	lumA_pole	meth	6	cg14042099	-0.019770188257098198	1.1135389804840088	0.8103039264678955
TCGA-BH-A0GY-01	0	lumA_pole	meth	7	cg13342435	0.01971367560327053	-1.773496389389038	0.8103039264678955
TCGA-BH-A0GY-01	0	lumA_pole	meth	8	cg18456459	0.01915123499929905	-1.9352580308914185	0.8103039264678955
TCGA-BH-A0GY-01	0	lumA_pole	meth	9	cg24724428	-0.017706209793686867	-1.0348351001739502	0.8103039264678955
TCGA-BH-A0GY-01	0	lumA_pole	meth	10	cg10716835	0.01709762215614319	-1.237040638923645	0.8103039264678955
TCGA-BH-A0HB-01	0	lumA_pole	rna	1	ZBTB16	-0.07740122079849243	-1.4173747301101685	0.7105181813240051
TCGA-BH-A0HB-01	0	lumA_pole	rna	2	BCL2	0.06628888845443726	1.0765223503112793	0.7105181813240051
TCGA-BH-A0HB-01	0	lumA_pole	rna	3	UNC119	-0.062196191400289536	3.394151449203491	0.7105181813240051
TCGA-BH-A0HB-01	0	lumA_pole	rna	4	BATF	0.059923768043518066	1.3796061277389526	0.7105181813240051
TCGA-BH-A0HB-01	0	lumA_pole	rna	5	FOS	-0.059309300035238266	-1.1217769384384155	0.7105181813240051
TCGA-BH-A0HB-01	0	lumA_pole	rna	6	KCNK15	0.05190165340900421	1.6039482355117798	0.7105181813240051
TCGA-BH-A0HB-01	0	lumA_pole	rna	7	KRT15	0.0512239895761013	0.960637629032135	0.7105181813240051
TCGA-BH-A0HB-01	0	lumA_pole	rna	8	SVIL	-0.04562443867325783	-1.5371967554092407	0.7105181813240051
TCGA-BH-A0HB-01	0	lumA_pole	rna	9	TMPRSS3	-0.04469683766365051	-0.9134712219238281	0.7105181813240051
TCGA-BH-A0HB-01	0	lumA_pole	rna	10	KRT13	0.040893178433179855	4.36025333404541	0.7105181813240051
TCGA-BH-A0HB-01	0	lumA_pole	meth	1	cg00773370	0.04955938830971718	1.6006488800048828	0.7105181813240051
TCGA-BH-A0HB-01	0	lumA_pole	meth	2	cg14042099	-0.04195726290345192	1.2133948802947998	0.7105181813240051
TCGA-BH-A0HB-01	0	lumA_pole	meth	3	cg27449507	-0.033821456134319305	1.0740509033203125	0.7105181813240051
TCGA-BH-A0HB-01	0	lumA_pole	meth	4	cg10805850	0.03335188329219818	0.9369223117828369	0.7105181813240051
TCGA-BH-A0HB-01	0	lumA_pole	meth	5	cg09451427	0.03209755942225456	1.8632240295410156	0.7105181813240051
TCGA-BH-A0HB-01	0	lumA_pole	meth	6	cg01738022	-0.030085749924182892	-1.1729166507720947	0.7105181813240051
TCGA-BH-A0HB-01	0	lumA_pole	meth	7	cg00803088	0.028872735798358917	-0.9257703423500061	0.7105181813240051
TCGA-BH-A0HB-01	0	lumA_pole	meth	8	cg20087413	-0.028867051005363464	-0.8712224364280701	0.7105181813240051
TCGA-BH-A0HB-01	0	lumA_pole	meth	9	cg00799539	0.027633601799607277	1.593935251235962	0.7105181813240051
TCGA-BH-A0HB-01	0	lumA_pole	meth	10	cg26325335	0.026429345831274986	-1.3870619535446167	0.7105181813240051
TCGA-BH-A0HF-01	0	lumA_pole	rna	1	KRT13	0.010342522524297237	4.942408561706543	0.8837045431137085
TCGA-BH-A0HF-01	0	lumA_pole	rna	2	TSPAN1	0.003690312849357724	1.4076542854309082	0.8837045431137085
TCGA-BH-A0HF-01	0	lumA_pole	rna	3	EZR	0.0026824106462299824	1.4572325944900513	0.8837045431137085
TCGA-BH-A0HF-01	0	lumA_pole	rna	4	IGFBP4	0.0026434408500790596	0.9431621432304382	0.8837045431137085
TCGA-BH-A0HF-01	0	lumA_pole	rna	5	WFDC2	0.0024380807299166918	0.96305912733078	0.8837045431137085
TCGA-BH-A0HF-01	0	lumA_pole	rna	6	CYP26B1	0.002326945774257183	0.48458269238471985	0.8837045431137085
TCGA-BH-A0HF-01	0	lumA_pole	rna	7	AMFR	0.002253407845273614	0.9947295784950256	0.8837045431137085
TCGA-BH-A0HF-01	0	lumA_pole	rna	8	FOXC1	0.0021206815727055073	0.9106965065002441	0.8837045431137085
TCGA-BH-A0HF-01	0	lumA_pole	rna	9	RASGRP1	-0.0020945477299392223	0.7867190837860107	0.8837045431137085
TCGA-BH-A0HF-01	0	lumA_pole	rna	10	KRT15	0.0020745026413351297	1.4776182174682617	0.8837045431137085
TCGA-BH-A0HF-01	0	lumA_pole	meth	1	cg17538572	0.007000609766691923	-2.2046337127685547	0.8837045431137085
TCGA-BH-A0HF-01	0	lumA_pole	meth	2	cg20087413	0.005899815354496241	0.886954128742218	0.8837045431137085
TCGA-BH-A0HF-01	0	lumA_pole	meth	3	cg00803088	0.0049741496331989765	-1.1376397609710693	0.8837045431137085
TCGA-BH-A0HF-01	0	lumA_pole	meth	4	cg01984743	0.004064175300300121	-0.9972944259643555	0.8837045431137085
TCGA-BH-A0HF-01	0	lumA_pole	meth	5	cg15732851	-0.003690192708745599	1.0355103015899658	0.8837045431137085
TCGA-BH-A0HF-01	0	lumA_pole	meth	6	cg10716835	0.00327114574611187	-1.3593382835388184	0.8837045431137085
TCGA-BH-A0HF-01	0	lumA_pole	meth	7	cg07189962	-0.0031608769204467535	-0.6083944439888	0.8837045431137085
TCGA-BH-A0HF-01	0	lumA_pole	meth	8	cg12044685	0.003050468163564801	-1.1461739540100098	0.8837045431137085
TCGA-BH-A0HF-01	0	lumA_pole	meth	9	cg18456459	-0.0028508484829217196	0.6826021075248718	0.8837045431137085
TCGA-BH-A0HF-01	0	lumA_pole	meth	10	cg24724428	-0.002785413060337305	-0.7452366948127747	0.8837045431137085
TCGA-BH-A0HX-01	0	lumA_pole	rna	1	MSMB	-0.12374380975961685	3.2801506519317627	0.7044974565505981
TCGA-BH-A0HX-01	0	lumA_pole	rna	2	NRIP1	-0.07942628115415573	-3.1417510509490967	0.7044974565505981
TCGA-BH-A0HX-01	0	lumA_pole	rna	3	KRT13	0.06883326172828674	4.061293601989746	0.7044974565505981
TCGA-BH-A0HX-01	0	lumA_pole	rna	4	KCNK15	0.05843028053641319	1.2537562847137451	0.7044974565505981
TCGA-BH-A0HX-01	0	lumA_pole	rna	5	S100A1	-0.05559200793504715	-1.7410818338394165	0.7044974565505981
TCGA-BH-A0HX-01	0	lumA_pole	rna	6	KRT15	0.05057477951049805	1.0343941450119019	0.7044974565505981
TCGA-BH-A0HX-01	0	lumA_pole	rna	7	CD44	-0.047916341572999954	-1.0950466394424438	0.7044974565505981
TCGA-BH-A0HX-01	0	lumA_pole	rna	8	EGR3	-0.04380451887845993	-0.7635956406593323	0.7044974565505981
TCGA-BH-A0HX-01	0	lumA_pole	rna	9	TMPRSS3	-0.04101733863353729	-0.8866971731185913	0.7044974565505981
TCGA-BH-A0HX-01	0	lumA_pole	rna	10	TIAM1	-0.04038184508681297	-1.462187647819519	0.7044974565505981
TCGA-BH-A0HX-01	0	lumA_pole	meth	1	cg14042099	-0.0829029455780983	1.7792452573776245	0.7044974565505981
TCGA-BH-A0HX-01	0	lumA_pole	meth	2	cg00799539	0.044628798961639404	1.6092673540115356	0.7044974565505981
TCGA-BH-A0HX-01	0	lumA_pole	meth	3	cg00517532	-0.0403704009950161	1.706383228302002	0.7044974565505981
TCGA-BH-A0HX-01	0	lumA_pole	meth	4	cg24724428	-0.03951053321361542	-1.1960268020629883	0.7044974565505981
TCGA-BH-A0HX-01	0	lumA_pole	meth	5	cg00773370	0.03471517190337181	1.6340593099594116	0.7044974565505981
TCGA-BH-A0HX-01	0	lumA_pole	meth	6	cg03672342	0.03461362421512604	1.928760051727295	0.7044974565505981
TCGA-BH-A0HX-01	0	lumA_pole	meth	7	cg17538572	-0.03178154304623604	0.9556052684783936	0.7044974565505981
TCGA-BH-A0HX-01	0	lumA_pole	meth	8	cg26605683	0.030617384240031242	-1.2298823595046997	0.7044974565505981
TCGA-BH-A0HX-01	0	lumA_pole	meth	9	cg01738022	-0.029774725437164307	-1.6245310306549072	0.7044974565505981
TCGA-BH-A0HX-01	0	lumA_pole	meth	10	cg25744613	-0.027956094592809677	1.21916663646698	0.7044974565505981
TCGA-BH-A0W3-01	1	lumA_pole	rna	1	FOXC1	-0.13156096637248993	-2.0353550910949707	0.6920994520187378
TCGA-BH-A0W3-01	1	lumA_pole	rna	2	TUBB2B	-0.10189386457204819	-1.4109838008880615	0.6920994520187378
TCGA-BH-A0W3-01	1	lumA_pole	rna	3	KCNK5	-0.09437653422355652	-2.2698216438293457	0.6920994520187378
TCGA-BH-A0W3-01	1	lumA_pole	rna	4	DLC1	-0.08288909494876862	-2.0486056804656982	0.6920994520187378
TCGA-BH-A0W3-01	1	lumA_pole	rna	5	DUSP4	0.08238180726766586	1.4616416692733765	0.6920994520187378
TCGA-BH-A0W3-01	1	lumA_pole	rna	6	PSAT1	0.07057534903287888	-2.966615915298462	0.6920994520187378
TCGA-BH-A0W3-01	1	lumA_pole	rna	7	SLC39A6	0.06438250094652176	2.0126640796661377	0.6920994520187378
TCGA-BH-A0W3-01	1	lumA_pole	rna	8	PDLIM3	0.055395349860191345	0.7199468612670898	0.6920994520187378
TCGA-BH-A0W3-01	1	lumA_pole	rna	9	THSD4	0.052979446947574615	1.3289483785629272	0.6920994520187378
TCGA-BH-A0W3-01	1	lumA_pole	rna	10	TMPRSS3	0.04975825548171997	1.2549785375595093	0.6920994520187378
TCGA-BH-A0W3-01	1	lumA_pole	meth	1	cg15543523	-0.04418175667524338	-1.6563187837600708	0.6920994520187378
TCGA-BH-A0W3-01	1	lumA_pole	meth	2	cg26089753	-0.04047388955950737	-1.3078420162200928	0.6920994520187378
TCGA-BH-A0W3-01	1	lumA_pole	meth	3	cg24724428	-0.0400993749499321	-1.1979783773422241	0.6920994520187378
TCGA-BH-A0W3-01	1	lumA_pole	meth	4	cg03672342	0.04004006087779999	1.4581751823425293	0.6920994520187378
TCGA-BH-A0W3-01	1	lumA_pole	meth	5	cg20087413	-0.033589523285627365	-0.9271256327629089	0.6920994520187378
TCGA-BH-A0W3-01	1	lumA_pole	meth	6	cg14042099	0.03191720321774483	-0.796525776386261	0.6920994520187378
TCGA-BH-A0W3-01	1	lumA_pole	meth	7	cg13342435	0.03168339282274246	-1.6458146572113037	0.6920994520187378
TCGA-BH-A0W3-01	1	lumA_pole	meth	8	cg10342963	-0.031149206683039665	0.5773292183876038	0.6920994520187378
TCGA-BH-A0W3-01	1	lumA_pole	meth	9	cg01738022	0.028703689575195312	1.3515992164611816	0.6920994520187378
TCGA-BH-A0W3-01	1	lumA_pole	meth	10	cg25744613	0.027584485709667206	-0.9567142128944397	0.6920994520187378
TCGA-BH-A1EO-01	0	lumA_pole	rna	1	TUBB2B	0.013922740705311298	1.5884543657302856	0.8469188213348389
TCGA-BH-A1EO-01	0	lumA_pole	rna	2	RAB17	-0.012663604691624641	-0.9402428269386292	0.8469188213348389
TCGA-BH-A1EO-01	0	lumA_pole	rna	3	PDLIM3	0.011106543242931366	1.4992504119873047	0.8469188213348389
TCGA-BH-A1EO-01	0	lumA_pole	rna	4	TSPAN1	-0.011075623333454132	-1.2546793222427368	0.8469188213348389
TCGA-BH-A1EO-01	0	lumA_pole	rna	5	CELSR1	-0.010879003442823887	-1.418515920639038	0.8469188213348389
TCGA-BH-A1EO-01	0	lumA_pole	rna	6	FHL2	0.010788114741444588	1.6533522605895996	0.8469188213348389
TCGA-BH-A1EO-01	0	lumA_pole	rna	7	FARP1	0.009802314452826977	1.3351582288742065	0.8469188213348389
TCGA-BH-A1EO-01	0	lumA_pole	rna	8	EGR3	-0.009236771613359451	-0.7518505454063416	0.8469188213348389
TCGA-BH-A1EO-01	0	lumA_pole	rna	9	PGR	0.00857944879680872	1.8438695669174194	0.8469188213348389
TCGA-BH-A1EO-01	0	lumA_pole	rna	10	MLPH	-0.007056878879666328	-1.2944133281707764	0.8469188213348389
TCGA-BH-A1EO-01	0	lumA_pole	meth	1	cg10805850	0.019565191119909286	1.4566380977630615	0.8469188213348389
TCGA-BH-A1EO-01	0	lumA_pole	meth	2	cg10716835	-0.013141470029950142	1.3509089946746826	0.8469188213348389
TCGA-BH-A1EO-01	0	lumA_pole	meth	3	cg24724428	0.013132049702107906	1.6542937755584717	0.8469188213348389
TCGA-BH-A1EO-01	0	lumA_pole	meth	4	cg00517532	-0.010444389656186104	1.3518619537353516	0.8469188213348389
TCGA-BH-A1EO-01	0	lumA_pole	meth	5	cg01321962	0.010142100043594837	1.2032583951950073	0.8469188213348389
TCGA-BH-A1EO-01	0	lumA_pole	meth	6	cg26605683	0.00989388208836317	-1.1146903038024902	0.8469188213348389
TCGA-BH-A1EO-01	0	lumA_pole	meth	7	cg00803088	-0.009829630143940449	1.4224485158920288	0.8469188213348389
TCGA-BH-A1EO-01	0	lumA_pole	meth	8	cg08810842	-0.009778246283531189	1.3326207399368286	0.8469188213348389
TCGA-BH-A1EO-01	0	lumA_pole	meth	9	cg13456086	-0.008393711410462856	-1.1676039695739746	0.8469188213348389
TCGA-BH-A1EO-01	0	lumA_pole	meth	10	cg01984743	0.00828530639410019	-1.3726246356964111	0.8469188213348389
TCGA-BH-A1EU-01	0	lumA_pole	rna	1	EZR	-0.0037708075251430273	-1.9597326517105103	0.8847232460975647
TCGA-BH-A1EU-01	0	lumA_pole	rna	2	EGR3	0.002485903911292553	2.1737217903137207	0.8847232460975647
TCGA-BH-A1EU-01	0	lumA_pole	rna	3	JAK2	0.002300156047567725	1.8999805450439453	0.8847232460975647
TCGA-BH-A1EU-01	0	lumA_pole	rna	4	FOS	0.002273957012221217	1.9638806581497192	0.8847232460975647
TCGA-BH-A1EU-01	0	lumA_pole	rna	5	AHNAK	0.0022489912807941437	1.7025717496871948	0.8847232460975647
TCGA-BH-A1EU-01	0	lumA_pole	rna	6	AHCY	0.002192460699006915	-1.3569765090942383	0.8847232460975647
TCGA-BH-A1EU-01	0	lumA_pole	rna	7	KLF4	0.0016776102129369974	1.2976658344268799	0.8847232460975647
TCGA-BH-A1EU-01	0	lumA_pole	rna	8	FOXC1	0.001652500475756824	0.7632459402084351	0.8847232460975647
TCGA-BH-A1EU-01	0	lumA_pole	rna	9	CDC14B	-0.0015926603227853775	1.3681330680847168	0.8847232460975647
TCGA-BH-A1EU-01	0	lumA_pole	rna	10	CALCR	-0.0015532177640125155	1.1935851573944092	0.8847232460975647
TCGA-BH-A1EU-01	0	lumA_pole	meth	1	cg15012484	-0.005333235953003168	-1.6878200769424438	0.8847232460975647
TCGA-BH-A1EU-01	0	lumA_pole	meth	2	cg20087413	0.005205162335187197	1.1668967008590698	0.8847232460975647
TCGA-BH-A1EU-01	0	lumA_pole	meth	3	cg26089753	0.003908178769052029	0.9444082975387573	0.8847232460975647
TCGA-BH-A1EU-01	0	lumA_pole	meth	4	cg01207684	0.003901227843016386	-1.3810131549835205	0.8847232460975647
TCGA-BH-A1EU-01	0	lumA_pole	meth	5	cg00803088	0.0035362846683710814	-0.9232481122016907	0.8847232460975647
TCGA-BH-A1EU-01	0	lumA_pole	meth	6	cg10342963	-0.003103801980614662	1.3034584522247314	0.8847232460975647
TCGA-BH-A1EU-01	0	lumA_pole	meth	7	cg10716835	0.0030344752594828606	-1.1648112535476685	0.8847232460975647
TCGA-BH-A1EU-01	0	lumA_pole	meth	8	cg18456459	0.0026299944147467613	-1.351204514503479	0.8847232460975647
TCGA-BH-A1EU-01	0	lumA_pole	meth	9	cg03345116	-0.002548857592046261	0.7562906742095947	0.8847232460975647
TCGA-BH-A1EU-01	0	lumA_pole	meth	10	cg17538572	0.0022462743800133467	-2.208916664123535	0.8847232460975647
TCGA-BH-A1F5-01	0	lumA_pole	rna	1	KRT15	0.0879962295293808	1.771517038345337	0.720553457736969
TCGA-BH-A1F5-01	0	lumA_pole	rna	2	SLC22A5	-0.08664197474718094	1.93462073802948	0.720553457736969
TCGA-BH-A1F5-01	0	lumA_pole	rna	3	BCL2	0.06905916333198547	1.0702883005142212	0.720553457736969
TCGA-BH-A1F5-01	0	lumA_pole	rna	4	RAB31	-0.06467360258102417	2.3296725749969482	0.720553457736969
TCGA-BH-A1F5-01	0	lumA_pole	rna	5	ALDH3A2	-0.06296227127313614	1.9743571281433105	0.720553457736969
TCGA-BH-A1F5-01	0	lumA_pole	rna	6	RAB17	-0.061695847660303116	-0.9038597941398621	0.720553457736969
TCGA-BH-A1F5-01	0	lumA_pole	rna	7	NBL1	-0.05930044874548912	-1.8358861207962036	0.720553457736969
TCGA-BH-A1F5-01	0	lumA_pole	rna	8	KRT13	0.058901648968458176	5.07949686050415	0.720553457736969
TCGA-BH-A1F5-01	0	lumA_pole	rna	9	ALCAM	0.0547463558614254	2.708038568496704	0.720553457736969
TCGA-BH-A1F5-01	0	lumA_pole	rna	10	STC2	0.052090033888816833	1.4213194847106934	0.720553457736969
TCGA-BH-A1F5-01	0	lumA_pole	meth	1	cg20087413	-0.06480773538351059	-1.4895713329315186	0.720553457736969
TCGA-BH-A1F5-01	0	lumA_pole	meth	2	cg03345116	-0.05010249838232994	-2.181694746017456	0.720553457736969
TCGA-BH-A1F5-01	0	lumA_pole	meth	3	cg10342963	0.048128753900527954	-1.2110316753387451	0.720553457736969
TCGA-BH-A1F5-01	0	lumA_pole	meth	4	cg26605683	0.03963260352611542	-1.453237771987915	0.720553457736969
TCGA-BH-A1F5-01	0	lumA_pole	meth	5	cg26089753	-0.03635093942284584	-1.4072577953338623	0.720553457736969
TCGA-BH-A1F5-01	0	lumA_pole	meth	6	cg01984743	0.03244099020957947	-1.3396720886230469	0.720553457736969
TCGA-BH-A1F5-01	0	lumA_pole	meth	7	cg15543523	-0.030258025974035263	-1.3934948444366455	0.720553457736969
TCGA-BH-A1F5-01	0	lumA_pole	meth	8	cg14042099	0.02699257619678974	-1.1404739618301392	0.720553457736969
TCGA-BH-A1F5-01	0	lumA_pole	meth	9	cg10716835	0.02315572276711464	-1.1451122760772705	0.720553457736969
TCGA-BH-A1F5-01	0	lumA_pole	meth	10	cg00651400	-0.022978508844971657	-1.1566195487976074	0.720553457736969
TCGA-BH-A1FD-01	1	lumA_pole	rna	1	TUBB2B	-0.14668716490268707	-1.2685656547546387	0.4282291531562805
TCGA-BH-A1FD-01	1	lumA_pole	rna	2	AKAP1	0.12528765201568604	-1.505071997642517	0.4282291531562805
TCGA-BH-A1FD-01	1	lumA_pole	rna	3	EGR3	0.11011414229869843	0.9345933198928833	0.4282291531562805
TCGA-BH-A1FD-01	1	lumA_pole	rna	4	S100A1	0.09602173417806625	1.7340905666351318	0.4282291531562805
TCGA-BH-A1FD-01	1	lumA_pole	rna	5	BCL2	-0.08532384783029556	-0.9655609130859375	0.4282291531562805
TCGA-BH-A1FD-01	1	lumA_pole	rna	6	FOXC1	-0.0784633681178093	-0.6568939089775085	0.4282291531562805
TCGA-BH-A1FD-01	1	lumA_pole	rna	7	ABAT	0.07764063775539398	1.2948615550994873	0.4282291531562805
TCGA-BH-A1FD-01	1	lumA_pole	rna	8	RAB17	0.07465771585702896	0.6831543445587158	0.4282291531562805
TCGA-BH-A1FD-01	1	lumA_pole	rna	9	SLC1A1	0.07233400642871857	1.2443567514419556	0.4282291531562805
TCGA-BH-A1FD-01	1	lumA_pole	rna	10	RBBP8	-0.07206287235021591	2.2117345333099365	0.4282291531562805
TCGA-BH-A1FD-01	1	lumA_pole	meth	1	cg00517532	-0.0647503212094307	2.3441901206970215	0.4282291531562805
TCGA-BH-A1FD-01	1	lumA_pole	meth	2	cg15543523	-0.06090688705444336	-1.7382036447525024	0.4282291531562805
TCGA-BH-A1FD-01	1	lumA_pole	meth	3	cg01207684	0.05816199257969856	-2.5307061672210693	0.4282291531562805
TCGA-BH-A1FD-01	1	lumA_pole	meth	4	cg26089753	-0.052723661065101624	-1.7926037311553955	0.4282291531562805
TCGA-BH-A1FD-01	1	lumA_pole	meth	5	cg03672342	0.05157992243766785	1.3581129312515259	0.4282291531562805
TCGA-BH-A1FD-01	1	lumA_pole	meth	6	cg00803088	-0.05007113143801689	1.652814269065857	0.4282291531562805
TCGA-BH-A1FD-01	1	lumA_pole	meth	7	cg20087413	0.047713421285152435	1.381121039390564	0.4282291531562805
TCGA-BH-A1FD-01	1	lumA_pole	meth	8	cg01321962	-0.036416634917259216	-1.725827932357788	0.4282291531562805
TCGA-BH-A1FD-01	1	lumA_pole	meth	9	cg07189962	-0.03624536097049713	-2.2925517559051514	0.4282291531562805
TCGA-BH-A1FD-01	1	lumA_pole	meth	10	cg10716835	-0.03601781651377678	1.4526869058609009	0.4282291531562805
TCGA-BH-A1FR-01	0	lumA_pole	rna	1	DLC1	-0.008803851902484894	-0.8658096194267273	0.8530091643333435
TCGA-BH-A1FR-01	0	lumA_pole	rna	2	CACNA2D2	0.008512452244758606	2.3453545570373535	0.8530091643333435
TCGA-BH-A1FR-01	0	lumA_pole	rna	3	CYP26B1	-0.0076200333423912525	-1.5879870653152466	0.8530091643333435
TCGA-BH-A1FR-01	0	lumA_pole	rna	4	RAB17	0.007557138800621033	0.866489589214325	0.8530091643333435
TCGA-BH-A1FR-01	0	lumA_pole	rna	5	ASCL1	-0.0074865929782390594	2.3895480632781982	0.8530091643333435
TCGA-BH-A1FR-01	0	lumA_pole	rna	6	CD44	0.0067748636938631535	1.487463355064392	0.8530091643333435
TCGA-BH-A1FR-01	0	lumA_pole	rna	7	SLC24A3	-0.006505114026367664	-2.7082817554473877	0.8530091643333435
TCGA-BH-A1FR-01	0	lumA_pole	rna	8	TFAP2C	0.006421624217182398	-1.6178706884384155	0.8530091643333435
TCGA-BH-A1FR-01	0	lumA_pole	rna	9	ATP2B4	-0.006239032372832298	-3.007751226425171	0.8530091643333435
TCGA-BH-A1FR-01	0	lumA_pole	rna	10	CELSR1	0.006158202886581421	1.1651235818862915	0.8530091643333435
TCGA-BH-A1FR-01	0	lumA_pole	meth	1	cg14042099	-0.011040867306292057	1.827466368675232	0.8530091643333435
TCGA-BH-A1FR-01	0	lumA_pole	meth	2	cg10342963	-0.010847311466932297	1.324905276298523	0.8530091643333435
TCGA-BH-A1FR-01	0	lumA_pole	meth	3	cg20087413	0.010516993701457977	1.6154022216796875	0.8530091643333435
TCGA-BH-A1FR-01	0	lumA_pole	meth	4	cg24039697	0.010125077329576015	2.14791202545166	0.8530091643333435
TCGA-BH-A1FR-01	0	lumA_pole	meth	5	cg13342435	0.008640225045382977	-1.6170111894607544	0.8530091643333435
TCGA-BH-A1FR-01	0	lumA_pole	meth	6	cg10716835	0.008218632079660892	-1.125413179397583	0.8530091643333435
TCGA-BH-A1FR-01	0	lumA_pole	meth	7	cg13570656	-0.007427849806845188	-1.6315381526947021	0.8530091643333435
TCGA-BH-A1FR-01	0	lumA_pole	meth	8	cg06875707	0.007209104485809803	1.8683381080627441	0.8530091643333435
TCGA-BH-A1FR-01	0	lumA_pole	meth	9	cg10805850	0.006850490812212229	1.41367769241333	0.8530091643333435
TCGA-BH-A1FR-01	0	lumA_pole	meth	10	cg05116002	0.006200364790856838	-1.6884762048721313	0.8530091643333435
TCGA-BH-A28Q-01	0	lumA_pole	rna	1	EGR3	0.0043423790484666824	1.0217698812484741	0.8695566058158875
TCGA-BH-A28Q-01	0	lumA_pole	rna	2	NPY1R	-0.004107451997697353	1.2276215553283691	0.8695566058158875
TCGA-BH-A28Q-01	0	lumA_pole	rna	3	KCNK15	0.0034219385124742985	1.1249030828475952	0.8695566058158875
TCGA-BH-A28Q-01	0	lumA_pole	rna	4	IGFBP4	-0.0032821225468069315	-1.2908166646957397	0.8695566058158875
TCGA-BH-A28Q-01	0	lumA_pole	rna	5	ZBTB16	0.0031219515949487686	1.6018092632293701	0.8695566058158875
TCGA-BH-A28Q-01	0	lumA_pole	rna	6	TMPRSS3	0.0030784704722464085	0.9610752463340759	0.8695566058158875
TCGA-BH-A28Q-01	0	lumA_pole	rna	7	DHRS2	-0.0030217664316296577	0.7641441822052002	0.8695566058158875
TCGA-BH-A28Q-01	0	lumA_pole	rna	8	BLVRB	0.00254591996781528	-1.3120135068893433	0.8695566058158875
TCGA-BH-A28Q-01	0	lumA_pole	rna	9	FAM134B	0.002453360939398408	-1.4312222003936768	0.8695566058158875
TCGA-BH-A28Q-01	0	lumA_pole	rna	10	AREG	0.0022907156962901354	1.4115912914276123	0.8695566058158875
TCGA-BH-A28Q-01	0	lumA_pole	meth	1	cg01207684	0.008242951706051826	-1.9136744737625122	0.8695566058158875
TCGA-BH-A28Q-01	0	lumA_pole	meth	2	cg26089753	-0.005756708327680826	-0.8041649460792542	0.8695566058158875
TCGA-BH-A28Q-01	0	lumA_pole	meth	3	cg24039697	0.005332530476152897	2.3153514862060547	0.8695566058158875
TCGA-BH-A28Q-01	0	lumA_pole	meth	4	cg24724428	-0.004987136926501989	-0.7635805606842041	0.8695566058158875
TCGA-BH-A28Q-01	0	lumA_pole	meth	5	cg22932313	0.0037400969304144382	1.0372345447540283	0.8695566058158875
TCGA-BH-A28Q-01	0	lumA_pole	meth	6	cg09662034	-0.0036619214806705713	1.6025919914245605	0.8695566058158875
TCGA-BH-A28Q-01	0	lumA_pole	meth	7	cg00517532	0.0036088060587644577	-0.8195805549621582	0.8695566058158875
TCGA-BH-A28Q-01	0	lumA_pole	meth	8	cg06741896	-0.0034281183034181595	-0.8961158394813538	0.8695566058158875
TCGA-BH-A28Q-01	0	lumA_pole	meth	9	cg20087413	0.0030643867794424295	0.5920754075050354	0.8695566058158875
TCGA-BH-A28Q-01	0	lumA_pole	meth	10	cg00803088	-0.0030018032994121313	1.2433682680130005	0.8695566058158875
TCGA-BH-A2L8-01	0	lumA_pole	rna	1	AMFR	-0.006668352987617254	-1.3827180862426758	0.8761208057403564
TCGA-BH-A2L8-01	0	lumA_pole	rna	2	ZBTB16	0.006493302993476391	1.1435861587524414	0.8761208057403564
TCGA-BH-A2L8-01	0	lumA_pole	rna	3	AHNAK	-0.0046920254826545715	-1.355304479598999	0.8761208057403564
TCGA-BH-A2L8-01	0	lumA_pole	rna	4	CYP1A1	0.004691699519753456	2.902778387069702	0.8761208057403564
TCGA-BH-A2L8-01	0	lumA_pole	rna	5	THSD4	-0.004677229095250368	-2.3530728816986084	0.8761208057403564
TCGA-BH-A2L8-01	0	lumA_pole	rna	6	TGM2	0.004366531036794186	2.1015822887420654	0.8761208057403564
TCGA-BH-A2L8-01	0	lumA_pole	rna	7	ALCAM	0.003925656899809837	-1.4806450605392456	0.8761208057403564
TCGA-BH-A2L8-01	0	lumA_pole	rna	8	ID2	0.0036511733196675777	1.3218916654586792	0.8761208057403564
TCGA-BH-A2L8-01	0	lumA_pole	rna	9	RAB17	0.0035651936195790768	0.6543509364128113	0.8761208057403564
TCGA-BH-A2L8-01	0	lumA_pole	rna	10	TMPRSS3	0.0034602866508066654	1.0865249633789062	0.8761208057403564
TCGA-BH-A2L8-01	0	lumA_pole	meth	1	cg26089753	0.007457118947058916	1.3697845935821533	0.8761208057403564
TCGA-BH-A2L8-01	0	lumA_pole	meth	2	cg10805850	-0.005086012650281191	-1.0563689470291138	0.8761208057403564
TCGA-BH-A2L8-01	0	lumA_pole	meth	3	cg10716835	0.0047511146403849125	-0.9747983813285828	0.8761208057403564
TCGA-BH-A2L8-01	0	lumA_pole	meth	4	cg25339073	-0.0037066531367599964	0.7059730291366577	0.8761208057403564
TCGA-BH-A2L8-01	0	lumA_pole	meth	5	cg01984743	0.002880685729905963	-0.6064766049385071	0.8761208057403564
TCGA-BH-A2L8-01	0	lumA_pole	meth	6	cg07189962	0.0027355689089745283	1.0468844175338745	0.8761208057403564
TCGA-BH-A2L8-01	0	lumA_pole	meth	7	cg14058239	0.00271411519497633	1.2893468141555786	0.8761208057403564
TCGA-BH-A2L8-01	0	lumA_pole	meth	8	cg24724428	-0.0027104350738227367	-0.44236814975738525	0.8761208057403564
TCGA-BH-A2L8-01	0	lumA_pole	meth	9	cg06875707	0.0027100290171802044	0.6874021291732788	0.8761208057403564
TCGA-BH-A2L8-01	0	lumA_pole	meth	10	cg06665913	-0.0026414955500513315	0.9499222040176392	0.8761208057403564
TCGA-C8-A1HG-01	1	lumA_pole	rna	1	AHNAK	-0.05394633859395981	-3.194807767868042	0.34622275829315186
TCGA-C8-A1HG-01	1	lumA_pole	rna	2	S100A1	-0.041120875626802444	-2.550172805786133	0.34622275829315186
TCGA-C8-A1HG-01	1	lumA_pole	rna	3	BCL2	0.04084160551428795	1.5490509271621704	0.34622275829315186
TCGA-C8-A1HG-01	1	lumA_pole	rna	4	TSPAN1	-0.03881218656897545	-3.145336151123047	0.34622275829315186
TCGA-C8-A1HG-01	1	lumA_pole	rna	5	PSAT1	-0.032097212970256805	3.129523515701294	0.34622275829315186
TCGA-C8-A1HG-01	1	lumA_pole	rna	6	THSD4	-0.029315954074263573	-1.7598611116409302	0.34622275829315186
TCGA-C8-A1HG-01	1	lumA_pole	rna	7	FOS	-0.028852544724941254	-1.564237356185913	0.34622275829315186
TCGA-C8-A1HG-01	1	lumA_pole	rna	8	CD44	-0.028338810428977013	-1.528710961341858	0.34622275829315186
TCGA-C8-A1HG-01	1	lumA_pole	rna	9	DUSP4	-0.02778911404311657	-1.4600387811660767	0.34622275829315186
TCGA-C8-A1HG-01	1	lumA_pole	rna	10	SLC7A5	-0.027245985344052315	2.0429179668426514	0.34622275829315186
TCGA-C8-A1HG-01	1	lumA_pole	meth	1	cg14042099	-0.03297249600291252	0.7678838968276978	0.34622275829315186
TCGA-C8-A1HG-01	1	lumA_pole	meth	2	cg00651400	-0.03055887296795845	-1.2060747146606445	0.34622275829315186
TCGA-C8-A1HG-01	1	lumA_pole	meth	3	cg13342435	0.026657523587346077	-1.4553669691085815	0.34622275829315186
TCGA-C8-A1HG-01	1	lumA_pole	meth	4	cg03345116	-0.025697020813822746	-1.007843255996704	0.34622275829315186
TCGA-C8-A1HG-01	1	lumA_pole	meth	5	cg00799539	-0.024301953613758087	-1.0537034273147583	0.34622275829315186
TCGA-C8-A1HG-01	1	lumA_pole	meth	6	cg00803088	0.02401047572493553	-1.0459978580474854	0.34622275829315186
TCGA-C8-A1HG-01	1	lumA_pole	meth	7	cg25339073	0.023127473890781403	-1.1130926609039307	0.34622275829315186
TCGA-C8-A1HG-01	1	lumA_pole	meth	8	cg10342963	0.021354345604777336	-0.9377375841140747	0.34622275829315186
TCGA-C8-A1HG-01	1	lumA_pole	meth	9	cg15732851	0.02005070634186268	1.796507716178894	0.34622275829315186
TCGA-C8-A1HG-01	1	lumA_pole	meth	10	cg01738022	-0.018084639683365822	-1.2909958362579346	0.34622275829315186
TCGA-C8-A26V-01	1	lumA_pole	rna	1	EGR3	-0.19603464007377625	-1.8279939889907837	0.5451383590698242
TCGA-C8-A26V-01	1	lumA_pole	rna	2	FOXC1	-0.17342132329940796	-1.590619444847107	0.5451383590698242
TCGA-C8-A26V-01	1	lumA_pole	rna	3	FOS	-0.16850684583187103	-2.0433835983276367	0.5451383590698242
TCGA-C8-A26V-01	1	lumA_pole	rna	4	RAB17	0.1679161936044693	1.2715332508087158	0.5451383590698242
TCGA-C8-A26V-01	1	lumA_pole	rna	5	S100A1	0.16053366661071777	1.9211071729660034	0.5451383590698242
TCGA-C8-A26V-01	1	lumA_pole	rna	6	RBBP8	-0.15232379734516144	2.096590995788574	0.5451383590698242
TCGA-C8-A26V-01	1	lumA_pole	rna	7	FHL2	0.1263916939496994	2.010143756866455	0.5451383590698242
TCGA-C8-A26V-01	1	lumA_pole	rna	8	SGK1	-0.12156644463539124	-1.9927923679351807	0.5451383590698242
TCGA-C8-A26V-01	1	lumA_pole	rna	9	MSMB	0.10864734649658203	-1.4469053745269775	0.5451383590698242
TCGA-C8-A26V-01	1	lumA_pole	rna	10	AHNAK	-0.10594560950994492	-1.2451099157333374	0.5451383590698242
TCGA-C8-A26V-01	1	lumA_pole	meth	1	cg10566121	-0.10259215533733368	2.421579599380493	0.5451383590698242
TCGA-C8-A26V-01	1	lumA_pole	meth	2	cg14042099	0.07683397084474564	-1.2177129983901978	0.5451383590698242
TCGA-C8-A26V-01	1	lumA_pole	meth	3	cg03345116	-0.06311511248350143	-1.6086136102676392	0.5451383590698242
TCGA-C8-A26V-01	1	lumA_pole	meth	4	cg17538572	0.06098196282982826	-1.3073984384536743	0.5451383590698242
TCGA-C8-A26V-01	1	lumA_pole	meth	5	cg01738022	0.04897550493478775	0.9935281872749329	0.5451383590698242
TCGA-C8-A26V-01	1	lumA_pole	meth	6	cg24676071	-0.04516350477933884	-1.4668827056884766	0.5451383590698242
TCGA-C8-A26V-01	1	lumA_pole	meth	7	cg10342963	-0.037740305066108704	1.0715259313583374	0.5451383590698242
TCGA-C8-A26V-01	1	lumA_pole	meth	8	cg05116002	-0.03725416585803032	0.9287601113319397	0.5451383590698242
TCGA-C8-A26V-01	1	lumA_pole	meth	9	cg20087413	0.034784913063049316	0.976142942905426	0.5451383590698242
TCGA-C8-A26V-01	1	lumA_pole	meth	10	cg00773370	-0.03428886458277702	-1.2124212980270386	0.5451383590698242
TCGA-C8-A26Z-01	0	lumA_pole	rna	1	CYP26B1	-0.1127316877245903	-1.9430848360061646	0.5754266977310181
TCGA-C8-A26Z-01	0	lumA_pole	rna	2	FOXC1	-0.09292658418416977	-0.9353904724121094	0.5754266977310181
TCGA-C8-A26Z-01	0	lumA_pole	rna	3	RBBP8	0.06859694421291351	-1.4069417715072632	0.5754266977310181
TCGA-C8-A26Z-01	0	lumA_pole	rna	4	CD44	0.06785383820533752	1.3684964179992676	0.5754266977310181
TCGA-C8-A26Z-01	0	lumA_pole	rna	5	TIPARP	0.05918161943554878	-1.673100471496582	0.5754266977310181
TCGA-C8-A26Z-01	0	lumA_pole	rna	6	THSD4	0.0582963302731514	1.8095893859863281	0.5754266977310181
TCGA-C8-A26Z-01	0	lumA_pole	rna	7	ZBTB16	-0.055178552865982056	-0.7583939433097839	0.5754266977310181
TCGA-C8-A26Z-01	0	lumA_pole	rna	8	TIAM1	0.0540156215429306	1.114080786705017	0.5754266977310181
TCGA-C8-A26Z-01	0	lumA_pole	rna	9	AHNAK	-0.05347095802426338	-1.0490142107009888	0.5754266977310181
TCGA-C8-A26Z-01	0	lumA_pole	rna	10	MED13L	-0.05297026410698891	1.156497836112976	0.5754266977310181
TCGA-C8-A26Z-01	0	lumA_pole	meth	1	cg14042099	-0.06678340584039688	1.8099701404571533	0.5754266977310181
TCGA-C8-A26Z-01	0	lumA_pole	meth	2	cg13456086	-0.05018282309174538	-1.5162625312805176	0.5754266977310181
TCGA-C8-A26Z-01	0	lumA_pole	meth	3	cg15543523	-0.046376995742321014	-1.7844290733337402	0.5754266977310181
TCGA-C8-A26Z-01	0	lumA_pole	meth	4	cg03672342	0.04620691388845444	2.0564544200897217	0.5754266977310181
TCGA-C8-A26Z-01	0	lumA_pole	meth	5	cg20087413	-0.0424983911216259	-1.68757963180542	0.5754266977310181
TCGA-C8-A26Z-01	0	lumA_pole	meth	6	cg03048314	0.03802730515599251	2.5964884757995605	0.5754266977310181
TCGA-C8-A26Z-01	0	lumA_pole	meth	7	cg18456459	0.036422692239284515	-2.269260883331299	0.5754266977310181
TCGA-C8-A26Z-01	0	lumA_pole	meth	8	cg24039697	0.03513281047344208	2.193213701248169	0.5754266977310181
TCGA-C8-A26Z-01	0	lumA_pole	meth	9	cg16650717	-0.0345037467777729	2.6570889949798584	0.5754266977310181
TCGA-C8-A26Z-01	0	lumA_pole	meth	10	cg26089753	-0.03397504612803459	-1.66019606590271	0.5754266977310181
TCGA-C8-A274-01	1	lumA_pole	rna	1	FOXC1	-0.2816753685474396	-2.6870553493499756	0.627389669418335
TCGA-C8-A274-01	1	lumA_pole	rna	2	BCL2	-0.16871097683906555	-1.8730334043502808	0.627389669418335
TCGA-C8-A274-01	1	lumA_pole	rna	3	TUBB2B	0.16015182435512543	1.6867470741271973	0.627389669418335
TCGA-C8-A274-01	1	lumA_pole	rna	4	EGR3	0.15986131131649017	1.6422449350357056	0.627389669418335
TCGA-C8-A274-01	1	lumA_pole	rna	5	AHNAK	-0.14856882393360138	-1.885917067527771	0.627389669418335
TCGA-C8-A274-01	1	lumA_pole	rna	6	FOS	-0.144725501537323	-1.9973645210266113	0.627389669418335
TCGA-C8-A274-01	1	lumA_pole	rna	7	ZBTB16	-0.11621186137199402	-1.3597636222839355	0.627389669418335
TCGA-C8-A274-01	1	lumA_pole	rna	8	BHLHE40	-0.10093248635530472	-2.5260283946990967	0.627389669418335
TCGA-C8-A274-01	1	lumA_pole	rna	9	S100A1	0.09396939724683762	1.448684573173523	0.627389669418335
TCGA-C8-A274-01	1	lumA_pole	rna	10	DLC1	-0.08787954598665237	-1.8721740245819092	0.627389669418335
TCGA-C8-A274-01	1	lumA_pole	meth	1	cg13456086	0.045706361532211304	1.706101417541504	0.627389669418335
TCGA-C8-A274-01	1	lumA_pole	meth	2	cg03672342	0.044844385236501694	2.553415536880493	0.627389669418335
TCGA-C8-A274-01	1	lumA_pole	meth	3	cg01207684	0.04070228338241577	-2.6341280937194824	0.627389669418335
TCGA-C8-A274-01	1	lumA_pole	meth	4	cg00799539	0.039340849965810776	1.8485313653945923	0.627389669418335
TCGA-C8-A274-01	1	lumA_pole	meth	5	cg03345116	0.03862721845507622	1.2198739051818848	0.627389669418335
TCGA-C8-A274-01	1	lumA_pole	meth	6	cg17538572	-0.03485487028956413	1.3277759552001953	0.627389669418335
TCGA-C8-A274-01	1	lumA_pole	meth	7	cg10805850	0.033979594707489014	1.2421854734420776	0.627389669418335
TCGA-C8-A274-01	1	lumA_pole	meth	8	cg15543523	-0.03233616426587105	-1.2068324089050293	0.627389669418335
TCGA-C8-A274-01	1	lumA_pole	meth	9	cg20087413	-0.029335908591747284	-1.234379768371582	0.627389669418335
TCGA-C8-A274-01	1	lumA_pole	meth	10	cg25744613	-0.02859979122877121	1.5519137382507324	0.627389669418335
TCGA-D8-A1JE-01	1	lumA_pole	rna	1	KRT15	-0.0813932940363884	-1.5390591621398926	0.763640820980072
TCGA-D8-A1JE-01	1	lumA_pole	rna	2	TUBB2B	-0.08095518499612808	-1.400496482849121	0.763640820980072
TCGA-D8-A1JE-01	1	lumA_pole	rna	3	ZBTB16	-0.061755381524562836	-1.703848958015442	0.763640820980072
TCGA-D8-A1JE-01	1	lumA_pole	rna	4	TSPAN1	0.05837817117571831	1.7068089246749878	0.763640820980072
TCGA-D8-A1JE-01	1	lumA_pole	rna	5	ADCY1	-0.056149471551179886	-2.1515085697174072	0.763640820980072
TCGA-D8-A1JE-01	1	lumA_pole	rna	6	PDLIM3	-0.05423717945814133	-0.8695206642150879	0.763640820980072
TCGA-D8-A1JE-01	1	lumA_pole	rna	7	FOXC1	-0.050098855048418045	-0.6890354156494141	0.763640820980072
TCGA-D8-A1JE-01	1	lumA_pole	rna	8	FKBP4	0.04710005223751068	-1.8683732748031616	0.763640820980072
TCGA-D8-A1JE-01	1	lumA_pole	rna	9	PODXL	-0.04487008601427078	-1.435370683670044	0.763640820980072
TCGA-D8-A1JE-01	1	lumA_pole	rna	10	SLC1A1	0.0441332571208477	2.2520241737365723	0.763640820980072
TCGA-D8-A1JE-01	1	lumA_pole	meth	1	cg10805850	-0.033064138144254684	-1.4056403636932373	0.763640820980072
TCGA-D8-A1JE-01	1	lumA_pole	meth	2	cg25339073	0.021409299224615097	-1.5003886222839355	0.763640820980072
TCGA-D8-A1JE-01	1	lumA_pole	meth	3	cg01984743	0.01972523145377636	-1.0809941291809082	0.763640820980072
TCGA-D8-A1JE-01	1	lumA_pole	meth	4	cg17706972	-0.018894154578447342	-1.36276376247406	0.763640820980072
TCGA-D8-A1JE-01	1	lumA_pole	meth	5	cg00803088	0.018693625926971436	-0.937961220741272	0.763640820980072
TCGA-D8-A1JE-01	1	lumA_pole	meth	6	cg05226008	-0.017924174666404724	-1.2743353843688965	0.763640820980072
TCGA-D8-A1JE-01	1	lumA_pole	meth	7	cg14042099	0.016835931688547134	-0.7419037222862244	0.763640820980072
TCGA-D8-A1JE-01	1	lumA_pole	meth	8	cg05116002	0.01525155734270811	-1.3231358528137207	0.763640820980072
TCGA-D8-A1JE-01	1	lumA_pole	meth	9	cg24039697	-0.015146983787417412	-0.9432815909385681	0.763640820980072
TCGA-D8-A1JE-01	1	lumA_pole	meth	10	cg06197966	0.015034659765660763	-0.9642854928970337	0.763640820980072
TCGA-D8-A1JN-01	0	lumA_pole	rna	1	BCL2	-0.1868198961019516	-3.4015696048736572	0.3884724974632263
TCGA-D8-A1JN-01	0	lumA_pole	rna	2	AKAP1	0.12039104849100113	-2.4094979763031006	0.3884724974632263
TCGA-D8-A1JN-01	0	lumA_pole	rna	3	SLC26A2	0.09851700067520142	2.9214205741882324	0.3884724974632263
TCGA-D8-A1JN-01	0	lumA_pole	rna	4	SGK1	-0.09612533450126648	-2.0718889236450195	0.3884724974632263
TCGA-D8-A1JN-01	0	lumA_pole	rna	5	DLC1	-0.09592167288064957	-2.016765832901001	0.3884724974632263
TCGA-D8-A1JN-01	0	lumA_pole	rna	6	S100A1	0.09281855821609497	1.7653961181640625	0.3884724974632263
TCGA-D8-A1JN-01	0	lumA_pole	rna	7	ID2	0.08874429762363434	3.1297900676727295	0.3884724974632263
TCGA-D8-A1JN-01	0	lumA_pole	rna	8	PDLIM3	0.08814875781536102	1.366314172744751	0.3884724974632263
TCGA-D8-A1JN-01	0	lumA_pole	rna	9	KRT15	0.08809031546115875	1.04143488407135	0.3884724974632263
TCGA-D8-A1JN-01	0	lumA_pole	rna	10	ZBTB16	-0.08642729371786118	-1.1640665531158447	0.3884724974632263
TCGA-D8-A1JN-01	0	lumA_pole	meth	1	cg14042099	-0.07322843372821808	1.8756872415542603	0.3884724974632263
TCGA-D8-A1JN-01	0	lumA_pole	meth	2	cg01207684	0.054538726806640625	-2.7406604290008545	0.3884724974632263
TCGA-D8-A1JN-01	0	lumA_pole	meth	3	cg00651400	0.050665996968746185	1.9242701530456543	0.3884724974632263
TCGA-D8-A1JN-01	0	lumA_pole	meth	4	cg26089753	-0.047829508781433105	-1.6821907758712769	0.3884724974632263
TCGA-D8-A1JN-01	0	lumA_pole	meth	5	cg05116002	0.043260082602500916	-1.99474036693573	0.3884724974632263
TCGA-D8-A1JN-01	0	lumA_pole	meth	6	cg15732851	0.04222428426146507	2.1106367111206055	0.3884724974632263
TCGA-D8-A1JN-01	0	lumA_pole	meth	7	cg20087413	0.042170681059360504	1.5428563356399536	0.3884724974632263
TCGA-D8-A1JN-01	0	lumA_pole	meth	8	cg15543523	-0.03745848312973976	-1.940714716911316	0.3884724974632263
TCGA-D8-A1JN-01	0	lumA_pole	meth	9	cg13342435	-0.03500287979841232	1.6833667755126953	0.3884724974632263
TCGA-D8-A1JN-01	0	lumA_pole	meth	10	cg27449507	-0.033031921833753586	1.945033311843872	0.3884724974632263
TCGA-D8-A1JU-01	0	lumA_pole	rna	1	CYP1A1	0.004352192394435406	3.7022716999053955	0.8915787935256958
TCGA-D8-A1JU-01	0	lumA_pole	rna	2	FKBP4	-0.002519919304177165	-1.5887291431427002	0.8915787935256958
TCGA-D8-A1JU-01	0	lumA_pole	rna	3	KLF4	0.002244902541860938	1.2964946031570435	0.8915787935256958
TCGA-D8-A1JU-01	0	lumA_pole	rna	4	PLAC1	-0.0018167158123105764	-0.9552732706069946	0.8915787935256958
TCGA-D8-A1JU-01	0	lumA_pole	rna	5	CLU	0.0018139425665140152	1.0832723379135132	0.8915787935256958
TCGA-D8-A1JU-01	0	lumA_pole	rna	6	CDC14B	-0.0017021086532622576	1.4867109060287476	0.8915787935256958
TCGA-D8-A1JU-01	0	lumA_pole	rna	7	EZR	-0.0015998290618881583	-0.9932806491851807	0.8915787935256958
TCGA-D8-A1JU-01	0	lumA_pole	rna	8	DLC1	0.0014016584027558565	1.098055124282837	0.8915787935256958
TCGA-D8-A1JU-01	0	lumA_pole	rna	9	NPY1R	0.0013431254774332047	-0.8871473670005798	0.8915787935256958
TCGA-D8-A1JU-01	0	lumA_pole	rna	10	FLNB	0.0013361937599256635	-1.0479724407196045	0.8915787935256958
TCGA-D8-A1JU-01	0	lumA_pole	meth	1	cg03345116	-0.006136132404208183	1.0776525735855103	0.8915787935256958
TCGA-D8-A1JU-01	0	lumA_pole	meth	2	cg20087413	0.004739117808640003	1.5740082263946533	0.8915787935256958
TCGA-D8-A1JU-01	0	lumA_pole	meth	3	cg01984743	0.003095334628596902	-0.9976239800453186	0.8915787935256958
TCGA-D8-A1JU-01	0	lumA_pole	meth	4	cg26605683	0.003072097199037671	-1.1994247436523438	0.8915787935256958
TCGA-D8-A1JU-01	0	lumA_pole	meth	5	cg26089753	0.002849868731573224	0.8511510491371155	0.8915787935256958
TCGA-D8-A1JU-01	0	lumA_pole	meth	6	cg25339073	0.0027397004887461662	-1.096198558807373	0.8915787935256958
TCGA-D8-A1JU-01	0	lumA_pole	meth	7	cg05116002	-0.002593767363578081	0.8537487983703613	0.8915787935256958
TCGA-D8-A1JU-01	0	lumA_pole	meth	8	cg01912921	-0.0023279429879039526	-1.3273619413375854	0.8915787935256958
TCGA-D8-A1JU-01	0	lumA_pole	meth	9	cg01207684	-0.0022770767100155354	0.5614511370658875	0.8915787935256958
TCGA-D8-A1JU-01	0	lumA_pole	meth	10	cg13948082	0.002129614818841219	-1.4217220544815063	0.8915787935256958
TCGA-D8-A1X9-01	0	lumA_pole	rna	1	EGR3	-0.12617944180965424	-1.5639514923095703	0.3291163146495819
TCGA-D8-A1X9-01	0	lumA_pole	rna	2	KRT15	-0.06676792353391647	-0.8016287088394165	0.3291163146495819
TCGA-D8-A1X9-01	0	lumA_pole	rna	3	ZBTB16	-0.06417825818061829	-0.8230539560317993	0.3291163146495819
TCGA-D8-A1X9-01	0	lumA_pole	rna	4	KCNK5	-0.06359003484249115	-1.6359330415725708	0.3291163146495819
TCGA-D8-A1X9-01	0	lumA_pole	rna	5	TUBB2B	-0.06160140037536621	-0.8618897795677185	0.3291163146495819
TCGA-D8-A1X9-01	0	lumA_pole	rna	6	FOS	-0.057678062468767166	-1.0509881973266602	0.3291163146495819
TCGA-D8-A1X9-01	0	lumA_pole	rna	7	AHNAK	0.056911733001470566	0.7990384101867676	0.3291163146495819
TCGA-D8-A1X9-01	0	lumA_pole	rna	8	CYP26B1	0.04282345995306969	0.7228862047195435	0.3291163146495819
TCGA-D8-A1X9-01	0	lumA_pole	rna	9	CLU	0.038827184587717056	1.1086629629135132	0.3291163146495819
TCGA-D8-A1X9-01	0	lumA_pole	rna	10	CALB2	-0.03849227353930473	-1.5686721801757812	0.3291163146495819
TCGA-D8-A1X9-01	0	lumA_pole	meth	1	cg18456459	0.05149722844362259	-2.344637155532837	0.3291163146495819
TCGA-D8-A1X9-01	0	lumA_pole	meth	2	cg14042099	-0.0458563007414341	1.5368598699569702	0.3291163146495819
TCGA-D8-A1X9-01	0	lumA_pole	meth	3	cg10566121	-0.04120614007115364	1.485532522201538	0.3291163146495819
TCGA-D8-A1X9-01	0	lumA_pole	meth	4	cg10342963	0.03511551022529602	-1.376478910446167	0.3291163146495819
TCGA-D8-A1X9-01	0	lumA_pole	meth	5	cg00773370	0.023641038686037064	1.5474560260772705	0.3291163146495819
TCGA-D8-A1X9-01	0	lumA_pole	meth	6	cg03345116	0.022635716944932938	1.048704743385315	0.3291163146495819
TCGA-D8-A1X9-01	0	lumA_pole	meth	7	cg24724428	0.021662380546331406	1.5785765647888184	0.3291163146495819
TCGA-D8-A1X9-01	0	lumA_pole	meth	8	cg13456086	-0.020892750471830368	-1.2492135763168335	0.3291163146495819
TCGA-D8-A1X9-01	0	lumA_pole	meth	9	cg09451427	-0.01871519163250923	1.98688805103302	0.3291163146495819
TCGA-D8-A1X9-01	0	lumA_pole	meth	10	cg01321962	-0.01778922975063324	-1.511825442314148	0.3291163146495819
TCGA-D8-A1XA-01	0	lumA_pole	rna	1	FOXC1	-0.26145634055137634	-2.312516212463379	0.5610993504524231
TCGA-D8-A1XA-01	0	lumA_pole	rna	2	PDLIM3	-0.21575713157653809	-1.8611149787902832	0.5610993504524231
TCGA-D8-A1XA-01	0	lumA_pole	rna	3	RBBP8	-0.1767924427986145	2.788407325744629	0.5610993504524231
TCGA-D8-A1XA-01	0	lumA_pole	rna	4	THSD4	0.12216313183307648	2.024466037750244	0.5610993504524231
TCGA-D8-A1XA-01	0	lumA_pole	rna	5	PODXL	-0.11043183505535126	-2.045302629470825	0.5610993504524231
TCGA-D8-A1XA-01	0	lumA_pole	rna	6	BLVRB	-0.10634409636259079	1.8709722757339478	0.5610993504524231
TCGA-D8-A1XA-01	0	lumA_pole	rna	7	AREG	-0.10507038980722427	-2.961764097213745	0.5610993504524231
TCGA-D8-A1XA-01	0	lumA_pole	rna	8	STC2	0.10491956025362015	1.9617528915405273	0.5610993504524231
TCGA-D8-A1XA-01	0	lumA_pole	rna	9	AHNAK	0.10016181319952011	1.7689330577850342	0.5610993504524231
TCGA-D8-A1XA-01	0	lumA_pole	rna	10	UGCG	0.09858592599630356	2.4439871311187744	0.5610993504524231
TCGA-D8-A1XA-01	0	lumA_pole	meth	1	cg05116002	0.05699577182531357	-1.945380449295044	0.5610993504524231
TCGA-D8-A1XA-01	0	lumA_pole	meth	2	cg14042099	0.05686582997441292	-1.3482937812805176	0.5610993504524231
TCGA-D8-A1XA-01	0	lumA_pole	meth	3	cg24676071	-0.050619643181562424	-2.0234293937683105	0.5610993504524231
TCGA-D8-A1XA-01	0	lumA_pole	meth	4	cg13456086	-0.04500336945056915	-1.4491972923278809	0.5610993504524231
TCGA-D8-A1XA-01	0	lumA_pole	meth	5	cg20087413	-0.0407073050737381	-1.6807516813278198	0.5610993504524231
TCGA-D8-A1XA-01	0	lumA_pole	meth	6	cg01321962	-0.03621777147054672	-1.4367504119873047	0.5610993504524231
TCGA-D8-A1XA-01	0	lumA_pole	meth	7	cg13342435	-0.03596905618906021	0.9409214854240417	0.5610993504524231
TCGA-D8-A1XA-01	0	lumA_pole	meth	8	cg17538572	-0.035170622169971466	0.9997177124023438	0.5610993504524231
TCGA-D8-A1XA-01	0	lumA_pole	meth	9	cg03672342	0.03409288823604584	1.2664241790771484	0.5610993504524231
TCGA-D8-A1XA-01	0	lumA_pole	meth	10	cg22732636	0.03191271051764488	-1.4566073417663574	0.5610993504524231
TCGA-D8-A1XF-01	1	lumA_pole	rna	1	FOXC1	-0.16047586500644684	-1.7621999979019165	0.42219534516334534
TCGA-D8-A1XF-01	1	lumA_pole	rna	2	BCL2	0.1406184881925583	1.6498819589614868	0.42219534516334534
TCGA-D8-A1XF-01	1	lumA_pole	rna	3	TUBB2B	0.12843909859657288	1.4466792345046997	0.42219534516334534
TCGA-D8-A1XF-01	1	lumA_pole	rna	4	FOS	-0.12825188040733337	-2.4309616088867188	0.42219534516334534
TCGA-D8-A1XF-01	1	lumA_pole	rna	5	NRIP1	0.11071870476007462	2.6903438568115234	0.42219534516334534
TCGA-D8-A1XF-01	1	lumA_pole	rna	6	SLC7A5	-0.10274403542280197	3.2293758392333984	0.42219534516334534
TCGA-D8-A1XF-01	1	lumA_pole	rna	7	FHL2	-0.10179942846298218	-2.638312816619873	0.42219534516334534
TCGA-D8-A1XF-01	1	lumA_pole	rna	8	CD44	0.09978203475475311	1.751474142074585	0.42219534516334534
TCGA-D8-A1XF-01	1	lumA_pole	rna	9	SGK1	-0.09383440762758255	-2.215214729309082	0.42219534516334534
TCGA-D8-A1XF-01	1	lumA_pole	rna	10	SLC24A3	-0.08975272625684738	-3.1099822521209717	0.42219534516334534
TCGA-D8-A1XF-01	1	lumA_pole	meth	1	cg14042099	-0.07661312818527222	1.9405510425567627	0.42219534516334534
TCGA-D8-A1XF-01	1	lumA_pole	meth	2	cg10566121	-0.07090675085783005	2.924131393432617	0.42219534516334534
TCGA-D8-A1XF-01	1	lumA_pole	meth	3	cg15543523	-0.047720592468976974	-1.3547536134719849	0.42219534516334534
TCGA-D8-A1XF-01	1	lumA_pole	meth	4	cg13456086	0.0448760911822319	1.6871130466461182	0.42219534516334534
TCGA-D8-A1XF-01	1	lumA_pole	meth	5	cg00799539	0.04101471230387688	1.9732067584991455	0.42219534516334534
TCGA-D8-A1XF-01	1	lumA_pole	meth	6	cg10805850	0.04004526883363724	1.5928537845611572	0.42219534516334534
TCGA-D8-A1XF-01	1	lumA_pole	meth	7	cg27449507	-0.039787665009498596	2.0886549949645996	0.42219534516334534
TCGA-D8-A1XF-01	1	lumA_pole	meth	8	cg24724428	0.03814918175339699	1.7975318431854248	0.42219534516334534
TCGA-D8-A1XF-01	1	lumA_pole	meth	9	cg24676071	0.03563117980957031	1.2635554075241089	0.42219534516334534
TCGA-D8-A1XF-01	1	lumA_pole	meth	10	cg00773370	-0.03204549103975296	-1.704345941543579	0.42219534516334534
TCGA-D8-A1XG-01	0	lumA_pole	rna	1	EGR3	-0.019651398062705994	-1.6244977712631226	0.858974277973175
TCGA-D8-A1XG-01	0	lumA_pole	rna	2	RBBP8	-0.01781822182238102	2.235869884490967	0.858974277973175
TCGA-D8-A1XG-01	0	lumA_pole	rna	3	BCL2	0.01645313948392868	1.2403264045715332	0.858974277973175
TCGA-D8-A1XG-01	0	lumA_pole	rna	4	KLF4	-0.0163089781999588	-2.0425500869750977	0.858974277973175
TCGA-D8-A1XG-01	0	lumA_pole	rna	5	PMAIP1	0.01429628673940897	2.7970054149627686	0.858974277973175
TCGA-D8-A1XG-01	0	lumA_pole	rna	6	CD44	0.014100947417318821	1.5343798398971558	0.858974277973175
TCGA-D8-A1XG-01	0	lumA_pole	rna	7	MSMB	0.013808703050017357	-1.542535662651062	0.858974277973175
TCGA-D8-A1XG-01	0	lumA_pole	rna	8	S100A1	0.013687781989574432	1.4375280141830444	0.858974277973175
TCGA-D8-A1XG-01	0	lumA_pole	rna	9	AHNAK	0.01367878820747137	1.78277587890625	0.858974277973175
TCGA-D8-A1XG-01	0	lumA_pole	rna	10	FOS	-0.013440609909594059	-1.355509638786316	0.858974277973175
TCGA-D8-A1XG-01	0	lumA_pole	meth	1	cg10716835	0.01008012518286705	-1.120078206062317	0.858974277973175
TCGA-D8-A1XG-01	0	lumA_pole	meth	2	cg17538572	0.009389162994921207	-1.8230410814285278	0.858974277973175
TCGA-D8-A1XG-01	0	lumA_pole	meth	3	cg25744613	0.007194806355983019	-1.4016374349594116	0.858974277973175
TCGA-D8-A1XG-01	0	lumA_pole	meth	4	cg27449507	-0.006524622905999422	-1.0177161693572998	0.858974277973175
TCGA-D8-A1XG-01	0	lumA_pole	meth	5	cg06223834	0.00595903629437089	-3.127347946166992	0.858974277973175
TCGA-D8-A1XG-01	0	lumA_pole	meth	6	cg01984743	0.0057097324170172215	-1.0071802139282227	0.858974277973175
TCGA-D8-A1XG-01	0	lumA_pole	meth	7	cg26089753	-0.005419091321527958	-1.2339401245117188	0.858974277973175
TCGA-D8-A1XG-01	0	lumA_pole	meth	8	cg00773370	-0.005368624348193407	-1.8239200115203857	0.858974277973175
TCGA-D8-A1XG-01	0	lumA_pole	meth	9	cg06539449	-0.005112422630190849	-1.7954038381576538	0.858974277973175
TCGA-D8-A1XG-01	0	lumA_pole	meth	10	cg20087413	0.004443155135959387	1.2074370384216309	0.858974277973175
TCGA-D8-A1XR-01	1	lumA_pole	rna	1	FOXC1	-0.15367873013019562	-1.360859990119934	0.5036799311637878
TCGA-D8-A1XR-01	1	lumA_pole	rna	2	DUSP4	0.13887560367584229	1.4714064598083496	0.5036799311637878
TCGA-D8-A1XR-01	1	lumA_pole	rna	3	EGR3	-0.12151592969894409	-1.4337514638900757	0.5036799311637878
TCGA-D8-A1XR-01	1	lumA_pole	rna	4	SGK1	-0.11685318499803543	-1.6875852346420288	0.5036799311637878
TCGA-D8-A1XR-01	1	lumA_pole	rna	5	SLC1A1	0.11184092611074448	2.247711181640625	0.5036799311637878
TCGA-D8-A1XR-01	1	lumA_pole	rna	6	KRT15	0.10734503716230392	1.1847444772720337	0.5036799311637878
TCGA-D8-A1XR-01	1	lumA_pole	rna	7	KCNK5	-0.08692844212055206	-1.2854983806610107	0.5036799311637878
TCGA-D8-A1XR-01	1	lumA_pole	rna	8	ZBTB16	-0.08467404544353485	-0.9816540479660034	0.5036799311637878
TCGA-D8-A1XR-01	1	lumA_pole	rna	9	CD44	-0.07110054045915604	-1.307428002357483	0.5036799311637878
TCGA-D8-A1XR-01	1	lumA_pole	rna	10	NBL1	-0.06488441675901413	-1.0410009622573853	0.5036799311637878
TCGA-D8-A1XR-01	1	lumA_pole	meth	1	cg03345116	-0.08915238827466965	-2.1523277759552	0.5036799311637878
TCGA-D8-A1XR-01	1	lumA_pole	meth	2	cg13342435	0.062474459409713745	-1.7872533798217773	0.5036799311637878
TCGA-D8-A1XR-01	1	lumA_pole	meth	3	cg24676071	-0.061707768589258194	-2.2608587741851807	0.5036799311637878
TCGA-D8-A1XR-01	1	lumA_pole	meth	4	cg14042099	0.06167757138609886	-1.3743246793746948	0.5036799311637878
TCGA-D8-A1XR-01	1	lumA_pole	meth	5	cg25744613	0.05821467563509941	-1.6423749923706055	0.5036799311637878
TCGA-D8-A1XR-01	1	lumA_pole	meth	6	cg10342963	0.05191350728273392	-1.4221299886703491	0.5036799311637878
TCGA-D8-A1XR-01	1	lumA_pole	meth	7	cg25339073	0.04922183230519295	-1.5704988241195679	0.5036799311637878
TCGA-D8-A1XR-01	1	lumA_pole	meth	8	cg01738022	-0.0459137000143528	-1.3588528633117676	0.5036799311637878
TCGA-D8-A1XR-01	1	lumA_pole	meth	9	cg24724428	0.04498773068189621	1.487637996673584	0.5036799311637878
TCGA-D8-A1XR-01	1	lumA_pole	meth	10	cg20087413	-0.0434659868478775	-1.1089177131652832	0.5036799311637878
TCGA-D8-A1XV-01	0	lumA_pole	rna	1	PDLIM3	-0.16728705167770386	-2.452883720397949	0.5477925539016724
TCGA-D8-A1XV-01	0	lumA_pole	rna	2	FOXC1	-0.13839490711688995	-1.5685877799987793	0.5477925539016724
TCGA-D8-A1XV-01	0	lumA_pole	rna	3	TUBB2B	-0.13180555403232574	-1.5639879703521729	0.5477925539016724
TCGA-D8-A1XV-01	0	lumA_pole	rna	4	RAB31	0.10293813794851303	-2.4395880699157715	0.5477925539016724
TCGA-D8-A1XV-01	0	lumA_pole	rna	5	HSPB8	0.09704093635082245	-2.6797091960906982	0.5477925539016724
TCGA-D8-A1XV-01	0	lumA_pole	rna	6	RBBP8	-0.0957692340016365	2.3007402420043945	0.5477925539016724
TCGA-D8-A1XV-01	0	lumA_pole	rna	7	CYP26B1	-0.09448476880788803	-2.602715253829956	0.5477925539016724
TCGA-D8-A1XV-01	0	lumA_pole	rna	8	FHL2	0.09158975630998611	1.8881016969680786	0.5477925539016724
TCGA-D8-A1XV-01	0	lumA_pole	rna	9	MSMB	0.08800125867128372	-1.542535662651062	0.5477925539016724
TCGA-D8-A1XV-01	0	lumA_pole	rna	10	DLC1	-0.08578094840049744	-2.0923192501068115	0.5477925539016724
TCGA-D8-A1XV-01	0	lumA_pole	meth	1	cg14042099	0.08274967968463898	-1.6529823541641235	0.5477925539016724
TCGA-D8-A1XV-01	0	lumA_pole	meth	2	cg01207684	0.06730736047029495	-2.7880945205688477	0.5477925539016724
TCGA-D8-A1XV-01	0	lumA_pole	meth	3	cg15543523	-0.06243833526968956	-2.0129144191741943	0.5477925539016724
TCGA-D8-A1XV-01	0	lumA_pole	meth	4	cg13342435	0.050880562514066696	-1.5899271965026855	0.5477925539016724
TCGA-D8-A1XV-01	0	lumA_pole	meth	5	cg10805850	0.04837509244680405	1.7409448623657227	0.5477925539016724
TCGA-D8-A1XV-01	0	lumA_pole	meth	6	cg17538572	-0.04778458923101425	1.2181378602981567	0.5477925539016724
TCGA-D8-A1XV-01	0	lumA_pole	meth	7	cg01984743	-0.046934619545936584	1.5314885377883911	0.5477925539016724
TCGA-D8-A1XV-01	0	lumA_pole	meth	8	cg01738022	0.04663402959704399	1.3504492044448853	0.5477925539016724
TCGA-D8-A1XV-01	0	lumA_pole	meth	9	cg00773370	-0.04185786098241806	-1.998005986213684	0.5477925539016724
TCGA-D8-A1XV-01	0	lumA_pole	meth	10	cg26089753	-0.041747111827135086	-1.6945078372955322	0.5477925539016724
TCGA-D8-A1XZ-01	1	lumA_pole	rna	1	EGR3	-0.09218113124370575	-1.7265598773956299	0.3526548147201538
TCGA-D8-A1XZ-01	1	lumA_pole	rna	2	TUBB2B	-0.08019636571407318	-1.8414041996002197	0.3526548147201538
TCGA-D8-A1XZ-01	1	lumA_pole	rna	3	DUSP4	-0.07925237715244293	-2.011406660079956	0.3526548147201538
TCGA-D8-A1XZ-01	1	lumA_pole	rna	4	KRT15	-0.0780579000711441	-1.4616795778274536	0.3526548147201538
TCGA-D8-A1XZ-01	1	lumA_pole	rna	5	ALDH3A2	-0.06515242904424667	3.1950995922088623	0.3526548147201538
TCGA-D8-A1XZ-01	1	lumA_pole	rna	6	ZBTB16	-0.05870390310883522	-1.3542511463165283	0.3526548147201538
TCGA-D8-A1XZ-01	1	lumA_pole	rna	7	THSD4	-0.05493113771080971	-1.8262355327606201	0.3526548147201538
TCGA-D8-A1XZ-01	1	lumA_pole	rna	8	SLC1A4	0.04607472941279411	-1.647655725479126	0.3526548147201538
TCGA-D8-A1XZ-01	1	lumA_pole	rna	9	BHLHE40	-0.044022221118211746	-1.7533835172653198	0.3526548147201538
TCGA-D8-A1XZ-01	1	lumA_pole	rna	10	BCL2	0.04050604626536369	0.6954275965690613	0.3526548147201538
TCGA-D8-A1XZ-01	1	lumA_pole	meth	1	cg10342963	-0.04971451312303543	1.1168707609176636	0.3526548147201538
TCGA-D8-A1XZ-01	1	lumA_pole	meth	2	cg03345116	-0.044934310019016266	-1.7596453428268433	0.3526548147201538
TCGA-D8-A1XZ-01	1	lumA_pole	meth	3	cg25744613	0.037684712558984756	-1.5276780128479004	0.3526548147201538
TCGA-D8-A1XZ-01	1	lumA_pole	meth	4	cg00803088	0.034131716936826706	-1.0123677253723145	0.3526548147201538
TCGA-D8-A1XZ-01	1	lumA_pole	meth	5	cg25339073	-0.03377378359436989	1.576860785484314	0.3526548147201538
TCGA-D8-A1XZ-01	1	lumA_pole	meth	6	cg15012484	0.033239711076021194	-1.7180660963058472	0.3526548147201538
TCGA-D8-A1XZ-01	1	lumA_pole	meth	7	cg00773370	0.031988706439733505	1.4397512674331665	0.3526548147201538
TCGA-D8-A1XZ-01	1	lumA_pole	meth	8	cg22549041	0.031154600903391838	-1.718300461769104	0.3526548147201538
TCGA-D8-A1XZ-01	1	lumA_pole	meth	9	cg14042099	0.027720054611563683	-0.6168704032897949	0.3526548147201538
TCGA-D8-A1XZ-01	1	lumA_pole	meth	10	cg10805850	-0.026949357241392136	-1.189441442489624	0.3526548147201538
TCGA-E2-A109-01	1	lumA_pole	rna	1	EGR3	-0.044389016926288605	-2.0120201110839844	0.32999807596206665
TCGA-E2-A109-01	1	lumA_pole	rna	2	MSMB	-0.035162657499313354	3.029982328414917	0.32999807596206665
TCGA-E2-A109-01	1	lumA_pole	rna	3	TUBB2B	0.03253825381398201	1.573366403579712	0.32999807596206665
TCGA-E2-A109-01	1	lumA_pole	rna	4	SLC26A2	-0.026043590158224106	-1.8486484289169312	0.32999807596206665
TCGA-E2-A109-01	1	lumA_pole	rna	5	FOS	-0.025719214230775833	-1.5745681524276733	0.32999807596206665
TCGA-E2-A109-01	1	lumA_pole	rna	6	CD44	-0.02508389763534069	-2.0706608295440674	0.32999807596206665
TCGA-E2-A109-01	1	lumA_pole	rna	7	KRT15	-0.02334180474281311	-1.0837361812591553	0.32999807596206665
TCGA-E2-A109-01	1	lumA_pole	rna	8	DCXR	-0.022304421290755272	2.01379656791687	0.32999807596206665
TCGA-E2-A109-01	1	lumA_pole	rna	9	SLC22A5	-0.021829936653375626	2.0247743129730225	0.32999807596206665
TCGA-E2-A109-01	1	lumA_pole	rna	10	KCNK15	0.021347055211663246	1.1414018869400024	0.32999807596206665
TCGA-E2-A109-01	1	lumA_pole	meth	1	cg10566121	-0.024654123932123184	2.8135616779327393	0.32999807596206665
TCGA-E2-A109-01	1	lumA_pole	meth	2	cg00517532	-0.023924868553876877	2.2944908142089844	0.32999807596206665
TCGA-E2-A109-01	1	lumA_pole	meth	3	cg03672342	0.018800610676407814	1.8697274923324585	0.32999807596206665
TCGA-E2-A109-01	1	lumA_pole	meth	4	cg10805850	0.016865920275449753	1.7978761196136475	0.32999807596206665
TCGA-E2-A109-01	1	lumA_pole	meth	5	cg03345116	-0.014685703441500664	-1.3229119777679443	0.32999807596206665
TCGA-E2-A109-01	1	lumA_pole	meth	6	cg22731981	-0.01275915838778019	-1.1384295225143433	0.32999807596206665
TCGA-E2-A109-01	1	lumA_pole	meth	7	cg24676071	0.012134330347180367	1.1948459148406982	0.32999807596206665
TCGA-E2-A109-01	1	lumA_pole	meth	8	cg13342435	-0.010697394609451294	1.6476846933364868	0.32999807596206665
TCGA-E2-A109-01	1	lumA_pole	meth	9	cg25339073	-0.01024022325873375	1.731019139289856	0.32999807596206665
TCGA-E2-A109-01	1	lumA_pole	meth	10	cg14058239	0.009358841925859451	-1.1710071563720703	0.32999807596206665
TCGA-E2-A1B6-01	0	lumA_pole	rna	1	FOXC1	0.4222649335861206	4.899487495422363	0.5787711143493652
TCGA-E2-A1B6-01	0	lumA_pole	rna	2	RAB17	-0.22102755308151245	-3.502678394317627	0.5787711143493652
TCGA-E2-A1B6-01	0	lumA_pole	rna	3	AHNAK	-0.16879674792289734	-3.4902408123016357	0.5787711143493652
TCGA-E2-A1B6-01	0	lumA_pole	rna	4	THSD4	-0.11818179488182068	-4.189526081085205	0.5787711143493652
TCGA-E2-A1B6-01	0	lumA_pole	rna	5	KCNK15	-0.11461138725280762	-3.1333377361297607	0.5787711143493652
TCGA-E2-A1B6-01	0	lumA_pole	rna	6	ANXA9	0.09315503388643265	-3.74261736869812	0.5787711143493652
TCGA-E2-A1B6-01	0	lumA_pole	rna	7	SLC7A5	-0.08962644636631012	2.1579251289367676	0.5787711143493652
TCGA-E2-A1B6-01	0	lumA_pole	rna	8	TPBG	0.08820263296365738	-3.2937257289886475	0.5787711143493652
TCGA-E2-A1B6-01	0	lumA_pole	rna	9	CA12	0.08490399271249771	-4.950279235839844	0.5787711143493652
TCGA-E2-A1B6-01	0	lumA_pole	rna	10	FOS	-0.0805039331316948	-1.6972452402114868	0.5787711143493652
TCGA-E2-A1B6-01	0	lumA_pole	meth	1	cg01738022	-0.08756202459335327	-1.754494547843933	0.5787711143493652
TCGA-E2-A1B6-01	0	lumA_pole	meth	2	cg10342963	-0.084685780107975	1.3451266288757324	0.5787711143493652
TCGA-E2-A1B6-01	0	lumA_pole	meth	3	cg17538572	0.07725190371274948	-1.703980803489685	0.5787711143493652
TCGA-E2-A1B6-01	0	lumA_pole	meth	4	cg14042099	-0.061224691569805145	1.0098425149917603	0.5787711143493652
TCGA-E2-A1B6-01	0	lumA_pole	meth	5	cg20087413	0.05727013200521469	1.5799826383590698	0.5787711143493652
TCGA-E2-A1B6-01	0	lumA_pole	meth	6	cg25744613	0.05276821181178093	-1.2066946029663086	0.5787711143493652
TCGA-E2-A1B6-01	0	lumA_pole	meth	7	cg24676071	-0.0527498684823513	-1.3687808513641357	0.5787711143493652
TCGA-E2-A1B6-01	0	lumA_pole	meth	8	cg06741896	0.04679787531495094	1.5175871849060059	0.5787711143493652
TCGA-E2-A1B6-01	0	lumA_pole	meth	9	cg10805850	-0.04190920293331146	-1.1461317539215088	0.5787711143493652
TCGA-E2-A1B6-01	0	lumA_pole	meth	10	cg01984743	-0.04095077142119408	0.623644232749939	0.5787711143493652
TCGA-E2-A1BC-01	0	lumA_pole	rna	1	CYP1A1	0.009321317076683044	2.8798351287841797	0.8785231113433838
TCGA-E2-A1BC-01	0	lumA_pole	rna	2	ZBTB16	0.006095190066844225	1.749790906906128	0.8785231113433838
TCGA-E2-A1BC-01	0	lumA_pole	rna	3	WFDC2	-0.00594915309920907	-2.2112724781036377	0.8785231113433838
TCGA-E2-A1BC-01	0	lumA_pole	rna	4	KLF4	0.00560060003772378	1.1470848321914673	0.8785231113433838
TCGA-E2-A1BC-01	0	lumA_pole	rna	5	MYBBP1A	-0.0049021923914551735	-2.1351215839385986	0.8785231113433838
TCGA-E2-A1BC-01	0	lumA_pole	rna	6	BATF	-0.004701368045061827	-1.907653570175171	0.8785231113433838
TCGA-E2-A1BC-01	0	lumA_pole	rna	7	TFF1	0.00442368583753705	-2.0837109088897705	0.8785231113433838
TCGA-E2-A1BC-01	0	lumA_pole	rna	8	DHRS2	-0.003709950717166066	1.5505163669586182	0.8785231113433838
TCGA-E2-A1BC-01	0	lumA_pole	rna	9	OPN3	-0.003688554046675563	-1.4705408811569214	0.8785231113433838
TCGA-E2-A1BC-01	0	lumA_pole	rna	10	FHL2	-0.0033189912792295218	-1.2303495407104492	0.8785231113433838
TCGA-E2-A1BC-01	0	lumA_pole	meth	1	cg01984743	0.0075463843531906605	-1.262562870979309	0.8785231113433838
TCGA-E2-A1BC-01	0	lumA_pole	meth	2	cg26605683	0.006512148771435022	-1.3802176713943481	0.8785231113433838
TCGA-E2-A1BC-01	0	lumA_pole	meth	3	cg10342963	-0.0057490235194563866	1.2755775451660156	0.8785231113433838
TCGA-E2-A1BC-01	0	lumA_pole	meth	4	cg20087413	0.00567821366712451	1.1886605024337769	0.8785231113433838
TCGA-E2-A1BC-01	0	lumA_pole	meth	5	cg18456459	0.005355216562747955	-1.0361584424972534	0.8785231113433838
TCGA-E2-A1BC-01	0	lumA_pole	meth	6	cg10716835	-0.005241149105131626	0.6651392579078674	0.8785231113433838
TCGA-E2-A1BC-01	0	lumA_pole	meth	7	cg25744613	0.004950903356075287	-1.6596004962921143	0.8785231113433838
TCGA-E2-A1BC-01	0	lumA_pole	meth	8	cg15732851	-0.004847354255616665	1.138931155204773	0.8785231113433838
TCGA-E2-A1BC-01	0	lumA_pole	meth	9	cg10566121	-0.0045667486265301704	1.3689756393432617	0.8785231113433838
TCGA-E2-A1BC-01	0	lumA_pole	meth	10	cg00803088	-0.004565014969557524	1.2332793474197388	0.8785231113433838
TCGA-E2-A1BD-01	0	lumA_pole	rna	1	EGR3	-0.009250644594430923	-1.1435179710388184	0.849484384059906
TCGA-E2-A1BD-01	0	lumA_pole	rna	2	FHL2	0.007493522018194199	1.1188105344772339	0.849484384059906
TCGA-E2-A1BD-01	0	lumA_pole	rna	3	AHNAK	-0.007317746058106422	-1.5097386837005615	0.849484384059906
TCGA-E2-A1BD-01	0	lumA_pole	rna	4	BLVRB	-0.007181309163570404	1.0386042594909668	0.849484384059906
TCGA-E2-A1BD-01	0	lumA_pole	rna	5	S100A1	0.006879337597638369	1.979775071144104	0.849484384059906
TCGA-E2-A1BD-01	0	lumA_pole	rna	6	FOS	-0.006474184803664684	-0.7573847770690918	0.849484384059906
TCGA-E2-A1BD-01	0	lumA_pole	rna	7	FOXC1	0.006265671458095312	0.7459832429885864	0.849484384059906
TCGA-E2-A1BD-01	0	lumA_pole	rna	8	KLF4	-0.006057043559849262	-0.7233790755271912	0.849484384059906
TCGA-E2-A1BD-01	0	lumA_pole	rna	9	OVOL2	-0.006007798481732607	1.4121283292770386	0.849484384059906
TCGA-E2-A1BD-01	0	lumA_pole	rna	10	SUSD3	-0.0056706881150603294	2.385077714920044	0.849484384059906
TCGA-E2-A1BD-01	0	lumA_pole	meth	1	cg10716835	0.011624637059867382	-1.1816374063491821	0.849484384059906
TCGA-E2-A1BD-01	0	lumA_pole	meth	2	cg20087413	-0.010708039626479149	-1.388433575630188	0.849484384059906
TCGA-E2-A1BD-01	0	lumA_pole	meth	3	cg17538572	-0.007188710384070873	1.1693143844604492	0.849484384059906
TCGA-E2-A1BD-01	0	lumA_pole	meth	4	cg24724428	0.007158976048231125	0.989232063293457	0.849484384059906
TCGA-E2-A1BD-01	0	lumA_pole	meth	5	cg13456086	0.007097116205841303	1.4394564628601074	0.849484384059906
TCGA-E2-A1BD-01	0	lumA_pole	meth	6	cg26089753	-0.006931690964847803	-1.109890341758728	0.849484384059906
TCGA-E2-A1BD-01	0	lumA_pole	meth	7	cg10805850	0.005957655608654022	1.2257697582244873	0.849484384059906
TCGA-E2-A1BD-01	0	lumA_pole	meth	8	cg10342963	-0.005733724683523178	1.0951175689697266	0.849484384059906
TCGA-E2-A1BD-01	0	lumA_pole	meth	9	cg19244428	0.005680054891854525	2.088956117630005	0.849484384059906
TCGA-E2-A1BD-01	0	lumA_pole	meth	10	cg24039697	0.0053589423187077045	1.3555713891983032	0.849484384059906
TCGA-E2-A1IE-01	0	lumA_pole	rna	1	PDLIM3	-0.025929272174835205	-1.6574718952178955	0.8373730182647705
TCGA-E2-A1IE-01	0	lumA_pole	rna	2	BCL2	0.024661609902977943	1.3593165874481201	0.8373730182647705
TCGA-E2-A1IE-01	0	lumA_pole	rna	3	RAB17	0.02141484245657921	1.1290334463119507	0.8373730182647705
TCGA-E2-A1IE-01	0	lumA_pole	rna	4	CD44	0.02067672461271286	1.6419322490692139	0.8373730182647705
TCGA-E2-A1IE-01	0	lumA_pole	rna	5	SLC22A5	-0.01986934244632721	2.104161262512207	0.8373730182647705
TCGA-E2-A1IE-01	0	lumA_pole	rna	6	TMPRSS3	0.019012775272130966	1.3028409481048584	0.8373730182647705
TCGA-E2-A1IE-01	0	lumA_pole	rna	7	TUBB2B	-0.015963323414325714	-0.8792035579681396	0.8373730182647705
TCGA-E2-A1IE-01	0	lumA_pole	rna	8	FHL2	-0.015785889700055122	-1.2944825887680054	0.8373730182647705
TCGA-E2-A1IE-01	0	lumA_pole	rna	9	FOXC1	-0.012224365957081318	-0.6741571426391602	0.8373730182647705
TCGA-E2-A1IE-01	0	lumA_pole	rna	10	BATF	-0.011929708532989025	-1.5351638793945312	0.8373730182647705
TCGA-E2-A1IE-01	0	lumA_pole	meth	1	cg16650717	-0.021366558969020844	2.097951650619507	0.8373730182647705
TCGA-E2-A1IE-01	0	lumA_pole	meth	2	cg10805850	0.018968764692544937	1.7608532905578613	0.8373730182647705
TCGA-E2-A1IE-01	0	lumA_pole	meth	3	cg06197966	-0.014335375279188156	1.908695936203003	0.8373730182647705
TCGA-E2-A1IE-01	0	lumA_pole	meth	4	cg13342435	-0.0123107535764575	1.1279300451278687	0.8373730182647705
TCGA-E2-A1IE-01	0	lumA_pole	meth	5	cg24724428	0.011278153397142887	1.1941365003585815	0.8373730182647705
TCGA-E2-A1IE-01	0	lumA_pole	meth	6	cg10342963	0.010898711159825325	-1.1503678560256958	0.8373730182647705
TCGA-E2-A1IE-01	0	lumA_pole	meth	7	cg25744613	-0.010068160481750965	1.1342992782592773	0.8373730182647705
TCGA-E2-A1IE-01	0	lumA_pole	meth	8	cg10716835	-0.009528138674795628	0.798927903175354	0.8373730182647705
TCGA-E2-A1IE-01	0	lumA_pole	meth	9	cg05116002	0.009276311844587326	-0.9138768911361694	0.8373730182647705
TCGA-E2-A1IE-01	0	lumA_pole	meth	10	cg26605683	0.007639434654265642	-1.0998519659042358	0.8373730182647705
TCGA-E2-A1IH-01	0	lumA_pole	rna	1	RAB17	-0.019374851137399673	-1.2715734243392944	0.8198886513710022
TCGA-E2-A1IH-01	0	lumA_pole	rna	2	ZBTB16	-0.018407722935080528	-0.9564858675003052	0.8198886513710022
TCGA-E2-A1IH-01	0	lumA_pole	rna	3	FOS	0.018396856263279915	1.8075697422027588	0.8198886513710022
TCGA-E2-A1IH-01	0	lumA_pole	rna	4	FOXC1	0.018156880512833595	1.0629154443740845	0.8198886513710022
TCGA-E2-A1IH-01	0	lumA_pole	rna	5	PDLIM3	0.017063083127141	1.3012871742248535	0.8198886513710022
TCGA-E2-A1IH-01	0	lumA_pole	rna	6	AHNAK	-0.015116973780095577	-0.9549699425697327	0.8198886513710022
TCGA-E2-A1IH-01	0	lumA_pole	rna	7	TSPAN1	-0.012192838825285435	-1.2608611583709717	0.8198886513710022
TCGA-E2-A1IH-01	0	lumA_pole	rna	8	CYP26B1	0.009698731824755669	1.1917366981506348	0.8198886513710022
TCGA-E2-A1IH-01	0	lumA_pole	rna	9	RASGRP1	-0.00914805568754673	0.9939041137695312	0.8198886513710022
TCGA-E2-A1IH-01	0	lumA_pole	rna	10	SGK3	0.009126962162554264	-0.9938210844993591	0.8198886513710022
TCGA-E2-A1IH-01	0	lumA_pole	meth	1	cg06197966	0.01498391106724739	-0.8867042064666748	0.8198886513710022
TCGA-E2-A1IH-01	0	lumA_pole	meth	2	cg20393620	0.013530626893043518	-1.5275729894638062	0.8198886513710022
TCGA-E2-A1IH-01	0	lumA_pole	meth	3	cg10342963	0.012051312252879143	-0.7747414708137512	0.8198886513710022
TCGA-E2-A1IH-01	0	lumA_pole	meth	4	cg24676071	0.010586762800812721	0.7264763712882996	0.8198886513710022
TCGA-E2-A1IH-01	0	lumA_pole	meth	5	cg00803088	-0.010555773042142391	0.9453220367431641	0.8198886513710022
TCGA-E2-A1IH-01	0	lumA_pole	meth	6	cg27449507	0.009894374758005142	-1.2961485385894775	0.8198886513710022
TCGA-E2-A1IH-01	0	lumA_pole	meth	7	cg22932313	-0.009867475368082523	-0.9733681678771973	0.8198886513710022
TCGA-E2-A1IH-01	0	lumA_pole	meth	8	cg25339073	-0.009583622217178345	0.676408588886261	0.8198886513710022
TCGA-E2-A1IH-01	0	lumA_pole	meth	9	cg26089753	-0.009402967058122158	-0.6066531538963318	0.8198886513710022
TCGA-E2-A1IH-01	0	lumA_pole	meth	10	cg24724428	-0.009188689291477203	-0.8057323694229126	0.8198886513710022
TCGA-E2-A1IK-01	0	lumA_pole	rna	1	FOXC1	0.010135677643120289	2.9975109100341797	0.8862784504890442
TCGA-E2-A1IK-01	0	lumA_pole	rna	2	FHL2	0.005267279222607613	2.073138475418091	0.8862784504890442
TCGA-E2-A1IK-01	0	lumA_pole	rna	3	PRLR	-0.004944849759340286	-1.6720283031463623	0.8862784504890442
TCGA-E2-A1IK-01	0	lumA_pole	rna	4	DLC1	-0.004613000899553299	-1.3792378902435303	0.8862784504890442
TCGA-E2-A1IK-01	0	lumA_pole	rna	5	AMFR	0.003988664597272873	2.024163007736206	0.8862784504890442
TCGA-E2-A1IK-01	0	lumA_pole	rna	6	CACNA2D2	0.0039687505923211575	1.372353196144104	0.8862784504890442
TCGA-E2-A1IK-01	0	lumA_pole	rna	7	CYP26B1	-0.003941009286791086	-1.537193775177002	0.8862784504890442
TCGA-E2-A1IK-01	0	lumA_pole	rna	8	P2RY2	-0.003908804152160883	-1.7183364629745483	0.8862784504890442
TCGA-E2-A1IK-01	0	lumA_pole	rna	9	ATP2B4	-0.0037607094272971153	-1.6380009651184082	0.8862784504890442
TCGA-E2-A1IK-01	0	lumA_pole	rna	10	BATF	0.003640939947217703	1.819412350654602	0.8862784504890442
TCGA-E2-A1IK-01	0	lumA_pole	meth	1	cg17538572	0.006858403328806162	-1.6500180959701538	0.8862784504890442
TCGA-E2-A1IK-01	0	lumA_pole	meth	2	cg15012484	-0.006059896666556597	-1.6172462701797485	0.8862784504890442
TCGA-E2-A1IK-01	0	lumA_pole	meth	3	cg25744613	0.0048307753168046474	-1.5012094974517822	0.8862784504890442
TCGA-E2-A1IK-01	0	lumA_pole	meth	4	cg00803088	0.004629948642104864	-1.0480996370315552	0.8862784504890442
TCGA-E2-A1IK-01	0	lumA_pole	meth	5	cg01207684	0.0038710746448487043	-1.800532579421997	0.8862784504890442
TCGA-E2-A1IK-01	0	lumA_pole	meth	6	cg06875707	0.003427814692258835	1.3389530181884766	0.8862784504890442
TCGA-E2-A1IK-01	0	lumA_pole	meth	7	cg10716835	0.003112608566880226	-1.0039364099502563	0.8862784504890442
TCGA-E2-A1IK-01	0	lumA_pole	meth	8	cg24724428	-0.0030594714917242527	-0.6566398739814758	0.8862784504890442
TCGA-E2-A1IK-01	0	lumA_pole	meth	9	cg05116002	0.002962000435218215	-0.993163526058197	0.8862784504890442
TCGA-E2-A1IK-01	0	lumA_pole	meth	10	cg06223834	-0.002533182967454195	-1.8857879638671875	0.8862784504890442
TCGA-E2-A1L7-01	1	lumA_pole	rna	1	AHNAK	-0.09963354468345642	-2.2114765644073486	0.6988198161125183
TCGA-E2-A1L7-01	1	lumA_pole	rna	2	TUBB2B	0.0787237361073494	1.3376024961471558	0.6988198161125183
TCGA-E2-A1L7-01	1	lumA_pole	rna	3	EGR3	0.07707799226045609	1.464123010635376	0.6988198161125183
TCGA-E2-A1L7-01	1	lumA_pole	rna	4	FOXC1	-0.07537492364645004	-1.0218006372451782	0.6988198161125183
TCGA-E2-A1L7-01	1	lumA_pole	rna	5	STC2	-0.06476256251335144	-2.136367082595825	0.6988198161125183
TCGA-E2-A1L7-01	1	lumA_pole	rna	6	KRT15	-0.06252136081457138	-1.330332636833191	0.6988198161125183
TCGA-E2-A1L7-01	1	lumA_pole	rna	7	NRIP1	0.055778294801712036	2.3944334983825684	0.6988198161125183
TCGA-E2-A1L7-01	1	lumA_pole	rna	8	FARP1	0.054349012672901154	2.2504429817199707	0.6988198161125183
TCGA-E2-A1L7-01	1	lumA_pole	rna	9	BCL2	0.052488893270492554	1.028637409210205	0.6988198161125183
TCGA-E2-A1L7-01	1	lumA_pole	rna	10	ABAT	-0.05181584879755974	-2.690101385116577	0.6988198161125183
TCGA-E2-A1L7-01	1	lumA_pole	meth	1	cg20087413	0.06018994376063347	1.4357441663742065	0.6988198161125183
TCGA-E2-A1L7-01	1	lumA_pole	meth	2	cg17538572	0.050106942653656006	-1.5078308582305908	0.6988198161125183
TCGA-E2-A1L7-01	1	lumA_pole	meth	3	cg03345116	-0.04893150180578232	-1.3719972372055054	0.6988198161125183
TCGA-E2-A1L7-01	1	lumA_pole	meth	4	cg00803088	-0.04244193434715271	1.702418565750122	0.6988198161125183
TCGA-E2-A1L7-01	1	lumA_pole	meth	5	cg24676071	-0.03892577812075615	-1.439780592918396	0.6988198161125183
TCGA-E2-A1L7-01	1	lumA_pole	meth	6	cg10342963	-0.03860194981098175	1.0663174390792847	0.6988198161125183
TCGA-E2-A1L7-01	1	lumA_pole	meth	7	cg10716835	0.03315870091319084	-1.2259600162506104	0.6988198161125183
TCGA-E2-A1L7-01	1	lumA_pole	meth	8	cg25339073	-0.032750245183706284	1.3471020460128784	0.6988198161125183
TCGA-E2-A1L7-01	1	lumA_pole	meth	9	cg00799539	0.0263531357049942	1.1101622581481934	0.6988198161125183
TCGA-E2-A1L7-01	1	lumA_pole	meth	10	cg22932313	0.025830499827861786	1.0670270919799805	0.6988198161125183
TCGA-E2-A1L8-01	0	lumA_pole	rna	1	AHNAK	-0.10406912863254547	-2.0886623859405518	0.7554399967193604
TCGA-E2-A1L8-01	0	lumA_pole	rna	2	PDLIM3	-0.08119966834783554	-1.3756611347198486	0.7554399967193604
TCGA-E2-A1L8-01	0	lumA_pole	rna	3	BCL2	0.06435585021972656	1.2990533113479614	0.7554399967193604
TCGA-E2-A1L8-01	0	lumA_pole	rna	4	S100A1	0.05181027576327324	1.48210608959198	0.7554399967193604
TCGA-E2-A1L8-01	0	lumA_pole	rna	5	KCNK15	-0.04921823367476463	-1.479891300201416	0.7554399967193604
TCGA-E2-A1L8-01	0	lumA_pole	rna	6	SLC7A5	0.04574763402342796	-1.4578533172607422	0.7554399967193604
TCGA-E2-A1L8-01	0	lumA_pole	rna	7	AHCY	0.04476820304989815	-1.4619190692901611	0.7554399967193604
TCGA-E2-A1L8-01	0	lumA_pole	rna	8	BHLHE40	0.04374689236283302	1.5511295795440674	0.7554399967193604
TCGA-E2-A1L8-01	0	lumA_pole	rna	9	RAB31	-0.04091296344995499	1.5846232175827026	0.7554399967193604
TCGA-E2-A1L8-01	0	lumA_pole	rna	10	TUBB2B	-0.037379615008831024	-0.6595165729522705	0.7554399967193604
TCGA-E2-A1L8-01	0	lumA_pole	meth	1	cg20087413	0.038990944623947144	1.3764268159866333	0.7554399967193604
TCGA-E2-A1L8-01	0	lumA_pole	meth	2	cg01984743	0.03517191484570503	-1.1495355367660522	0.7554399967193604
TCGA-E2-A1L8-01	0	lumA_pole	meth	3	cg10342963	-0.03175400570034981	1.2547434568405151	0.7554399967193604
TCGA-E2-A1L8-01	0	lumA_pole	meth	4	cg10566121	-0.03079051896929741	1.1929428577423096	0.7554399967193604
TCGA-E2-A1L8-01	0	lumA_pole	meth	5	cg26089753	-0.026793429628014565	-0.9695646166801453	0.7554399967193604
TCGA-E2-A1L8-01	0	lumA_pole	meth	6	cg14042099	0.02433161996304989	-0.6330863237380981	0.7554399967193604
TCGA-E2-A1L8-01	0	lumA_pole	meth	7	cg01738022	0.023672057315707207	0.9912279844284058	0.7554399967193604
TCGA-E2-A1L8-01	0	lumA_pole	meth	8	cg25339073	0.021313896402716637	-0.9737168550491333	0.7554399967193604
TCGA-E2-A1L8-01	0	lumA_pole	meth	9	cg17538572	-0.0208725742995739	0.6493887901306152	0.7554399967193604
TCGA-E2-A1L8-01	0	lumA_pole	meth	10	cg00799539	-0.02001877687871456	-1.3631728887557983	0.7554399967193604
TCGA-E2-A1L9-01	0	lumA_pole	rna	1	AHNAK	-0.07930707931518555	-1.4683476686477661	0.7316228151321411
TCGA-E2-A1L9-01	0	lumA_pole	rna	2	TPD52L1	-0.06096398085355759	-2.7843401432037354	0.7316228151321411
TCGA-E2-A1L9-01	0	lumA_pole	rna	3	ZBTB16	-0.04826810956001282	-1.1454503536224365	0.7316228151321411
TCGA-E2-A1L9-01	0	lumA_pole	rna	4	THSD4	-0.04726504907011986	-1.2471835613250732	0.7316228151321411
TCGA-E2-A1L9-01	0	lumA_pole	rna	5	EGR3	0.044238537549972534	0.9582715630531311	0.7316228151321411
TCGA-E2-A1L9-01	0	lumA_pole	rna	6	FHL2	0.040861278772354126	1.3835386037826538	0.7316228151321411
TCGA-E2-A1L9-01	0	lumA_pole	rna	7	STC2	-0.03550257533788681	-1.0603790283203125	0.7316228151321411
TCGA-E2-A1L9-01	0	lumA_pole	rna	8	FOXC1	0.035442788153886795	0.5635296702384949	0.7316228151321411
TCGA-E2-A1L9-01	0	lumA_pole	rna	9	AKAP1	0.03264865651726723	-1.9469375610351562	0.7316228151321411
TCGA-E2-A1L9-01	0	lumA_pole	rna	10	KCNK5	-0.031829047948122025	-1.5080808401107788	0.7316228151321411
TCGA-E2-A1L9-01	0	lumA_pole	meth	1	cg13570656	0.04997749254107475	-1.8805464506149292	0.7316228151321411
TCGA-E2-A1L9-01	0	lumA_pole	meth	2	cg10342963	-0.04054660722613335	1.2388113737106323	0.7316228151321411
TCGA-E2-A1L9-01	0	lumA_pole	meth	3	cg18456459	0.03474964573979378	-1.3128392696380615	0.7316228151321411
TCGA-E2-A1L9-01	0	lumA_pole	meth	4	cg01207684	-0.030679168179631233	0.7438000440597534	0.7316228151321411
TCGA-E2-A1L9-01	0	lumA_pole	meth	5	cg10716835	0.02973465994000435	-1.0224041938781738	0.7316228151321411
TCGA-E2-A1L9-01	0	lumA_pole	meth	6	cg10805850	-0.027981651946902275	-1.3113371133804321	0.7316228151321411
TCGA-E2-A1L9-01	0	lumA_pole	meth	7	cg22120095	0.026139264926314354	1.3038898706436157	0.7316228151321411
TCGA-E2-A1L9-01	0	lumA_pole	meth	8	cg24724428	-0.02553411014378071	-0.9840969443321228	0.7316228151321411
TCGA-E2-A1L9-01	0	lumA_pole	meth	9	cg00803088	-0.024679042398929596	1.2639667987823486	0.7316228151321411
TCGA-E2-A1L9-01	0	lumA_pole	meth	10	cg26605683	-0.024025818333029747	0.8537272214889526	0.7316228151321411
TCGA-E9-A1NF-01	1	lumA_pole	rna	1	RAB17	-0.15915536880493164	-1.6547305583953857	0.5485718846321106
TCGA-E9-A1NF-01	1	lumA_pole	rna	2	BCL2	-0.13686424493789673	-1.6409251689910889	0.5485718846321106
TCGA-E9-A1NF-01	1	lumA_pole	rna	3	IGF1R	0.1334867924451828	3.7416324615478516	0.5485718846321106
TCGA-E9-A1NF-01	1	lumA_pole	rna	4	PDLIM3	0.11480329185724258	1.6902610063552856	0.5485718846321106
TCGA-E9-A1NF-01	1	lumA_pole	rna	5	DLC1	0.0853537991642952	1.3598135709762573	0.5485718846321106
TCGA-E9-A1NF-01	1	lumA_pole	rna	6	MLPH	-0.08007346093654633	-2.9570565223693848	0.5485718846321106
TCGA-E9-A1NF-01	1	lumA_pole	rna	7	EGR3	-0.07697173953056335	-0.8628943562507629	0.5485718846321106
TCGA-E9-A1NF-01	1	lumA_pole	rna	8	RBBP8	0.07130134850740433	-1.4908909797668457	0.5485718846321106
TCGA-E9-A1NF-01	1	lumA_pole	rna	9	THSD4	-0.06337875872850418	-1.133903980255127	0.5485718846321106
TCGA-E9-A1NF-01	1	lumA_pole	rna	10	ZBTB16	0.06017884984612465	0.6278424859046936	0.5485718846321106
TCGA-E9-A1NF-01	1	lumA_pole	meth	1	cg14042099	0.07832008600234985	-1.109322428703308	0.5485718846321106
TCGA-E9-A1NF-01	1	lumA_pole	meth	2	cg24676071	-0.07578218728303909	-1.8054676055908203	0.5485718846321106
TCGA-E9-A1NF-01	1	lumA_pole	meth	3	cg15543523	-0.05544662103056908	-1.1821789741516113	0.5485718846321106
TCGA-E9-A1NF-01	1	lumA_pole	meth	4	cg18456459	0.05411989986896515	-2.4913277626037598	0.5485718846321106
TCGA-E9-A1NF-01	1	lumA_pole	meth	5	cg25744613	0.051324255764484406	-1.37432861328125	0.5485718846321106
TCGA-E9-A1NF-01	1	lumA_pole	meth	6	cg26089753	-0.041389744728803635	-1.2422981262207031	0.5485718846321106
TCGA-E9-A1NF-01	1	lumA_pole	meth	7	cg10342963	-0.04037746042013168	0.6894655823707581	0.5485718846321106
TCGA-E9-A1NF-01	1	lumA_pole	meth	8	cg17538572	-0.03572506457567215	0.6369688510894775	0.5485718846321106
TCGA-E9-A1NF-01	1	lumA_pole	meth	9	cg10805850	-0.03419052064418793	-1.2977155447006226	0.5485718846321106
TCGA-E9-A1NF-01	1	lumA_pole	meth	10	cg00517532	0.03383975476026535	-0.912352442741394	0.5485718846321106
TCGA-E9-A1NF-11	0	lumA_pole	rna	1	RAB17	-0.03303052484989166	-6.451966285705566	0.882310152053833
TCGA-E9-A1NF-11	0	lumA_pole	rna	2	ZBTB16	0.011604132130742073	2.976975202560425	0.882310152053833
TCGA-E9-A1NF-11	0	lumA_pole	rna	3	DLC1	0.011560145765542984	2.998976945877075	0.882310152053833
TCGA-E9-A1NF-11	0	lumA_pole	rna	4	CYP1A1	0.011480455286800861	5.793005466461182	0.882310152053833
TCGA-E9-A1NF-11	0	lumA_pole	rna	5	AHNAK	0.011354970745742321	3.5033977031707764	0.882310152053833
TCGA-E9-A1NF-11	0	lumA_pole	rna	6	THSD4	-0.011068261228501797	-3.896681308746338	0.882310152053833
TCGA-E9-A1NF-11	0	lumA_pole	rna	7	TMPRSS3	-0.01030951738357544	-2.8786323070526123	0.882310152053833
TCGA-E9-A1NF-11	0	lumA_pole	rna	8	FOXC1	0.009786122478544712	1.7289223670959473	0.882310152053833
TCGA-E9-A1NF-11	0	lumA_pole	rna	9	KRT15	-0.009700428694486618	-2.8968255519866943	0.882310152053833
TCGA-E9-A1NF-11	0	lumA_pole	rna	10	CLDN7	0.00952042918652296	-5.750540733337402	0.882310152053833
TCGA-E9-A1NF-11	0	lumA_pole	meth	1	cg25744613	0.007125669624656439	-1.5478445291519165	0.882310152053833
TCGA-E9-A1NF-11	0	lumA_pole	meth	2	cg01984743	0.00578352902084589	-0.9781819581985474	0.882310152053833
TCGA-E9-A1NF-11	0	lumA_pole	meth	3	cg10342963	-0.005670379381626844	1.2795604467391968	0.882310152053833
TCGA-E9-A1NF-11	0	lumA_pole	meth	4	cg26089753	0.005488003604114056	1.1335623264312744	0.882310152053833
TCGA-E9-A1NF-11	0	lumA_pole	meth	5	cg01738022	-0.005360961891710758	-1.991036057472229	0.882310152053833
TCGA-E9-A1NF-11	0	lumA_pole	meth	6	cg20087413	0.004075785167515278	1.6098546981811523	0.882310152053833
TCGA-E9-A1NF-11	0	lumA_pole	meth	7	cg10716835	0.003968076314777136	-1.1295171976089478	0.882310152053833
TCGA-E9-A1NF-11	0	lumA_pole	meth	8	cg25339073	0.003304507350549102	-1.4201419353485107	0.882310152053833
TCGA-E9-A1NF-11	0	lumA_pole	meth	9	cg17538572	0.0032349885441362858	-2.2153406143188477	0.882310152053833
TCGA-E9-A1NF-11	0	lumA_pole	meth	10	cg07189962	0.0031660436652600765	0.858128011226654	0.882310152053833
TCGA-E9-A1NH-01	0	lumA_pole	rna	1	RAB17	0.01342807337641716	0.9400137662887573	0.8369678258895874
TCGA-E9-A1NH-01	0	lumA_pole	rna	2	TPD52L1	-0.010144115425646305	-1.7511917352676392	0.8369678258895874
TCGA-E9-A1NH-01	0	lumA_pole	rna	3	IL17RB	-0.009695027954876423	-1.5766313076019287	0.8369678258895874
TCGA-E9-A1NH-01	0	lumA_pole	rna	4	CLU	-0.00950695015490055	-1.7981988191604614	0.8369678258895874
TCGA-E9-A1NH-01	0	lumA_pole	rna	5	AHCY	0.009503558278083801	-1.4926187992095947	0.8369678258895874
TCGA-E9-A1NH-01	0	lumA_pole	rna	6	PDLIM3	0.009062865749001503	1.0365175008773804	0.8369678258895874
TCGA-E9-A1NH-01	0	lumA_pole	rna	7	AHNAK	-0.00904199481010437	-0.9663692712783813	0.8369678258895874
TCGA-E9-A1NH-01	0	lumA_pole	rna	8	KLF4	-0.008569975383579731	-1.4500151872634888	0.8369678258895874
TCGA-E9-A1NH-01	0	lumA_pole	rna	9	SLC27A2	0.008044063113629818	1.1842414140701294	0.8369678258895874
TCGA-E9-A1NH-01	0	lumA_pole	rna	10	THSD4	-0.007962774485349655	-0.9215940237045288	0.8369678258895874
TCGA-E9-A1NH-01	0	lumA_pole	meth	1	cg01207684	0.023475347086787224	-2.2095541954040527	0.8369678258895874
TCGA-E9-A1NH-01	0	lumA_pole	meth	2	cg20087413	0.01947072520852089	1.536028265953064	0.8369678258895874
TCGA-E9-A1NH-01	0	lumA_pole	meth	3	cg10805850	-0.016381246969103813	-1.0361113548278809	0.8369678258895874
TCGA-E9-A1NH-01	0	lumA_pole	meth	4	cg14042099	0.016041817143559456	-0.8852865695953369	0.8369678258895874
TCGA-E9-A1NH-01	0	lumA_pole	meth	5	cg10342963	-0.015202226117253304	1.3641222715377808	0.8369678258895874
TCGA-E9-A1NH-01	0	lumA_pole	meth	6	cg25339073	-0.014362407848238945	1.4700061082839966	0.8369678258895874
TCGA-E9-A1NH-01	0	lumA_pole	meth	7	cg00803088	-0.014241189695894718	1.5548667907714844	0.8369678258895874
TCGA-E9-A1NH-01	0	lumA_pole	meth	8	cg01984743	-0.011399784125387669	1.2237111330032349	0.8369678258895874
TCGA-E9-A1NH-01	0	lumA_pole	meth	9	cg26325335	-0.011074181646108627	0.9763282537460327	0.8369678258895874
TCGA-E9-A1NH-01	0	lumA_pole	meth	10	cg26089753	-0.009995171800255775	-0.7161864638328552	0.8369678258895874
TCGA-E9-A1NI-01	1	lumA_pole	rna	1	KCNK5	0.19684502482414246	2.341106414794922	0.5468766093254089
TCGA-E9-A1NI-01	1	lumA_pole	rna	2	DUSP4	-0.15119323134422302	-2.3760788440704346	0.5468766093254089
TCGA-E9-A1NI-01	1	lumA_pole	rna	3	TUBB2B	-0.12995031476020813	-0.9497448801994324	0.5468766093254089
TCGA-E9-A1NI-01	1	lumA_pole	rna	4	FOXC1	-0.12274318933486938	-0.9876562356948853	0.5468766093254089
TCGA-E9-A1NI-01	1	lumA_pole	rna	5	FHL2	0.11337944865226746	1.6654956340789795	0.5468766093254089
TCGA-E9-A1NI-01	1	lumA_pole	rna	6	FOS	0.10267163068056107	1.1341946125030518	0.5468766093254089
TCGA-E9-A1NI-01	1	lumA_pole	rna	7	KRT15	0.10142631083726883	1.0248242616653442	0.5468766093254089
TCGA-E9-A1NI-01	1	lumA_pole	rna	8	TMPRSS3	-0.09644400328397751	-1.3293334245681763	0.5468766093254089
TCGA-E9-A1NI-01	1	lumA_pole	rna	9	SLC39A6	0.07959391176700592	1.5131131410598755	0.5468766093254089
TCGA-E9-A1NI-01	1	lumA_pole	rna	10	CACNA2D2	-0.07427773624658585	-1.3143095970153809	0.5468766093254089
TCGA-E9-A1NI-01	1	lumA_pole	meth	1	cg16650717	-0.042217154055833817	2.099609851837158	0.5468766093254089
TCGA-E9-A1NI-01	1	lumA_pole	meth	2	cg15543523	-0.037262726575136185	-1.719273328781128	0.5468766093254089
TCGA-E9-A1NI-01	1	lumA_pole	meth	3	cg01738022	0.03180552273988724	1.116591215133667	0.5468766093254089
TCGA-E9-A1NI-01	1	lumA_pole	meth	4	cg03345116	0.03095424547791481	1.1829551458358765	0.5468766093254089
TCGA-E9-A1NI-01	1	lumA_pole	meth	5	cg24724428	-0.030080705881118774	-1.1573877334594727	0.5468766093254089
TCGA-E9-A1NI-01	1	lumA_pole	meth	6	cg14058239	0.028719723224639893	-1.464883804321289	0.5468766093254089
TCGA-E9-A1NI-01	1	lumA_pole	meth	7	cg10805850	0.02604047581553459	1.4269498586654663	0.5468766093254089
TCGA-E9-A1NI-01	1	lumA_pole	meth	8	cg10342963	-0.02551616169512272	0.8647170662879944	0.5468766093254089
TCGA-E9-A1NI-01	1	lumA_pole	meth	9	cg15012484	-0.0251591969281435	1.2223789691925049	0.5468766093254089
TCGA-E9-A1NI-01	1	lumA_pole	meth	10	cg13456086	0.024658868089318275	0.6722462773323059	0.5468766093254089
TCGA-E9-A1R6-01	0	lumA_pole	rna	1	FOXC1	-0.14468546211719513	-2.027820587158203	0.3852842152118683
TCGA-E9-A1R6-01	0	lumA_pole	rna	2	BCL2	0.11776803433895111	1.43295156955719	0.3852842152118683
TCGA-E9-A1R6-01	0	lumA_pole	rna	3	KCNK15	0.0896216630935669	1.8893883228302002	0.3852842152118683
TCGA-E9-A1R6-01	0	lumA_pole	rna	4	FOS	-0.0823357105255127	-1.9327389001846313	0.3852842152118683
TCGA-E9-A1R6-01	0	lumA_pole	rna	5	TUBB2B	-0.08173859119415283	-1.086424708366394	0.3852842152118683
TCGA-E9-A1R6-01	0	lumA_pole	rna	6	FHL2	0.08093789964914322	1.9171698093414307	0.3852842152118683
TCGA-E9-A1R6-01	0	lumA_pole	rna	7	RAB17	0.08001828193664551	1.08241868019104	0.3852842152118683
TCGA-E9-A1R6-01	0	lumA_pole	rna	8	ALDH3A2	-0.07604514807462692	1.5464731454849243	0.3852842152118683
TCGA-E9-A1R6-01	0	lumA_pole	rna	9	TFF1	0.06527885794639587	-1.8174446821212769	0.3852842152118683
TCGA-E9-A1R6-01	0	lumA_pole	rna	10	CD44	0.06325779110193253	1.422220230102539	0.3852842152118683
TCGA-E9-A1R6-01	0	lumA_pole	meth	1	cg07189962	-0.03793006390333176	-2.119699478149414	0.3852842152118683
TCGA-E9-A1R6-01	0	lumA_pole	meth	2	cg00799539	0.0374581404030323	1.6419494152069092	0.3852842152118683
TCGA-E9-A1R6-01	0	lumA_pole	meth	3	cg16650717	-0.03716959431767464	2.1427159309387207	0.3852842152118683
TCGA-E9-A1R6-01	0	lumA_pole	meth	4	cg15543523	-0.03041517175734043	-1.5312902927398682	0.3852842152118683
TCGA-E9-A1R6-01	0	lumA_pole	meth	5	cg26605683	0.02848595753312111	-1.4512853622436523	0.3852842152118683
TCGA-E9-A1R6-01	0	lumA_pole	meth	6	cg09646983	-0.0279852245002985	-1.5592914819717407	0.3852842152118683
TCGA-E9-A1R6-01	0	lumA_pole	meth	7	cg03345116	0.024652864784002304	1.1636567115783691	0.3852842152118683
TCGA-E9-A1R6-01	0	lumA_pole	meth	8	cg03048314	0.02436751127243042	2.0695266723632812	0.3852842152118683
TCGA-E9-A1R6-01	0	lumA_pole	meth	9	cg10805850	0.021143723279237747	0.9673089981079102	0.3852842152118683
TCGA-E9-A1R6-01	0	lumA_pole	meth	10	cg17538572	-0.02083076722919941	0.8202704787254333	0.3852842152118683
TCGA-E9-A1RE-01	1	lumA_pole	rna	1	FOXC1	-0.13375763595104218	-1.780130386352539	0.34961897134780884
TCGA-E9-A1RE-01	1	lumA_pole	rna	2	PDLIM3	-0.09162043780088425	-1.8191485404968262	0.34961897134780884
TCGA-E9-A1RE-01	1	lumA_pole	rna	3	MSMB	-0.0840526595711708	2.273214340209961	0.34961897134780884
TCGA-E9-A1RE-01	1	lumA_pole	rna	4	MED13L	0.06782469153404236	-1.887673258781433	0.34961897134780884
TCGA-E9-A1RE-01	1	lumA_pole	rna	5	BCL2	-0.06728006154298782	-1.157283067703247	0.34961897134780884
TCGA-E9-A1RE-01	1	lumA_pole	rna	6	STC2	0.06021551042795181	1.6874780654907227	0.34961897134780884
TCGA-E9-A1RE-01	1	lumA_pole	rna	7	AREG	0.058099597692489624	2.327066421508789	0.34961897134780884
TCGA-E9-A1RE-01	1	lumA_pole	rna	8	KCNK15	0.05766168609261513	1.408865213394165	0.34961897134780884
TCGA-E9-A1RE-01	1	lumA_pole	rna	9	KLF4	-0.057486098259687424	-1.6633375883102417	0.34961897134780884
TCGA-E9-A1RE-01	1	lumA_pole	rna	10	S100A1	-0.055480439215898514	-1.4248992204666138	0.34961897134780884
TCGA-E9-A1RE-01	1	lumA_pole	meth	1	cg14042099	-0.0650925561785698	1.9422580003738403	0.34961897134780884
TCGA-E9-A1RE-01	1	lumA_pole	meth	2	cg20087413	-0.030934302136301994	-1.8996702432632446	0.34961897134780884
TCGA-E9-A1RE-01	1	lumA_pole	meth	3	cg01738022	-0.02451462298631668	-2.073078155517578	0.34961897134780884
TCGA-E9-A1RE-01	1	lumA_pole	meth	4	cg06197966	-0.024016646668314934	2.305680513381958	0.34961897134780884
TCGA-E9-A1RE-01	1	lumA_pole	meth	5	cg26089753	-0.02159082517027855	-1.5840946435928345	0.34961897134780884
TCGA-E9-A1RE-01	1	lumA_pole	meth	6	cg01473816	0.021390696987509727	-1.9453928470611572	0.34961897134780884
TCGA-E9-A1RE-01	1	lumA_pole	meth	7	cg00799539	0.019170373678207397	1.2082079648971558	0.34961897134780884
TCGA-E9-A1RE-01	1	lumA_pole	meth	8	cg17538572	-0.01862146705389023	1.0947946310043335	0.34961897134780884
TCGA-E9-A1RE-01	1	lumA_pole	meth	9	cg03672342	0.018126975744962692	1.381139874458313	0.34961897134780884
TCGA-E9-A1RE-01	1	lumA_pole	meth	10	cg22932313	0.017942043021321297	-2.148165702819824	0.34961897134780884
TCGA-E9-A1RI-01	0	lumA_pole	rna	1	ZBTB16	0.007501803804188967	0.9591855406761169	0.8778427243232727
TCGA-E9-A1RI-01	0	lumA_pole	rna	2	RASGRP1	-0.00712548615410924	1.6272927522659302	0.8778427243232727
TCGA-E9-A1RI-01	0	lumA_pole	rna	3	ELF1	0.006623120047152042	1.1780428886413574	0.8778427243232727
TCGA-E9-A1RI-01	0	lumA_pole	rna	4	DLC1	0.005329074338078499	0.8457549214363098	0.8778427243232727
TCGA-E9-A1RI-01	0	lumA_pole	rna	5	PDLIM3	0.0052859243005514145	0.837706983089447	0.8778427243232727
TCGA-E9-A1RI-01	0	lumA_pole	rna	6	CLDN7	0.004936290439218283	-1.560036301612854	0.8778427243232727
TCGA-E9-A1RI-01	0	lumA_pole	rna	7	KLF4	-0.004470716696232557	-0.8424216508865356	0.8778427243232727
TCGA-E9-A1RI-01	0	lumA_pole	rna	8	JAK2	0.004304671660065651	1.501279592514038	0.8778427243232727
TCGA-E9-A1RI-01	0	lumA_pole	rna	9	FOS	0.004007134586572647	0.8282642364501953	0.8778427243232727
TCGA-E9-A1RI-01	0	lumA_pole	rna	10	CYP1A1	-0.0037802928127348423	-0.7986428141593933	0.8778427243232727
TCGA-E9-A1RI-01	0	lumA_pole	meth	1	cg10342963	-0.01031995564699173	1.2807859182357788	0.8778427243232727
TCGA-E9-A1RI-01	0	lumA_pole	meth	2	cg00803088	-0.004924511071294546	1.3429973125457764	0.8778427243232727
TCGA-E9-A1RI-01	0	lumA_pole	meth	3	cg10805850	0.004363975487649441	1.1618530750274658	0.8778427243232727
TCGA-E9-A1RI-01	0	lumA_pole	meth	4	cg26605683	0.00435723178088665	-1.093604326248169	0.8778427243232727
TCGA-E9-A1RI-01	0	lumA_pole	meth	5	cg26089753	0.004099912941455841	0.7900060415267944	0.8778427243232727
TCGA-E9-A1RI-01	0	lumA_pole	meth	6	cg13456086	0.0038465564139187336	1.39582359790802	0.8778427243232727
TCGA-E9-A1RI-01	0	lumA_pole	meth	7	cg03048314	-0.0038287693168967962	-0.5934534668922424	0.8778427243232727
TCGA-E9-A1RI-01	0	lumA_pole	meth	8	cg00651400	-0.003406465519219637	0.8484106063842773	0.8778427243232727
TCGA-E9-A1RI-01	0	lumA_pole	meth	9	cg14058239	0.003276769770309329	1.3360906839370728	0.8778427243232727
TCGA-E9-A1RI-01	0	lumA_pole	meth	10	cg07189962	0.0032194796949625015	1.068229079246521	0.8778427243232727
TCGA-E9-A1RI-11	0	lumA_pole	rna	1	RAB17	-0.02170240320265293	-4.9759955406188965	0.8881271481513977
TCGA-E9-A1RI-11	0	lumA_pole	rna	2	DLC1	0.01176917552947998	2.8034205436706543	0.8881271481513977
TCGA-E9-A1RI-11	0	lumA_pole	rna	3	BATF	-0.010232114233076572	-3.7222824096679688	0.8881271481513977
TCGA-E9-A1RI-11	0	lumA_pole	rna	4	AHNAK	0.008106391876935959	3.6209213733673096	0.8881271481513977
TCGA-E9-A1RI-11	0	lumA_pole	rna	5	FAM102A	-0.00787331722676754	-5.005397796630859	0.8881271481513977
TCGA-E9-A1RI-11	0	lumA_pole	rna	6	CELSR1	-0.0073739225044846535	-4.2941155433654785	0.8881271481513977
TCGA-E9-A1RI-11	0	lumA_pole	rna	7	ZBTB16	0.006969316862523556	2.665649175643921	0.8881271481513977
TCGA-E9-A1RI-11	0	lumA_pole	rna	8	GATA3	-0.0068945507518947124	-4.76655912399292	0.8881271481513977
TCGA-E9-A1RI-11	0	lumA_pole	rna	9	FOXC1	0.006831774488091469	1.4983043670654297	0.8881271481513977
TCGA-E9-A1RI-11	0	lumA_pole	rna	10	CLDN7	0.006640560459345579	-4.790751934051514	0.8881271481513977
TCGA-E9-A1RI-11	0	lumA_pole	meth	1	cg26089753	0.005985499359667301	1.4366483688354492	0.8881271481513977
TCGA-E9-A1RI-11	0	lumA_pole	meth	2	cg25744613	0.005134240724146366	-1.6381736993789673	0.8881271481513977
TCGA-E9-A1RI-11	0	lumA_pole	meth	3	cg01984743	0.00428247032687068	-0.9669780731201172	0.8881271481513977
TCGA-E9-A1RI-11	0	lumA_pole	meth	4	cg20087413	0.0041677565313875675	1.5001821517944336	0.8881271481513977
TCGA-E9-A1RI-11	0	lumA_pole	meth	5	cg10342963	-0.0037164296954870224	1.0644792318344116	0.8881271481513977
TCGA-E9-A1RI-11	0	lumA_pole	meth	6	cg06875707	0.0037049949169158936	1.5612947940826416	0.8881271481513977
TCGA-E9-A1RI-11	0	lumA_pole	meth	7	cg01738022	-0.003579049604013562	-1.7602452039718628	0.8881271481513977
TCGA-E9-A1RI-11	0	lumA_pole	meth	8	cg10716835	0.0035462260711938143	-1.2386821508407593	0.8881271481513977
TCGA-E9-A1RI-11	0	lumA_pole	meth	9	cg24724428	-0.0034959374461323023	-0.9099409580230713	0.8881271481513977
TCGA-E9-A1RI-11	0	lumA_pole	meth	10	cg23057597	-0.0034725156147032976	1.6526787281036377	0.8881271481513977
TCGA-E9-A245-01	0	lumA_pole	rna	1	PODXL	0.01076105423271656	2.53647518157959	0.8706068992614746
TCGA-E9-A245-01	0	lumA_pole	rna	2	CACNA2D2	0.010204360820353031	2.25028920173645	0.8706068992614746
TCGA-E9-A245-01	0	lumA_pole	rna	3	EGR3	-0.007777064573019743	-1.449453353881836	0.8706068992614746
TCGA-E9-A245-01	0	lumA_pole	rna	4	DLC1	-0.0076359231024980545	-1.4793801307678223	0.8706068992614746
TCGA-E9-A245-01	0	lumA_pole	rna	5	RAB17	0.007371154613792896	1.2718178033828735	0.8706068992614746
TCGA-E9-A245-01	0	lumA_pole	rna	6	RASGRP1	0.006361015141010284	-1.9751325845718384	0.8706068992614746
TCGA-E9-A245-01	0	lumA_pole	rna	7	SLC26A2	-0.005985737312585115	-1.326061725616455	0.8706068992614746
TCGA-E9-A245-01	0	lumA_pole	rna	8	IGSF1	-0.005875670816749334	3.005094528198242	0.8706068992614746
TCGA-E9-A245-01	0	lumA_pole	rna	9	CXCL12	-0.005569483153522015	-1.2108383178710938	0.8706068992614746
TCGA-E9-A245-01	0	lumA_pole	rna	10	ELOVL2	-0.005320805590599775	-1.9094743728637695	0.8706068992614746
TCGA-E9-A245-01	0	lumA_pole	meth	1	cg26089753	-0.006590765900909901	-0.8877445459365845	0.8706068992614746
TCGA-E9-A245-01	0	lumA_pole	meth	2	cg10716835	0.006155755836516619	-0.999422013759613	0.8706068992614746
TCGA-E9-A245-01	0	lumA_pole	meth	3	cg20087413	-0.006065952591598034	-1.1942659616470337	0.8706068992614746
TCGA-E9-A245-01	0	lumA_pole	meth	4	cg26605683	-0.00579424062743783	1.0610729455947876	0.8706068992614746
TCGA-E9-A245-01	0	lumA_pole	meth	5	cg25339073	0.005576709285378456	-1.3677703142166138	0.8706068992614746
TCGA-E9-A245-01	0	lumA_pole	meth	6	cg00803088	0.005275833886116743	-0.8278228044509888	0.8706068992614746
TCGA-E9-A245-01	0	lumA_pole	meth	7	cg00517532	0.004979484714567661	-0.9748906493186951	0.8706068992614746
TCGA-E9-A245-01	0	lumA_pole	meth	8	cg10342963	0.004810726270079613	-1.163848638534546	0.8706068992614746
TCGA-E9-A245-01	0	lumA_pole	meth	9	cg01984743	-0.004338969476521015	0.7162408828735352	0.8706068992614746
TCGA-E9-A245-01	0	lumA_pole	meth	10	cg22731981	-0.0042272163555026054	1.042506456375122	0.8706068992614746
TCGA-EW-A1IW-01	0	lumA_pole	rna	1	EZR	0.011473646387457848	2.8662919998168945	0.8568984270095825
TCGA-EW-A1IW-01	0	lumA_pole	rna	2	MED13L	-0.008278179913759232	1.8825328350067139	0.8568984270095825
TCGA-EW-A1IW-01	0	lumA_pole	rna	3	SUSD3	-0.00713259307667613	-2.052621603012085	0.8568984270095825
TCGA-EW-A1IW-01	0	lumA_pole	rna	4	FOXC1	0.005632410757243633	1.185472846031189	0.8568984270095825
TCGA-EW-A1IW-01	0	lumA_pole	rna	5	SLC39A6	-0.0037621736992150545	1.5544931888580322	0.8568984270095825
TCGA-EW-A1IW-01	0	lumA_pole	rna	6	DUSP4	0.003713807789608836	1.1936297416687012	0.8568984270095825
TCGA-EW-A1IW-01	0	lumA_pole	rna	7	TFF1	-0.0036403918638825417	1.2648227214813232	0.8568984270095825
TCGA-EW-A1IW-01	0	lumA_pole	rna	8	ABCA3	0.003582702251151204	-1.0468510389328003	0.8568984270095825
TCGA-EW-A1IW-01	0	lumA_pole	rna	9	CLU	0.0034960031043738127	0.9835986495018005	0.8568984270095825
TCGA-EW-A1IW-01	0	lumA_pole	rna	10	FHL2	0.0034625877160578966	0.8688061833381653	0.8568984270095825
TCGA-EW-A1IW-01	0	lumA_pole	meth	1	cg24724428	0.01660439372062683	1.413872480392456	0.8568984270095825
TCGA-EW-A1IW-01	0	lumA_pole	meth	2	cg10716835	-0.009185468778014183	0.9208153486251831	0.8568984270095825
TCGA-EW-A1IW-01	0	lumA_pole	meth	3	cg10805850	0.00803835317492485	0.5659962892532349	0.8568984270095825
TCGA-EW-A1IW-01	0	lumA_pole	meth	4	cg07189962	-0.00789416953921318	-0.9055494070053101	0.8568984270095825
TCGA-EW-A1IW-01	0	lumA_pole	meth	5	cg01984743	-0.007136822212487459	1.1699984073638916	0.8568984270095825
TCGA-EW-A1IW-01	0	lumA_pole	meth	6	cg20393620	0.00598584208637476	-1.1956236362457275	0.8568984270095825
TCGA-EW-A1IW-01	0	lumA_pole	meth	7	cg03345116	0.005390221253037453	1.070101022720337	0.8568984270095825
TCGA-EW-A1IW-01	0	lumA_pole	meth	8	cg06741896	0.005120870191603899	1.7095298767089844	0.8568984270095825
TCGA-EW-A1IW-01	0	lumA_pole	meth	9	cg17706972	-0.004793758504092693	-0.9577354192733765	0.8568984270095825
TCGA-EW-A1IW-01	0	lumA_pole	meth	10	cg20087413	0.004762686789035797	0.862203061580658	0.8568984270095825
TCGA-EW-A1OX-01	1	lumA_pole	rna	1	PDLIM3	-0.1284235566854477	-3.433795690536499	0.3971359431743622
TCGA-EW-A1OX-01	1	lumA_pole	rna	2	KRT15	-0.10638022422790527	-2.0184097290039062	0.3971359431743622
TCGA-EW-A1OX-01	1	lumA_pole	rna	3	FOXC1	-0.10514626652002335	-2.172600269317627	0.3971359431743622
TCGA-EW-A1OX-01	1	lumA_pole	rna	4	SGK1	-0.08919665962457657	-3.392627716064453	0.3971359431743622
TCGA-EW-A1OX-01	1	lumA_pole	rna	5	DUSP4	-0.08894611150026321	-1.7969276905059814	0.3971359431743622
TCGA-EW-A1OX-01	1	lumA_pole	rna	6	MSMB	-0.08224011212587357	2.2767417430877686	0.3971359431743622
TCGA-EW-A1OX-01	1	lumA_pole	rna	7	RAB31	0.08101920783519745	-3.6455650329589844	0.3971359431743622
TCGA-EW-A1OX-01	1	lumA_pole	rna	8	TUBB2B	0.07463866472244263	1.1079227924346924	0.3971359431743622
TCGA-EW-A1OX-01	1	lumA_pole	rna	9	S100A1	-0.07242468744516373	-2.656977891921997	0.3971359431743622
TCGA-EW-A1OX-01	1	lumA_pole	rna	10	KCNK5	-0.06182313337922096	-2.2481815814971924	0.3971359431743622
TCGA-EW-A1OX-01	1	lumA_pole	meth	1	cg14042099	-0.1022832989692688	1.9136666059494019	0.3971359431743622
TCGA-EW-A1OX-01	1	lumA_pole	meth	2	cg10566121	-0.0755394920706749	2.1780877113342285	0.3971359431743622
TCGA-EW-A1OX-01	1	lumA_pole	meth	3	cg27449507	-0.06529495120048523	2.008033037185669	0.3971359431743622
TCGA-EW-A1OX-01	1	lumA_pole	meth	4	cg15543523	0.06133618205785751	1.694358229637146	0.3971359431743622
TCGA-EW-A1OX-01	1	lumA_pole	meth	5	cg01738022	0.0586078055202961	1.5777897834777832	0.3971359431743622
TCGA-EW-A1OX-01	1	lumA_pole	meth	6	cg10342963	0.05052890256047249	-1.4313215017318726	0.3971359431743622
TCGA-EW-A1OX-01	1	lumA_pole	meth	7	cg14058239	0.046005669981241226	-2.252213478088379	0.3971359431743622
TCGA-EW-A1OX-01	1	lumA_pole	meth	8	cg10805850	-0.04519319534301758	-1.4318357706069946	0.3971359431743622
TCGA-EW-A1OX-01	1	lumA_pole	meth	9	cg00799539	0.04348449409008026	1.9917670488357544	0.3971359431743622
TCGA-EW-A1OX-01	1	lumA_pole	meth	10	cg24724428	0.041945911943912506	2.000875473022461	0.3971359431743622
TCGA-EW-A1P6-01	0	lumA_pole	rna	1	KCNK5	0.07385356724262238	4.163573265075684	0.7744078636169434
TCGA-EW-A1P6-01	0	lumA_pole	rna	2	SGK3	-0.06247542425990105	2.6786839962005615	0.7744078636169434
TCGA-EW-A1P6-01	0	lumA_pole	rna	3	CYP26B1	0.054043516516685486	2.861912965774536	0.7744078636169434
TCGA-EW-A1P6-01	0	lumA_pole	rna	4	FOXC1	-0.049712877720594406	-1.2527042627334595	0.7744078636169434
TCGA-EW-A1P6-01	0	lumA_pole	rna	5	FARP1	0.04378431662917137	1.6314624547958374	0.7744078636169434
TCGA-EW-A1P6-01	0	lumA_pole	rna	6	FHL2	0.04234239086508751	2.090897798538208	0.7744078636169434
TCGA-EW-A1P6-01	0	lumA_pole	rna	7	FOS	-0.04085955396294594	-1.334613561630249	0.7744078636169434
TCGA-EW-A1P6-01	0	lumA_pole	rna	8	KRT15	0.04070781543850899	2.0744049549102783	0.7744078636169434
TCGA-EW-A1P6-01	0	lumA_pole	rna	9	PODXL	-0.03909466043114662	-1.6740950345993042	0.7744078636169434
TCGA-EW-A1P6-01	0	lumA_pole	rna	10	TUBB2B	-0.037747036665678024	-0.9272369742393494	0.7744078636169434
TCGA-EW-A1P6-01	0	lumA_pole	meth	1	cg24676071	-0.03519737347960472	-2.218106269836426	0.7744078636169434
TCGA-EW-A1P6-01	0	lumA_pole	meth	2	cg03345116	-0.027165807783603668	-1.7906907796859741	0.7744078636169434
TCGA-EW-A1P6-01	0	lumA_pole	meth	3	cg01207684	0.02669224515557289	-1.8915126323699951	0.7744078636169434
TCGA-EW-A1P6-01	0	lumA_pole	meth	4	cg01984743	0.026320748031139374	-1.273437261581421	0.7744078636169434
TCGA-EW-A1P6-01	0	lumA_pole	meth	5	cg25339073	0.023356342688202858	-1.4074712991714478	0.7744078636169434
TCGA-EW-A1P6-01	0	lumA_pole	meth	6	cg26089753	-0.02273300290107727	-1.3197191953659058	0.7744078636169434
TCGA-EW-A1P6-01	0	lumA_pole	meth	7	cg20087413	-0.02223498746752739	-0.9467557072639465	0.7744078636169434
TCGA-EW-A1P6-01	0	lumA_pole	meth	8	cg15543523	-0.021722489967942238	-1.5471389293670654	0.7744078636169434
TCGA-EW-A1P6-01	0	lumA_pole	meth	9	cg14042099	0.020803460851311684	-0.9565513134002686	0.7744078636169434
TCGA-EW-A1P6-01	0	lumA_pole	meth	10	cg26605683	0.01902010478079319	-1.3919322490692139	0.7744078636169434
TCGA-EW-A1PC-01	1	lumA_pole	rna	1	BCL2	-0.05504332110285759	-4.494439125061035	0.3009561002254486
TCGA-EW-A1PC-01	1	lumA_pole	rna	2	AHNAK	-0.04241153225302696	-2.6655514240264893	0.3009561002254486
TCGA-EW-A1PC-01	1	lumA_pole	rna	3	FHL2	-0.030111875385046005	-1.9640448093414307	0.3009561002254486
TCGA-EW-A1PC-01	1	lumA_pole	rna	4	TUBB2B	0.028844811022281647	1.442029356956482	0.3009561002254486
TCGA-EW-A1PC-01	1	lumA_pole	rna	5	NRIP1	-0.02527214027941227	-2.726696491241455	0.3009561002254486
TCGA-EW-A1PC-01	1	lumA_pole	rna	6	FOXC1	-0.02428329922258854	-1.5877583026885986	0.3009561002254486
TCGA-EW-A1PC-01	1	lumA_pole	rna	7	KCNK5	0.02247851900756359	2.43281888961792	0.3009561002254486
TCGA-EW-A1PC-01	1	lumA_pole	rna	8	CXCL12	-0.022239243611693382	-3.2337422370910645	0.3009561002254486
TCGA-EW-A1PC-01	1	lumA_pole	rna	9	CD44	-0.021798649802803993	-1.7729289531707764	0.3009561002254486
TCGA-EW-A1PC-01	1	lumA_pole	rna	10	THSD4	-0.0214200709015131	-1.932878017425537	0.3009561002254486
TCGA-EW-A1PC-01	1	lumA_pole	meth	1	cg14042099	-0.015764815732836723	1.5500887632369995	0.3009561002254486
TCGA-EW-A1PC-01	1	lumA_pole	meth	2	cg10805850	-0.009544570930302143	-1.2198280096054077	0.3009561002254486
TCGA-EW-A1PC-01	1	lumA_pole	meth	3	cg22731981	-0.008987466804683208	-2.287430763244629	0.3009561002254486
TCGA-EW-A1PC-01	1	lumA_pole	meth	4	cg10716835	-0.008891389705240726	1.9738882780075073	0.3009561002254486
TCGA-EW-A1PC-01	1	lumA_pole	meth	5	cg23057597	-0.008847281336784363	1.5505788326263428	0.3009561002254486
TCGA-EW-A1PC-01	1	lumA_pole	meth	6	cg06741896	0.00879827979952097	1.7231217622756958	0.3009561002254486
TCGA-EW-A1PC-01	1	lumA_pole	meth	7	cg18456459	-0.008624673821032047	1.4219218492507935	0.3009561002254486
TCGA-EW-A1PC-01	1	lumA_pole	meth	8	cg16650717	-0.007646768819540739	1.2801778316497803	0.3009561002254486
TCGA-EW-A1PC-01	1	lumA_pole	meth	9	cg25339073	-0.0074696848168969154	1.245315432548523	0.3009561002254486
TCGA-EW-A1PC-01	1	lumA_pole	meth	10	cg03345116	-0.006626481655985117	-1.8980909585952759	0.3009561002254486
TCGA-EW-A1PE-01	0	lumA_pole	rna	1	CALCR	-0.006578204222023487	2.0257906913757324	0.8788667321205139
TCGA-EW-A1PE-01	0	lumA_pole	rna	2	KLF4	0.004690377973020077	1.6249281167984009	0.8788667321205139
TCGA-EW-A1PE-01	0	lumA_pole	rna	3	CA12	-0.003265091683715582	1.0491814613342285	0.8788667321205139
TCGA-EW-A1PE-01	0	lumA_pole	rna	4	IGFBP4	0.003060105489566922	0.830791711807251	0.8788667321205139
TCGA-EW-A1PE-01	0	lumA_pole	rna	5	FLNB	-0.002943874802440405	1.28339421749115	0.8788667321205139
TCGA-EW-A1PE-01	0	lumA_pole	rna	6	UGCG	0.002919017570093274	1.5518523454666138	0.8788667321205139
TCGA-EW-A1PE-01	0	lumA_pole	rna	7	FOS	0.002918134443461895	1.188782811164856	0.8788667321205139
TCGA-EW-A1PE-01	0	lumA_pole	rna	8	AHCY	0.0027482430450618267	-1.3411561250686646	0.8788667321205139
TCGA-EW-A1PE-01	0	lumA_pole	rna	9	FAM102A	0.0027066273614764214	1.421547532081604	0.8788667321205139
TCGA-EW-A1PE-01	0	lumA_pole	rna	10	ATP2B4	-0.002687156666070223	-1.3457871675491333	0.8788667321205139
TCGA-EW-A1PE-01	0	lumA_pole	meth	1	cg20087413	-0.0067034438252449036	-0.7692311406135559	0.8788667321205139
TCGA-EW-A1PE-01	0	lumA_pole	meth	2	cg25339073	0.00618869299069047	-1.4078937768936157	0.8788667321205139
TCGA-EW-A1PE-01	0	lumA_pole	meth	3	cg10716835	0.005944886710494757	-1.1274653673171997	0.8788667321205139
TCGA-EW-A1PE-01	0	lumA_pole	meth	4	cg24676071	-0.005635556299239397	-1.4764256477355957	0.8788667321205139
TCGA-EW-A1PE-01	0	lumA_pole	meth	5	cg10342963	0.005311237182468176	-0.9545887112617493	0.8788667321205139
TCGA-EW-A1PE-01	0	lumA_pole	meth	6	cg01984743	0.005233663599938154	-1.1373430490493774	0.8788667321205139
TCGA-EW-A1PE-01	0	lumA_pole	meth	7	cg24724428	-0.005212242249399424	-0.9762910008430481	0.8788667321205139
TCGA-EW-A1PE-01	0	lumA_pole	meth	8	cg26605683	0.004860775079578161	-1.1818530559539795	0.8788667321205139
TCGA-EW-A1PE-01	0	lumA_pole	meth	9	cg06197966	0.004392243921756744	-1.006790041923523	0.8788667321205139
TCGA-EW-A1PE-01	0	lumA_pole	meth	10	cg05226008	-0.0042893351055681705	-1.1301004886627197	0.8788667321205139
TCGA-GM-A2D9-01	0	lumA_pole	rna	1	AHNAK	-0.02295699343085289	-1.3710458278656006	0.7861542105674744
TCGA-GM-A2D9-01	0	lumA_pole	rna	2	S100A1	0.019665274769067764	2.2993240356445312	0.7861542105674744
TCGA-GM-A2D9-01	0	lumA_pole	rna	3	BCL2	-0.017414242029190063	-1.2897355556488037	0.7861542105674744
TCGA-GM-A2D9-01	0	lumA_pole	rna	4	RAB17	0.015887731686234474	0.8209166526794434	0.7861542105674744
TCGA-GM-A2D9-01	0	lumA_pole	rna	5	BATF	0.0155800124630332	1.585138201713562	0.7861542105674744
TCGA-GM-A2D9-01	0	lumA_pole	rna	6	MED13L	0.015182709321379662	-2.348766803741455	0.7861542105674744
TCGA-GM-A2D9-01	0	lumA_pole	rna	7	NRIP1	-0.013451119884848595	-1.0516421794891357	0.7861542105674744
TCGA-GM-A2D9-01	0	lumA_pole	rna	8	ZBTB16	-0.011456742882728577	-0.6233354806900024	0.7861542105674744
TCGA-GM-A2D9-01	0	lumA_pole	rna	9	WFDC2	0.010827186517417431	1.4333806037902832	0.7861542105674744
TCGA-GM-A2D9-01	0	lumA_pole	rna	10	SLC1A1	0.010708698071539402	1.1385618448257446	0.7861542105674744
TCGA-GM-A2D9-01	0	lumA_pole	meth	1	cg10566121	-0.027324287220835686	1.6671535968780518	0.7861542105674744
TCGA-GM-A2D9-01	0	lumA_pole	meth	2	cg10342963	0.023427126929163933	-1.0238313674926758	0.7861542105674744
TCGA-GM-A2D9-01	0	lumA_pole	meth	3	cg14042099	-0.02252122573554516	1.1993128061294556	0.7861542105674744
TCGA-GM-A2D9-01	0	lumA_pole	meth	4	cg00803088	-0.019299104809761047	1.492651104927063	0.7861542105674744
TCGA-GM-A2D9-01	0	lumA_pole	meth	5	cg05116002	-0.015601088292896748	0.9388653039932251	0.7861542105674744
TCGA-GM-A2D9-01	0	lumA_pole	meth	6	cg25339073	-0.013402177020907402	0.8715346455574036	0.7861542105674744
TCGA-GM-A2D9-01	0	lumA_pole	meth	7	cg27449507	-0.013196045532822609	1.8767468929290771	0.7861542105674744
TCGA-GM-A2D9-01	0	lumA_pole	meth	8	cg01207684	-0.012450743466615677	0.6749816536903381	0.7861542105674744
TCGA-GM-A2D9-01	0	lumA_pole	meth	9	cg03345116	0.011658243834972382	0.9253622889518738	0.7861542105674744
TCGA-GM-A2D9-01	0	lumA_pole	meth	10	cg15732851	0.0111862663179636	1.3564050197601318	0.7861542105674744
TCGA-GM-A2DI-01	0	lumA_pole	rna	1	FAM134B	0.0033929459750652313	-1.2163490056991577	0.8846291303634644
TCGA-GM-A2DI-01	0	lumA_pole	rna	2	ZBTB16	0.003132290905341506	1.8513219356536865	0.8846291303634644
TCGA-GM-A2DI-01	0	lumA_pole	rna	3	DLC1	0.002548771910369396	1.349515676498413	0.8846291303634644
TCGA-GM-A2DI-01	0	lumA_pole	rna	4	EGR3	0.0019808055367320776	1.1046128273010254	0.8846291303634644
TCGA-GM-A2DI-01	0	lumA_pole	rna	5	JAK2	0.0018187403911724687	2.03804087638855	0.8846291303634644
TCGA-GM-A2DI-01	0	lumA_pole	rna	6	AKAP1	-0.00177357392385602	-1.5053883790969849	0.8846291303634644
TCGA-GM-A2DI-01	0	lumA_pole	rna	7	IL17RB	-0.0015969357918947935	-2.21317458152771	0.8846291303634644
TCGA-GM-A2DI-01	0	lumA_pole	rna	8	CDC14B	-0.0014220246812328696	0.5742818117141724	0.8846291303634644
TCGA-GM-A2DI-01	0	lumA_pole	rna	9	AMFR	-0.0013410428073257208	-1.0659263134002686	0.8846291303634644
TCGA-GM-A2DI-01	0	lumA_pole	rna	10	CLU	-0.001328308368101716	-0.8563233613967896	0.8846291303634644
TCGA-GM-A2DI-01	0	lumA_pole	meth	1	cg26089753	0.005795964505523443	1.4392876625061035	0.8846291303634644
TCGA-GM-A2DI-01	0	lumA_pole	meth	2	cg03345116	-0.003310732077807188	0.5456854701042175	0.8846291303634644
TCGA-GM-A2DI-01	0	lumA_pole	meth	3	cg06741896	-0.003203205531463027	1.657151699066162	0.8846291303634644
TCGA-GM-A2DI-01	0	lumA_pole	meth	4	cg13570656	-0.002914376789703965	-0.9093747138977051	0.8846291303634644
TCGA-GM-A2DI-01	0	lumA_pole	meth	5	cg17706972	0.002800283720716834	1.248477816581726	0.8846291303634644
TCGA-GM-A2DI-01	0	lumA_pole	meth	6	cg06875707	0.002749650040641427	0.8230060935020447	0.8846291303634644
TCGA-GM-A2DI-01	0	lumA_pole	meth	7	cg15012484	-0.002605607034638524	-1.02279794216156	0.8846291303634644
TCGA-GM-A2DI-01	0	lumA_pole	meth	8	cg10716835	0.002447083592414856	-0.8615294098854065	0.8846291303634644
TCGA-GM-A2DI-01	0	lumA_pole	meth	9	cg01912921	-0.0024254871532320976	-1.300155520439148	0.8846291303634644
TCGA-GM-A2DI-01	0	lumA_pole	meth	10	cg22549041	0.002379980171099305	-0.8556265234947205	0.8846291303634644
TCGA-GM-A2DN-01	0	lumA_pole	rna	1	SLC26A2	-0.0050866082310676575	3.9406869411468506	0.8782446384429932
TCGA-GM-A2DN-01	0	lumA_pole	rna	2	FAM134B	0.0037369965575635433	-1.8394395112991333	0.8782446384429932
TCGA-GM-A2DN-01	0	lumA_pole	rna	3	BATF	0.003353648819029331	0.8663176894187927	0.8782446384429932
TCGA-GM-A2DN-01	0	lumA_pole	rna	4	DLC1	-0.003284773323684931	-0.8340750336647034	0.8782446384429932
TCGA-GM-A2DN-01	0	lumA_pole	rna	5	AHNAK	-0.0029703741893172264	-1.4261424541473389	0.8782446384429932
TCGA-GM-A2DN-01	0	lumA_pole	rna	6	AMFR	-0.0027208200190216303	-1.6679675579071045	0.8782446384429932
TCGA-GM-A2DN-01	0	lumA_pole	rna	7	PDLIM3	0.002585623413324356	1.6936520338058472	0.8782446384429932
TCGA-GM-A2DN-01	0	lumA_pole	rna	8	ABCA3	0.0025706759188324213	-1.5016701221466064	0.8782446384429932
TCGA-GM-A2DN-01	0	lumA_pole	rna	9	DHRS2	0.0024296522606164217	-1.9778859615325928	0.8782446384429932
TCGA-GM-A2DN-01	0	lumA_pole	rna	10	CALCR	0.0024033915251493454	-0.9376693964004517	0.8782446384429932
TCGA-GM-A2DN-01	0	lumA_pole	meth	1	cg20087413	0.0070957886055111885	1.5313341617584229	0.8782446384429932
TCGA-GM-A2DN-01	0	lumA_pole	meth	2	cg01984743	-0.00648325914517045	0.8424494862556458	0.8782446384429932
TCGA-GM-A2DN-01	0	lumA_pole	meth	3	cg10805850	-0.006278061307966709	-0.7311974763870239	0.8782446384429932
TCGA-GM-A2DN-01	0	lumA_pole	meth	4	cg18456459	0.004364065360277891	-0.8822463750839233	0.8782446384429932
TCGA-GM-A2DN-01	0	lumA_pole	meth	5	cg25339073	0.0042070611380040646	-0.722840428352356	0.8782446384429932
TCGA-GM-A2DN-01	0	lumA_pole	meth	6	cg13456086	0.004187779501080513	0.5898285508155823	0.8782446384429932
TCGA-GM-A2DN-01	0	lumA_pole	meth	7	cg26605683	-0.0038628880865871906	0.5483707189559937	0.8782446384429932
TCGA-GM-A2DN-01	0	lumA_pole	meth	8	cg26089753	0.003773794509470463	0.484280526638031	0.8782446384429932
TCGA-GM-A2DN-01	0	lumA_pole	meth	9	cg14042099	-0.003499724203720689	0.5754266381263733	0.8782446384429932
TCGA-GM-A2DN-01	0	lumA_pole	meth	10	cg00803088	-0.002926804590970278	0.8330816626548767	0.8782446384429932
TCGA-GM-A3NY-01	0	lumA_pole	rna	1	UGCG	-0.005592443980276585	-2.6923317909240723	0.8696290850639343
TCGA-GM-A3NY-01	0	lumA_pole	rna	2	EGR3	0.004914053715765476	2.0807669162750244	0.8696290850639343
TCGA-GM-A3NY-01	0	lumA_pole	rna	3	AMFR	-0.0045313481241464615	-1.5380828380584717	0.8696290850639343
TCGA-GM-A3NY-01	0	lumA_pole	rna	4	TPD52L1	0.004476841073483229	1.589361310005188	0.8696290850639343
TCGA-GM-A3NY-01	0	lumA_pole	rna	5	TMPRSS3	0.004264902789145708	1.7018613815307617	0.8696290850639343
TCGA-GM-A3NY-01	0	lumA_pole	rna	6	RAB17	0.0040075634606182575	1.0341919660568237	0.8696290850639343
TCGA-GM-A3NY-01	0	lumA_pole	rna	7	TFF3	0.003659378970041871	2.5668628215789795	0.8696290850639343
TCGA-GM-A3NY-01	0	lumA_pole	rna	8	CLIC3	0.0035362043417990208	1.9567352533340454	0.8696290850639343
TCGA-GM-A3NY-01	0	lumA_pole	rna	9	ELOVL5	-0.003443723078817129	-1.7682976722717285	0.8696290850639343
TCGA-GM-A3NY-01	0	lumA_pole	rna	10	CD44	-0.003308950923383236	-1.770101547241211	0.8696290850639343
TCGA-GM-A3NY-01	0	lumA_pole	meth	1	cg01984743	-0.008201174437999725	1.2204159498214722	0.8696290850639343
TCGA-GM-A3NY-01	0	lumA_pole	meth	2	cg20087413	-0.007737144827842712	-1.2540098428726196	0.8696290850639343
TCGA-GM-A3NY-01	0	lumA_pole	meth	3	cg26089753	0.006340210326015949	1.5277060270309448	0.8696290850639343
TCGA-GM-A3NY-01	0	lumA_pole	meth	4	cg01207684	0.006232863292098045	-1.385678768157959	0.8696290850639343
TCGA-GM-A3NY-01	0	lumA_pole	meth	5	cg10716835	-0.005729975178837776	0.848585844039917	0.8696290850639343
TCGA-GM-A3NY-01	0	lumA_pole	meth	6	cg26605683	-0.004114448558539152	1.1692363023757935	0.8696290850639343
TCGA-GM-A3NY-01	0	lumA_pole	meth	7	cg10342963	0.0040915715508162975	-1.184989094734192	0.8696290850639343
TCGA-GM-A3NY-01	0	lumA_pole	meth	8	cg00803088	0.003985905088484287	-1.1174616813659668	0.8696290850639343
TCGA-GM-A3NY-01	0	lumA_pole	meth	9	cg20393620	-0.0038749820087105036	1.1187340021133423	0.8696290850639343
TCGA-GM-A3NY-01	0	lumA_pole	meth	10	cg17538572	-0.003728331532329321	0.9174888730049133	0.8696290850639343
TCGA-A2-A0YG-01	1	lumB_pole	rna	1	PSMD3	0.017688900232315063	3.991710662841797	0.6568543314933777
TCGA-A2-A0YG-01	1	lumB_pole	rna	2	CKS1B	0.015297746285796165	3.173583507537842	0.6568543314933777
TCGA-A2-A0YG-01	1	lumB_pole	rna	3	SMARCC1	-0.011098697781562805	2.2593576908111572	0.6568543314933777
TCGA-A2-A0YG-01	1	lumB_pole	rna	4	NDC80	0.01075537409633398	1.5651878118515015	0.6568543314933777
TCGA-A2-A0YG-01	1	lumB_pole	rna	5	RPL34	0.01039079949259758	-1.6938446760177612	0.6568543314933777
TCGA-A2-A0YG-01	1	lumB_pole	rna	6	TP53	-0.009701195172965527	-2.733464002609253	0.6568543314933777
TCGA-A2-A0YG-01	1	lumB_pole	rna	7	TCF19	0.009265412576496601	1.6325061321258545	0.6568543314933777
TCGA-A2-A0YG-01	1	lumB_pole	rna	8	LUC7L3	-0.008636750280857086	-1.7464580535888672	0.6568543314933777
TCGA-A2-A0YG-01	1	lumB_pole	rna	9	POLE	0.008378839120268822	1.7538001537322998	0.6568543314933777
TCGA-A2-A0YG-01	1	lumB_pole	rna	10	IFRD1	0.00787483062595129	2.8173184394836426	0.6568543314933777
TCGA-A2-A0YG-01	1	lumB_pole	meth	1	cg01252526	0.02562282606959343	-1.1530914306640625	0.6568543314933777
TCGA-A2-A0YG-01	1	lumB_pole	meth	2	cg26203572	0.024494718760252	1.9736047983169556	0.6568543314933777
TCGA-A2-A0YG-01	1	lumB_pole	meth	3	cg14982203	0.02176508493721485	1.5607225894927979	0.6568543314933777
TCGA-A2-A0YG-01	1	lumB_pole	meth	4	cg05923595	0.017863325774669647	1.1987336874008179	0.6568543314933777
TCGA-A2-A0YG-01	1	lumB_pole	meth	5	cg19084479	-0.01698487624526024	1.8319169282913208	0.6568543314933777
TCGA-A2-A0YG-01	1	lumB_pole	meth	6	cg03287339	0.013589351437985897	-1.0957075357437134	0.6568543314933777
TCGA-A2-A0YG-01	1	lumB_pole	meth	7	cg08479476	-0.012694022618234158	1.2322617769241333	0.6568543314933777
TCGA-A2-A0YG-01	1	lumB_pole	meth	8	cg23824801	0.011787176132202148	1.4413279294967651	0.6568543314933777
TCGA-A2-A0YG-01	1	lumB_pole	meth	9	cg14660676	-0.011785848997533321	1.337486743927002	0.6568543314933777
TCGA-A2-A0YG-01	1	lumB_pole	meth	10	cg05703053	0.011674303561449051	1.7638633251190186	0.6568543314933777
TCGA-A2-A0YI-01	0	lumB_pole	rna	1	RBBP7	0.0020234831608831882	2.0058696269989014	0.161691814661026
TCGA-A2-A0YI-01	0	lumB_pole	rna	2	KIF4A	-0.00195222906768322	-1.4950461387634277	0.161691814661026
TCGA-A2-A0YI-01	0	lumB_pole	rna	3	CCNB2	-0.0018876501126214862	-1.2448976039886475	0.161691814661026
TCGA-A2-A0YI-01	0	lumB_pole	rna	4	TTK	-0.0018299156799912453	-1.461053490638733	0.161691814661026
TCGA-A2-A0YI-01	0	lumB_pole	rna	5	HNRNPA2B1	-0.001747637870721519	-1.6387991905212402	0.161691814661026
TCGA-A2-A0YI-01	0	lumB_pole	rna	6	TPX2	-0.0016987619455903769	-1.9199551343917847	0.161691814661026
TCGA-A2-A0YI-01	0	lumB_pole	rna	7	PSMB2	0.0016139898216351867	-1.7884865999221802	0.161691814661026
TCGA-A2-A0YI-01	0	lumB_pole	rna	8	NDC80	-0.0014805481769144535	-1.672717809677124	0.161691814661026
TCGA-A2-A0YI-01	0	lumB_pole	rna	9	DLGAP5	-0.0014284233329817653	-1.4175853729248047	0.161691814661026
TCGA-A2-A0YI-01	0	lumB_pole	rna	10	PLK1	-0.0014023517724126577	-1.6922762393951416	0.161691814661026
TCGA-A2-A0YI-01	0	lumB_pole	meth	1	cg06741896	0.011887720786035061	1.862023115158081	0.161691814661026
TCGA-A2-A0YI-01	0	lumB_pole	meth	2	cg16236270	0.011678721755743027	0.9808787107467651	0.161691814661026
TCGA-A2-A0YI-01	0	lumB_pole	meth	3	cg01252526	0.010789483785629272	-0.8704964518547058	0.161691814661026
TCGA-A2-A0YI-01	0	lumB_pole	meth	4	cg03287339	0.009031812660396099	-0.9730945229530334	0.161691814661026
TCGA-A2-A0YI-01	0	lumB_pole	meth	5	cg14982203	0.006039573810994625	1.139165997505188	0.161691814661026
TCGA-A2-A0YI-01	0	lumB_pole	meth	6	cg08169949	0.0055646589025855064	-0.9913893938064575	0.161691814661026
TCGA-A2-A0YI-01	0	lumB_pole	meth	7	cg15318546	-0.004772971849888563	1.3194224834442139	0.161691814661026
TCGA-A2-A0YI-01	0	lumB_pole	meth	8	cg07809589	0.004636652301996946	-1.5565946102142334	0.161691814661026
TCGA-A2-A0YI-01	0	lumB_pole	meth	9	cg16898193	-0.00441679498180747	1.1876887083053589	0.161691814661026
TCGA-A2-A0YI-01	0	lumB_pole	meth	10	cg15742848	-0.004397018346935511	-0.8511598706245422	0.161691814661026
TCGA-A7-A0D9-01	0	lumB_pole	rna	1	PSMA4	0.011268222704529762	5.591491222381592	0.176810622215271
TCGA-A7-A0D9-01	0	lumB_pole	rna	2	CSE1L	0.009337910450994968	5.2025909423828125	0.176810622215271
TCGA-A7-A0D9-01	0	lumB_pole	rna	3	TIPIN	0.006506061647087336	3.7146289348602295	0.176810622215271
TCGA-A7-A0D9-01	0	lumB_pole	rna	4	SMAD3	-0.006073333323001862	3.7086353302001953	0.176810622215271
TCGA-A7-A0D9-01	0	lumB_pole	rna	5	COX5A	0.005227961111813784	1.6030471324920654	0.176810622215271
TCGA-A7-A0D9-01	0	lumB_pole	rna	6	DCTPP1	-0.0049138120375573635	-2.0793633460998535	0.176810622215271
TCGA-A7-A0D9-01	0	lumB_pole	rna	7	AIMP2	0.004617670550942421	1.2283583879470825	0.176810622215271
TCGA-A7-A0D9-01	0	lumB_pole	rna	8	CDC7	-0.004178968258202076	-2.3784565925598145	0.176810622215271
TCGA-A7-A0D9-01	0	lumB_pole	rna	9	CKS1B	-0.003938027657568455	-3.1307458877563477	0.176810622215271
TCGA-A7-A0D9-01	0	lumB_pole	rna	10	GINS4	0.0039052257779985666	2.6568593978881836	0.176810622215271
TCGA-A7-A0D9-01	0	lumB_pole	meth	1	cg14982203	0.019490011036396027	2.1136891841888428	0.176810622215271
TCGA-A7-A0D9-01	0	lumB_pole	meth	2	cg05923595	0.01537442859262228	1.6589305400848389	0.176810622215271
TCGA-A7-A0D9-01	0	lumB_pole	meth	3	cg16236270	0.010712673887610435	1.1714586019515991	0.176810622215271
TCGA-A7-A0D9-01	0	lumB_pole	meth	4	cg13800209	-0.009315711446106434	-1.7279311418533325	0.176810622215271
TCGA-A7-A0D9-01	0	lumB_pole	meth	5	cg26203572	0.009200156666338444	2.179232358932495	0.176810622215271
TCGA-A7-A0D9-01	0	lumB_pole	meth	6	cg07688604	0.007947959937155247	1.4514589309692383	0.176810622215271
TCGA-A7-A0D9-01	0	lumB_pole	meth	7	cg01252526	-0.007329445797950029	0.6921578645706177	0.176810622215271
TCGA-A7-A0D9-01	0	lumB_pole	meth	8	cg08479476	-0.007044857833534479	1.0003560781478882	0.176810622215271
TCGA-A7-A0D9-01	0	lumB_pole	meth	9	cg02852791	-0.00672280415892601	1.2625449895858765	0.176810622215271
TCGA-A7-A0D9-01	0	lumB_pole	meth	10	cg22730327	0.006717943120747805	1.4587267637252808	0.176810622215271
TCGA-A7-A2KD-01	1	lumB_pole	rna	1	ODC1	-0.03449981287121773	3.1468863487243652	0.6112086772918701
TCGA-A7-A2KD-01	1	lumB_pole	rna	2	C1QBP	-0.032707832753658295	-2.583437919616699	0.6112086772918701
TCGA-A7-A2KD-01	1	lumB_pole	rna	3	NDC80	0.02519248239696026	1.6228333711624146	0.6112086772918701
TCGA-A7-A2KD-01	1	lumB_pole	rna	4	PSMB3	0.025030037388205528	4.9630608558654785	0.6112086772918701
TCGA-A7-A2KD-01	1	lumB_pole	rna	5	MEIS2	0.016922270879149437	-1.090816855430603	0.6112086772918701
TCGA-A7-A2KD-01	1	lumB_pole	rna	6	SMAD3	-0.016480276361107826	1.2613540887832642	0.6112086772918701
TCGA-A7-A2KD-01	1	lumB_pole	rna	7	DSCC1	0.016119476407766342	1.015237808227539	0.6112086772918701
TCGA-A7-A2KD-01	1	lumB_pole	rna	8	BIRC5	0.015666887164115906	1.5797070264816284	0.6112086772918701
TCGA-A7-A2KD-01	1	lumB_pole	rna	9	TP53	-0.015252439305186272	-2.9429290294647217	0.6112086772918701
TCGA-A7-A2KD-01	1	lumB_pole	rna	10	RBL1	0.014924486167728901	2.4907236099243164	0.6112086772918701
TCGA-A7-A2KD-01	1	lumB_pole	meth	1	cg19757631	-0.0385381318628788	1.8195134401321411	0.6112086772918701
TCGA-A7-A2KD-01	1	lumB_pole	meth	2	cg24800655	-0.029979754239320755	-1.3834501504898071	0.6112086772918701
TCGA-A7-A2KD-01	1	lumB_pole	meth	3	cg16236270	0.02981075830757618	1.079242467880249	0.6112086772918701
TCGA-A7-A2KD-01	1	lumB_pole	meth	4	cg17642369	0.02564953826367855	-1.776090145111084	0.6112086772918701
TCGA-A7-A2KD-01	1	lumB_pole	meth	5	cg06472166	0.025555087253451347	-1.9294087886810303	0.6112086772918701
TCGA-A7-A2KD-01	1	lumB_pole	meth	6	cg08479476	-0.02411162666976452	1.468505859375	0.6112086772918701
TCGA-A7-A2KD-01	1	lumB_pole	meth	7	cg14660676	0.023307830095291138	-0.8111194968223572	0.6112086772918701
TCGA-A7-A2KD-01	1	lumB_pole	meth	8	cg23843505	-0.023293664678931236	-1.4216405153274536	0.6112086772918701
TCGA-A7-A2KD-01	1	lumB_pole	meth	9	cg19595750	-0.023224331438541412	-1.2484570741653442	0.6112086772918701
TCGA-A7-A2KD-01	1	lumB_pole	meth	10	cg15902390	0.02130858413875103	-1.5808460712432861	0.6112086772918701
TCGA-A7-A3J1-01	0	lumB_pole	rna	1	MNAT1	-0.0026190292555838823	-2.413417339324951	0.1427941918373108
TCGA-A7-A3J1-01	0	lumB_pole	rna	2	PAICS	-0.0024958020076155663	-2.1074676513671875	0.1427941918373108
TCGA-A7-A3J1-01	0	lumB_pole	rna	3	TUBB	-0.0021858292166143656	-2.9786300659179688	0.1427941918373108
TCGA-A7-A3J1-01	0	lumB_pole	rna	4	COX5A	-0.0020232629030942917	-1.6884547472000122	0.1427941918373108
TCGA-A7-A3J1-01	0	lumB_pole	rna	5	DLGAP5	-0.0020011698361486197	-1.861193299293518	0.1427941918373108
TCGA-A7-A3J1-01	0	lumB_pole	rna	6	HDAC2	-0.0018953860271722078	-2.1745386123657227	0.1427941918373108
TCGA-A7-A3J1-01	0	lumB_pole	rna	7	TXNL4A	-0.0017911088652908802	-1.0529088973999023	0.1427941918373108
TCGA-A7-A3J1-01	0	lumB_pole	rna	8	NBN	-0.001772411516867578	-1.3500937223434448	0.1427941918373108
TCGA-A7-A3J1-01	0	lumB_pole	rna	9	CCNB2	-0.0017419684445485473	-1.2792246341705322	0.1427941918373108
TCGA-A7-A3J1-01	0	lumB_pole	rna	10	APEX1	0.0017354722367599607	-2.3757987022399902	0.1427941918373108
TCGA-A7-A3J1-01	0	lumB_pole	meth	1	cg16236270	0.005851633846759796	0.9823250770568848	0.1427941918373108
TCGA-A7-A3J1-01	0	lumB_pole	meth	2	cg10304922	0.004802948795258999	-1.064116358757019	0.1427941918373108
TCGA-A7-A3J1-01	0	lumB_pole	meth	3	cg04726821	0.004505061078816652	1.044783353805542	0.1427941918373108
TCGA-A7-A3J1-01	0	lumB_pole	meth	4	cg19595750	-0.00368492747657001	-1.0818922519683838	0.1427941918373108
TCGA-A7-A3J1-01	0	lumB_pole	meth	5	cg22730327	0.0035617488902062178	1.0810744762420654	0.1427941918373108
TCGA-A7-A3J1-01	0	lumB_pole	meth	6	cg24800655	-0.0035578112583607435	-1.0588581562042236	0.1427941918373108
TCGA-A7-A3J1-01	0	lumB_pole	meth	7	cg02852791	-0.0031514838337898254	0.500171422958374	0.1427941918373108
TCGA-A7-A3J1-01	0	lumB_pole	meth	8	cg14660676	-0.0031269413884729147	0.9898809790611267	0.1427941918373108
TCGA-A7-A3J1-01	0	lumB_pole	meth	9	cg06539449	-0.0028546047396957874	0.9514889121055603	0.1427941918373108
TCGA-A7-A3J1-01	0	lumB_pole	meth	10	cg21109167	0.0028326017782092094	1.3258363008499146	0.1427941918373108
TCGA-AC-A23E-01	0	lumB_pole	rna	1	PGK1	0.004066375084221363	4.151974201202393	0.14826183021068573
TCGA-AC-A23E-01	0	lumB_pole	rna	2	FBRSL1	0.0037353697698563337	-2.574904441833496	0.14826183021068573
TCGA-AC-A23E-01	0	lumB_pole	rna	3	HNRNPA2B1	-0.002952032722532749	-1.8849986791610718	0.14826183021068573
TCGA-AC-A23E-01	0	lumB_pole	rna	4	HDAC2	0.002712279325351119	1.4142168760299683	0.14826183021068573
TCGA-AC-A23E-01	0	lumB_pole	rna	5	DBF4	-0.002175967674702406	-1.264548420906067	0.14826183021068573
TCGA-AC-A23E-01	0	lumB_pole	rna	6	COX5A	-0.002144998637959361	-1.2231026887893677	0.14826183021068573
TCGA-AC-A23E-01	0	lumB_pole	rna	7	IMPDH2	-0.0019102214137092233	1.6746635437011719	0.14826183021068573
TCGA-AC-A23E-01	0	lumB_pole	rna	8	RPS10	-0.0018248208798468113	1.3926666975021362	0.14826183021068573
TCGA-AC-A23E-01	0	lumB_pole	rna	9	TIPIN	-0.0017859020736068487	-2.174713373184204	0.14826183021068573
TCGA-AC-A23E-01	0	lumB_pole	rna	10	POLE4	0.0017760238843038678	-1.3056401014328003	0.14826183021068573
TCGA-AC-A23E-01	0	lumB_pole	meth	1	cg25134328	0.006073839031159878	-1.113852858543396	0.14826183021068573
TCGA-AC-A23E-01	0	lumB_pole	meth	2	cg17090968	0.005831759423017502	1.6623440980911255	0.14826183021068573
TCGA-AC-A23E-01	0	lumB_pole	meth	3	cg03287339	-0.005625403486192226	1.0972424745559692	0.14826183021068573
TCGA-AC-A23E-01	0	lumB_pole	meth	4	cg04726821	0.005622203927487135	1.4892252683639526	0.14826183021068573
TCGA-AC-A23E-01	0	lumB_pole	meth	5	cg01252526	-0.005487885791808367	1.270220160484314	0.14826183021068573
TCGA-AC-A23E-01	0	lumB_pole	meth	6	cg21116267	0.004702809266746044	1.1775541305541992	0.14826183021068573
TCGA-AC-A23E-01	0	lumB_pole	meth	7	cg15318546	-0.00463401572778821	1.032535433769226	0.14826183021068573
TCGA-AC-A23E-01	0	lumB_pole	meth	8	cg05703053	0.00462730647996068	1.1871275901794434	0.14826183021068573
TCGA-AC-A23E-01	0	lumB_pole	meth	9	cg02852791	-0.004607715643942356	0.6330122947692871	0.14826183021068573
TCGA-AC-A23E-01	0	lumB_pole	meth	10	cg06741896	0.004584121983498335	1.5706284046173096	0.14826183021068573
TCGA-AC-A2BM-01	1	lumB_pole	rna	1	HDDC2	-0.04798269644379616	-4.469560146331787	0.6046676635742188
TCGA-AC-A2BM-01	1	lumB_pole	rna	2	SYNCRIP	-0.031675856560468674	-3.3411130905151367	0.6046676635742188
TCGA-AC-A2BM-01	1	lumB_pole	rna	3	SLC38A1	0.031549494713544846	-4.401381969451904	0.6046676635742188
TCGA-AC-A2BM-01	1	lumB_pole	rna	4	SERBP1	0.029825787991285324	-2.7551662921905518	0.6046676635742188
TCGA-AC-A2BM-01	1	lumB_pole	rna	5	RANBP1	0.029705362394452095	1.3206506967544556	0.6046676635742188
TCGA-AC-A2BM-01	1	lumB_pole	rna	6	PSMD14	-0.026814501732587814	-2.2274160385131836	0.6046676635742188
TCGA-AC-A2BM-01	1	lumB_pole	rna	7	EFNA5	0.02577536553144455	-1.5587948560714722	0.6046676635742188
TCGA-AC-A2BM-01	1	lumB_pole	rna	8	MEIS1	0.022191481664776802	-2.454458475112915	0.6046676635742188
TCGA-AC-A2BM-01	1	lumB_pole	rna	9	RAD51C	-0.0219029001891613	-1.9057859182357788	0.6046676635742188
TCGA-AC-A2BM-01	1	lumB_pole	rna	10	YTHDC1	-0.02135181613266468	1.8281536102294922	0.6046676635742188
TCGA-AC-A2BM-01	1	lumB_pole	meth	1	cg08169949	-0.03002585656940937	1.4086288213729858	0.6046676635742188
TCGA-AC-A2BM-01	1	lumB_pole	meth	2	cg20687242	-0.027004487812519073	-1.0412986278533936	0.6046676635742188
TCGA-AC-A2BM-01	1	lumB_pole	meth	3	cg05617413	0.026263868436217308	1.3103229999542236	0.6046676635742188
TCGA-AC-A2BM-01	1	lumB_pole	meth	4	cg09970590	-0.02590877190232277	1.0777539014816284	0.6046676635742188
TCGA-AC-A2BM-01	1	lumB_pole	meth	5	cg26708220	0.024522654712200165	-1.8167660236358643	0.6046676635742188
TCGA-AC-A2BM-01	1	lumB_pole	meth	6	cg01252526	0.024475108832120895	-1.0117939710617065	0.6046676635742188
TCGA-AC-A2BM-01	1	lumB_pole	meth	7	cg19516279	0.02381259948015213	1.1348187923431396	0.6046676635742188
TCGA-AC-A2BM-01	1	lumB_pole	meth	8	cg23824801	-0.023502975702285767	-1.1290796995162964	0.6046676635742188
TCGA-AC-A2BM-01	1	lumB_pole	meth	9	cg14982203	-0.023230258375406265	-1.0043834447860718	0.6046676635742188
TCGA-AC-A2BM-01	1	lumB_pole	meth	10	cg05923595	0.02227812632918358	1.041976809501648	0.6046676635742188
TCGA-AC-A2FB-01	0	lumB_pole	rna	1	NDUFAB1	-0.002090098802000284	-1.6102619171142578	0.1583351492881775
TCGA-AC-A2FB-01	0	lumB_pole	rna	2	NME1	-0.0017135950038209558	-1.4488680362701416	0.1583351492881775
TCGA-AC-A2FB-01	0	lumB_pole	rna	3	RPL34	-0.0016931110294535756	1.030525803565979	0.1583351492881775
TCGA-AC-A2FB-01	0	lumB_pole	rna	4	KIF18B	-0.001588725601322949	-1.0290937423706055	0.1583351492881775
TCGA-AC-A2FB-01	0	lumB_pole	rna	5	MT2A	0.0015207371907308698	1.6114543676376343	0.1583351492881775
TCGA-AC-A2FB-01	0	lumB_pole	rna	6	SMAD3	-0.0015114735579118133	1.522565484046936	0.1583351492881775
TCGA-AC-A2FB-01	0	lumB_pole	rna	7	ZW10	-0.0014417985221371055	-1.0175645351409912	0.1583351492881775
TCGA-AC-A2FB-01	0	lumB_pole	rna	8	CKS1B	-0.0014091611374169588	-1.039029836654663	0.1583351492881775
TCGA-AC-A2FB-01	0	lumB_pole	rna	9	MNAT1	-0.001386522315442562	-0.786687970161438	0.1583351492881775
TCGA-AC-A2FB-01	0	lumB_pole	rna	10	HNRNPA2B1	-0.001333400490693748	-0.8567728996276855	0.1583351492881775
TCGA-AC-A2FB-01	0	lumB_pole	meth	1	cg06741896	0.009290013462305069	1.5149352550506592	0.1583351492881775
TCGA-AC-A2FB-01	0	lumB_pole	meth	2	cg03287339	-0.008493033237755299	0.757571280002594	0.1583351492881775
TCGA-AC-A2FB-01	0	lumB_pole	meth	3	cg01252526	-0.006634039804339409	0.7586155533790588	0.1583351492881775
TCGA-AC-A2FB-01	0	lumB_pole	meth	4	cg12961607	0.004567930940538645	-1.003313422203064	0.1583351492881775
TCGA-AC-A2FB-01	0	lumB_pole	meth	5	cg27408285	0.00421206746250391	0.5956748127937317	0.1583351492881775
TCGA-AC-A2FB-01	0	lumB_pole	meth	6	cg25134328	0.0037404759787023067	-0.5196599364280701	0.1583351492881775
TCGA-AC-A2FB-01	0	lumB_pole	meth	7	cg06539449	-0.0034896719735115767	0.784328043460846	0.1583351492881775
TCGA-AC-A2FB-01	0	lumB_pole	meth	8	cg13181974	-0.0034391421359032393	-0.5447872877120972	0.1583351492881775
TCGA-AC-A2FB-01	0	lumB_pole	meth	9	cg26487157	0.0033980379812419415	-0.7652348875999451	0.1583351492881775
TCGA-AC-A2FB-01	0	lumB_pole	meth	10	cg08169949	0.003350532613694668	-1.0502175092697144	0.1583351492881775
TCGA-AC-A2FG-01	0	lumB_pole	rna	1	KIF4A	-0.0021700996439903975	-1.6479926109313965	0.15679022669792175
TCGA-AC-A2FG-01	0	lumB_pole	rna	2	CCNB2	-0.0021468542981892824	-1.3773950338363647	0.15679022669792175
TCGA-AC-A2FG-01	0	lumB_pole	rna	3	NUSAP1	-0.001345587894320488	-1.3481467962265015	0.15679022669792175
TCGA-AC-A2FG-01	0	lumB_pole	rna	4	COX5A	-0.001324369222857058	-1.235333800315857	0.15679022669792175
TCGA-AC-A2FG-01	0	lumB_pole	rna	5	CDC25B	0.0012751625617966056	-1.3098194599151611	0.15679022669792175
TCGA-AC-A2FG-01	0	lumB_pole	rna	6	RPL34	-0.0012501897290349007	0.9802456498146057	0.15679022669792175
TCGA-AC-A2FG-01	0	lumB_pole	rna	7	CENPA	-0.0012363721616566181	-1.9701305627822876	0.15679022669792175
TCGA-AC-A2FG-01	0	lumB_pole	rna	8	DMD	-0.0011436371132731438	1.567043423652649	0.15679022669792175
TCGA-AC-A2FG-01	0	lumB_pole	rna	9	KPNA2	-0.001131393015384674	-1.193098545074463	0.15679022669792175
TCGA-AC-A2FG-01	0	lumB_pole	rna	10	TACC3	-0.0010977410711348057	-1.4759389162063599	0.15679022669792175
TCGA-AC-A2FG-01	0	lumB_pole	meth	1	cg21478921	0.010135512799024582	-2.4233436584472656	0.15679022669792175
TCGA-AC-A2FG-01	0	lumB_pole	meth	2	cg21116267	-0.00714852986857295	-0.8882158398628235	0.15679022669792175
TCGA-AC-A2FG-01	0	lumB_pole	meth	3	cg03287339	0.0060927667655050755	-0.9080599546432495	0.15679022669792175
TCGA-AC-A2FG-01	0	lumB_pole	meth	4	cg14982203	-0.00474258279427886	-0.9975516200065613	0.15679022669792175
TCGA-AC-A2FG-01	0	lumB_pole	meth	5	cg16898193	0.00445061968639493	-0.6823740005493164	0.15679022669792175
TCGA-AC-A2FG-01	0	lumB_pole	meth	6	cg01252526	0.004275399725884199	-0.8591209053993225	0.15679022669792175
TCGA-AC-A2FG-01	0	lumB_pole	meth	7	cg16236270	-0.0035817825701087713	-0.40634116530418396	0.15679022669792175
TCGA-AC-A2FG-01	0	lumB_pole	meth	8	cg22730327	-0.003495441284030676	-0.6382707357406616	0.15679022669792175
TCGA-AC-A2FG-01	0	lumB_pole	meth	9	cg23824801	0.003230251371860504	0.4744196832180023	0.15679022669792175
TCGA-AC-A2FG-01	0	lumB_pole	meth	10	cg15742848	-0.0032029482536017895	-0.44850054383277893	0.15679022669792175
TCGA-AN-A0XV-01	0	lumB_pole	rna	1	COPS5	0.08989861607551575	4.204566955566406	0.43901577591896057
TCGA-AN-A0XV-01	0	lumB_pole	rna	2	MRPL9	-0.05959339439868927	-1.559690237045288	0.43901577591896057
TCGA-AN-A0XV-01	0	lumB_pole	rna	3	DSCC1	0.05697127804160118	1.3968006372451782	0.43901577591896057
TCGA-AN-A0XV-01	0	lumB_pole	rna	4	NBN	0.05452484264969826	2.217576503753662	0.43901577591896057
TCGA-AN-A0XV-01	0	lumB_pole	rna	5	HDGF	-0.05129963904619217	-1.401806116104126	0.43901577591896057
TCGA-AN-A0XV-01	0	lumB_pole	rna	6	MEIS2	-0.04517084360122681	1.498421549797058	0.43901577591896057
TCGA-AN-A0XV-01	0	lumB_pole	rna	7	ZW10	0.04267429932951927	1.2179148197174072	0.43901577591896057
TCGA-AN-A0XV-01	0	lumB_pole	rna	8	DCK	0.04106384888291359	2.0431230068206787	0.43901577591896057
TCGA-AN-A0XV-01	0	lumB_pole	rna	9	DCTPP1	-0.03772253543138504	-1.3570258617401123	0.43901577591896057
TCGA-AN-A0XV-01	0	lumB_pole	rna	10	CYC1	-0.033414680510759354	-1.6303081512451172	0.43901577591896057
TCGA-AN-A0XV-01	0	lumB_pole	meth	1	cg14660676	0.05399945750832558	-1.4227880239486694	0.43901577591896057
TCGA-AN-A0XV-01	0	lumB_pole	meth	2	cg21478921	0.04119991883635521	-2.597581148147583	0.43901577591896057
TCGA-AN-A0XV-01	0	lumB_pole	meth	3	cg16236270	0.031374577432870865	0.8362259268760681	0.43901577591896057
TCGA-AN-A0XV-01	0	lumB_pole	meth	4	cg08169949	-0.03125067427754402	1.4493560791015625	0.43901577591896057
TCGA-AN-A0XV-01	0	lumB_pole	meth	5	cg03287339	0.030728928744792938	-0.9358135461807251	0.43901577591896057
TCGA-AN-A0XV-01	0	lumB_pole	meth	6	cg01252526	0.02978537604212761	-1.1159709692001343	0.43901577591896057
TCGA-AN-A0XV-01	0	lumB_pole	meth	7	cg04726821	-0.026705218479037285	-0.7760792374610901	0.43901577591896057
TCGA-AN-A0XV-01	0	lumB_pole	meth	8	cg23824801	0.025279991328716278	0.8713181018829346	0.43901577591896057
TCGA-AN-A0XV-01	0	lumB_pole	meth	9	cg06719445	-0.02387654222548008	0.9133409857749939	0.43901577591896057
TCGA-AN-A0XV-01	0	lumB_pole	meth	10	cg24607398	-0.022988824173808098	-1.2184207439422607	0.43901577591896057
TCGA-AO-A03M-01	0	lumB_pole	rna	1	CHMP1A	-0.04098240286111832	2.2743773460388184	0.6240401864051819
TCGA-AO-A03M-01	0	lumB_pole	rna	2	TRIM28	-0.03698994219303131	2.5016746520996094	0.6240401864051819
TCGA-AO-A03M-01	0	lumB_pole	rna	3	RBL1	0.035809192806482315	3.9811689853668213	0.6240401864051819
TCGA-AO-A03M-01	0	lumB_pole	rna	4	CBX5	-0.031421780586242676	-2.541731357574463	0.6240401864051819
TCGA-AO-A03M-01	0	lumB_pole	rna	5	FBRSL1	-0.030625084415078163	2.0418200492858887	0.6240401864051819
TCGA-AO-A03M-01	0	lumB_pole	rna	6	LUC7L3	-0.027828214690089226	-1.6495736837387085	0.6240401864051819
TCGA-AO-A03M-01	0	lumB_pole	rna	7	RANBP1	0.027030041441321373	1.5266530513763428	0.6240401864051819
TCGA-AO-A03M-01	0	lumB_pole	rna	8	SNRPB2	0.025839991867542267	7.216549873352051	0.6240401864051819
TCGA-AO-A03M-01	0	lumB_pole	rna	9	TUBB	-0.02547636441886425	3.1694929599761963	0.6240401864051819
TCGA-AO-A03M-01	0	lumB_pole	rna	10	SMC4	-0.02536911517381668	-1.4101202487945557	0.6240401864051819
TCGA-AO-A03M-01	0	lumB_pole	meth	1	cg05617413	0.0322984904050827	1.1151314973831177	0.6240401864051819
TCGA-AO-A03M-01	0	lumB_pole	meth	2	cg16236270	0.029871057718992233	0.9295268654823303	0.6240401864051819
TCGA-AO-A03M-01	0	lumB_pole	meth	3	cg14982203	-0.029693404212594032	-0.8737772107124329	0.6240401864051819
TCGA-AO-A03M-01	0	lumB_pole	meth	4	cg01252526	-0.02811906300485134	0.6792854070663452	0.6240401864051819
TCGA-AO-A03M-01	0	lumB_pole	meth	5	cg05703053	0.024559134617447853	1.0129610300064087	0.6240401864051819
TCGA-AO-A03M-01	0	lumB_pole	meth	6	cg25134328	0.02325916849076748	-1.2064493894577026	0.6240401864051819
TCGA-AO-A03M-01	0	lumB_pole	meth	7	cg23824801	0.021174483001232147	0.47922825813293457	0.6240401864051819
TCGA-AO-A03M-01	0	lumB_pole	meth	8	cg19595750	0.020078619942069054	0.9632078409194946	0.6240401864051819
TCGA-AO-A03M-01	0	lumB_pole	meth	9	cg24800655	0.019709648564457893	0.8564364910125732	0.6240401864051819
TCGA-AO-A03M-01	0	lumB_pole	meth	10	cg15742848	0.018319301307201385	1.0249629020690918	0.6240401864051819
TCGA-AO-A03N-01	1	lumB_pole	rna	1	MRPL23	-0.06577359884977341	2.2610435485839844	0.37942513823509216
TCGA-AO-A03N-01	1	lumB_pole	rna	2	HIRA	-0.06525611132383347	-2.7075963020324707	0.37942513823509216
TCGA-AO-A03N-01	1	lumB_pole	rna	3	PAN2	-0.0644386038184166	-2.563605308532715	0.37942513823509216
TCGA-AO-A03N-01	1	lumB_pole	rna	4	RFC1	-0.05696563422679901	-4.134035587310791	0.37942513823509216
TCGA-AO-A03N-01	1	lumB_pole	rna	5	MYC	0.05664829909801483	-2.8461549282073975	0.37942513823509216
TCGA-AO-A03N-01	1	lumB_pole	rna	6	RPL14	-0.05005425587296486	2.1105003356933594	0.37942513823509216
TCGA-AO-A03N-01	1	lumB_pole	rna	7	U2AF1	-0.046993453055620193	2.668849468231201	0.37942513823509216
TCGA-AO-A03N-01	1	lumB_pole	rna	8	DHX15	-0.0466088242828846	-2.652021646499634	0.37942513823509216
TCGA-AO-A03N-01	1	lumB_pole	rna	9	CASP8AP2	-0.04575158655643463	-1.465367317199707	0.37942513823509216
TCGA-AO-A03N-01	1	lumB_pole	rna	10	CKS2	0.04447205737233162	1.5914192199707031	0.37942513823509216
TCGA-AO-A03N-01	1	lumB_pole	meth	1	cg03287339	-0.05650588497519493	1.236838936805725	0.37942513823509216
TCGA-AO-A03N-01	1	lumB_pole	meth	2	cg09970590	0.05579259246587753	-1.6888121366500854	0.37942513823509216
TCGA-AO-A03N-01	1	lumB_pole	meth	3	cg01252526	-0.048956435173749924	1.398645281791687	0.37942513823509216
TCGA-AO-A03N-01	1	lumB_pole	meth	4	cg17642369	0.04851850867271423	-1.924001932144165	0.37942513823509216
TCGA-AO-A03N-01	1	lumB_pole	meth	5	cg13800209	0.041400447487831116	1.4293670654296875	0.37942513823509216
TCGA-AO-A03N-01	1	lumB_pole	meth	6	cg19084479	0.04109416529536247	-1.322118878364563	0.37942513823509216
TCGA-AO-A03N-01	1	lumB_pole	meth	7	cg04726821	0.03862273320555687	1.8234935998916626	0.37942513823509216
TCGA-AO-A03N-01	1	lumB_pole	meth	8	cg25134328	0.038096148520708084	-1.3129167556762695	0.37942513823509216
TCGA-AO-A03N-01	1	lumB_pole	meth	9	cg16236270	0.035751909017562866	0.9313351511955261	0.37942513823509216
TCGA-AO-A03N-01	1	lumB_pole	meth	10	cg26203572	-0.033803295344114304	-1.2976722717285156	0.37942513823509216
TCGA-AO-A0JA-01	0	lumB_pole	rna	1	SMC4	-0.03956400603055954	-1.4704655408859253	0.3465217351913452
TCGA-AO-A0JA-01	0	lumB_pole	rna	2	NBN	0.032310135662555695	1.6222245693206787	0.3465217351913452
TCGA-AO-A0JA-01	0	lumB_pole	rna	3	TGFB1	-0.0320793054997921	1.3937994241714478	0.3465217351913452
TCGA-AO-A0JA-01	0	lumB_pole	rna	4	NOTCH2	-0.02924688532948494	1.6561880111694336	0.3465217351913452
TCGA-AO-A0JA-01	0	lumB_pole	rna	5	RPS6KA5	-0.025684352964162827	1.2915823459625244	0.3465217351913452
TCGA-AO-A0JA-01	0	lumB_pole	rna	6	SAP30	-0.025569496676325798	-1.2006299495697021	0.3465217351913452
TCGA-AO-A0JA-01	0	lumB_pole	rna	7	SNRPD1	-0.024332616478204727	-1.3457810878753662	0.3465217351913452
TCGA-AO-A0JA-01	0	lumB_pole	rna	8	EIF4G2	-0.02368163876235485	1.419502854347229	0.3465217351913452
TCGA-AO-A0JA-01	0	lumB_pole	rna	9	HNRNPA2B1	0.02307260036468506	0.8659948110580444	0.3465217351913452
TCGA-AO-A0JA-01	0	lumB_pole	rna	10	PTTG3P	-0.022311503067612648	-1.0192219018936157	0.3465217351913452
TCGA-AO-A0JA-01	0	lumB_pole	meth	1	cg16236270	-0.04540545120835304	-1.2514746189117432	0.3465217351913452
TCGA-AO-A0JA-01	0	lumB_pole	meth	2	cg14982203	0.0417175218462944	1.766075849533081	0.3465217351913452
TCGA-AO-A0JA-01	0	lumB_pole	meth	3	cg24800655	0.03725175932049751	1.3161070346832275	0.3465217351913452
TCGA-AO-A0JA-01	0	lumB_pole	meth	4	cg05923595	0.032459698617458344	1.04237961769104	0.3465217351913452
TCGA-AO-A0JA-01	0	lumB_pole	meth	5	cg25694349	0.03047061152756214	1.4821609258651733	0.3465217351913452
TCGA-AO-A0JA-01	0	lumB_pole	meth	6	cg14660676	-0.029270395636558533	1.0415180921554565	0.3465217351913452
TCGA-AO-A0JA-01	0	lumB_pole	meth	7	cg25134328	0.02745763398706913	-1.300545573234558	0.3465217351913452
TCGA-AO-A0JA-01	0	lumB_pole	meth	8	cg26203572	-0.02216522954404354	-0.9071362018585205	0.3465217351913452
TCGA-AO-A0JA-01	0	lumB_pole	meth	9	cg19084479	-0.021372418850660324	0.9718764424324036	0.3465217351913452
TCGA-AO-A0JA-01	0	lumB_pole	meth	10	cg05703053	0.021238896995782852	0.9293152689933777	0.3465217351913452
TCGA-AO-A0JC-01	0	lumB_pole	rna	1	CKS1B	-0.03421572595834732	-1.4637335538864136	0.22891688346862793
TCGA-AO-A0JC-01	0	lumB_pole	rna	2	TACC3	0.028170645236968994	1.8094100952148438	0.22891688346862793
TCGA-AO-A0JC-01	0	lumB_pole	rna	3	SMC6	0.027283402159810066	2.725111961364746	0.22891688346862793
TCGA-AO-A0JC-01	0	lumB_pole	rna	4	LYAR	0.026760809123516083	2.394106864929199	0.22891688346862793
TCGA-AO-A0JC-01	0	lumB_pole	rna	5	DCTPP1	-0.024465197697281837	-2.305508613586426	0.22891688346862793
TCGA-AO-A0JC-01	0	lumB_pole	rna	6	PTTG3P	0.024029063060879707	1.4430451393127441	0.22891688346862793
TCGA-AO-A0JC-01	0	lumB_pole	rna	7	HDGF	-0.023444458842277527	-1.9399954080581665	0.22891688346862793
TCGA-AO-A0JC-01	0	lumB_pole	rna	8	UCK2	-0.02301466464996338	-1.619368314743042	0.22891688346862793
TCGA-AO-A0JC-01	0	lumB_pole	rna	9	AIMP2	-0.022930258885025978	-2.0148849487304688	0.22891688346862793
TCGA-AO-A0JC-01	0	lumB_pole	rna	10	FOXN3	-0.022926675155758858	1.6321550607681274	0.22891688346862793
TCGA-AO-A0JC-01	0	lumB_pole	meth	1	cg16236270	0.03412690758705139	1.1407197713851929	0.22891688346862793
TCGA-AO-A0JC-01	0	lumB_pole	meth	2	cg26203572	0.032309532165527344	2.038498640060425	0.22891688346862793
TCGA-AO-A0JC-01	0	lumB_pole	meth	3	cg14982203	-0.02538995072245598	-1.0895788669586182	0.22891688346862793
TCGA-AO-A0JC-01	0	lumB_pole	meth	4	cg16927242	0.021036094054579735	-2.0002284049987793	0.22891688346862793
TCGA-AO-A0JC-01	0	lumB_pole	meth	5	cg13224075	0.021030301228165627	1.4003700017929077	0.22891688346862793
TCGA-AO-A0JC-01	0	lumB_pole	meth	6	cg15902390	0.019711589440703392	-1.6106159687042236	0.22891688346862793
TCGA-AO-A0JC-01	0	lumB_pole	meth	7	cg16898193	0.018951425328850746	-0.9243260025978088	0.22891688346862793
TCGA-AO-A0JC-01	0	lumB_pole	meth	8	cg07809589	0.018003571778535843	-1.866744041442871	0.22891688346862793
TCGA-AO-A0JC-01	0	lumB_pole	meth	9	cg24800655	-0.01566379703581333	-0.7641043663024902	0.22891688346862793
TCGA-AO-A0JC-01	0	lumB_pole	meth	10	cg02852791	-0.01526509691029787	0.8803137540817261	0.22891688346862793
TCGA-AO-A0JI-01	0	lumB_pole	rna	1	ATAD2	0.06240454688668251	1.7518680095672607	0.3370596468448639
TCGA-AO-A0JI-01	0	lumB_pole	rna	2	IFRD1	-0.0499410480260849	-1.5774976015090942	0.3370596468448639
TCGA-AO-A0JI-01	0	lumB_pole	rna	3	SERBP1	0.04949985444545746	-2.8007922172546387	0.3370596468448639
TCGA-AO-A0JI-01	0	lumB_pole	rna	4	TGFB1	0.04295520856976509	-1.6008365154266357	0.3370596468448639
TCGA-AO-A0JI-01	0	lumB_pole	rna	5	CDK2	-0.042396437376737595	-1.4207541942596436	0.3370596468448639
TCGA-AO-A0JI-01	0	lumB_pole	rna	6	CKS1B	-0.040320899337530136	-1.278299331665039	0.3370596468448639
TCGA-AO-A0JI-01	0	lumB_pole	rna	7	HDGF	-0.03983422741293907	-1.6235982179641724	0.3370596468448639
TCGA-AO-A0JI-01	0	lumB_pole	rna	8	AK2	-0.03705627843737602	-3.118701457977295	0.3370596468448639
TCGA-AO-A0JI-01	0	lumB_pole	rna	9	EFNA5	0.03703202307224274	-1.1960105895996094	0.3370596468448639
TCGA-AO-A0JI-01	0	lumB_pole	rna	10	RPA2	0.03592625632882118	-2.258229970932007	0.3370596468448639
TCGA-AO-A0JI-01	0	lumB_pole	meth	1	cg14982203	0.06125446781516075	1.9662046432495117	0.3370596468448639
TCGA-AO-A0JI-01	0	lumB_pole	meth	2	cg14660676	-0.04156238213181496	1.5012140274047852	0.3370596468448639
TCGA-AO-A0JI-01	0	lumB_pole	meth	3	cg05923595	0.02889368310570717	1.4707415103912354	0.3370596468448639
TCGA-AO-A0JI-01	0	lumB_pole	meth	4	cg22730327	0.025858698412775993	1.5165692567825317	0.3370596468448639
TCGA-AO-A0JI-01	0	lumB_pole	meth	5	cg13800209	0.025537651032209396	1.4209210872650146	0.3370596468448639
TCGA-AO-A0JI-01	0	lumB_pole	meth	6	cg20402783	0.02466847375035286	1.558862566947937	0.3370596468448639
TCGA-AO-A0JI-01	0	lumB_pole	meth	7	cg20687242	-0.023830419406294823	-1.0798712968826294	0.3370596468448639
TCGA-AO-A0JI-01	0	lumB_pole	meth	8	cg09970590	-0.021521098911762238	1.048331379890442	0.3370596468448639
TCGA-AO-A0JI-01	0	lumB_pole	meth	9	cg16898193	-0.020196571946144104	2.1678128242492676	0.3370596468448639
TCGA-AO-A0JI-01	0	lumB_pole	meth	10	cg07688604	0.01968175731599331	1.5641354322433472	0.3370596468448639
TCGA-AO-A126-01	0	lumB_pole	rna	1	RPS6KA5	0.004083402454853058	-3.1283740997314453	0.16753394901752472
TCGA-AO-A126-01	0	lumB_pole	rna	2	RPL34	-0.003109936835244298	2.6595458984375	0.16753394901752472
TCGA-AO-A126-01	0	lumB_pole	rna	3	CSTF2	0.0029595764353871346	-3.2427573204040527	0.16753394901752472
TCGA-AO-A126-01	0	lumB_pole	rna	4	CKAP5	-0.0029342067427933216	-2.911943197250366	0.16753394901752472
TCGA-AO-A126-01	0	lumB_pole	rna	5	SMARCC1	0.0027078574057668447	-3.0599334239959717	0.16753394901752472
TCGA-AO-A126-01	0	lumB_pole	rna	6	COX5A	0.0026619441341608763	1.9554756879806519	0.16753394901752472
TCGA-AO-A126-01	0	lumB_pole	rna	7	RAD50	0.002517177490517497	-2.6456620693206787	0.16753394901752472
TCGA-AO-A126-01	0	lumB_pole	rna	8	RBL1	-0.0022987595293670893	-2.9071409702301025	0.16753394901752472
TCGA-AO-A126-01	0	lumB_pole	rna	9	CLNS1A	-0.0022852052934467793	1.655126929283142	0.16753394901752472
TCGA-AO-A126-01	0	lumB_pole	rna	10	ETF1	0.0022754294332116842	-1.8173118829727173	0.16753394901752472
TCGA-AO-A126-01	0	lumB_pole	meth	1	cg14982203	0.015209458768367767	1.9718307256698608	0.16753394901752472
TCGA-AO-A126-01	0	lumB_pole	meth	2	cg21116267	0.008846472948789597	1.655003309249878	0.16753394901752472
TCGA-AO-A126-01	0	lumB_pole	meth	3	cg03287339	0.007832963019609451	-1.2154208421707153	0.16753394901752472
TCGA-AO-A126-01	0	lumB_pole	meth	4	cg26487157	-0.006927851587533951	1.8694335222244263	0.16753394901752472
TCGA-AO-A126-01	0	lumB_pole	meth	5	cg08169949	0.006522747687995434	-1.0971152782440186	0.16753394901752472
TCGA-AO-A126-01	0	lumB_pole	meth	6	cg02852791	0.00628656754270196	-0.6761819124221802	0.16753394901752472
TCGA-AO-A126-01	0	lumB_pole	meth	7	cg16236270	-0.005965849384665489	-1.5932167768478394	0.16753394901752472
TCGA-AO-A126-01	0	lumB_pole	meth	8	cg25134328	-0.005629509687423706	1.790381669998169	0.16753394901752472
TCGA-AO-A126-01	0	lumB_pole	meth	9	cg22730327	0.00553745124489069	1.1892145872116089	0.16753394901752472
TCGA-AO-A126-01	0	lumB_pole	meth	10	cg14660676	-0.005364683456718922	1.0310227870941162	0.16753394901752472
TCGA-AO-A1KT-01	1	lumB_pole	rna	1	CASP8AP2	-0.04221006855368614	-2.562577486038208	0.5888410210609436
TCGA-AO-A1KT-01	1	lumB_pole	rna	2	POLA2	-0.03886000066995621	-1.701003909111023	0.5888410210609436
TCGA-AO-A1KT-01	1	lumB_pole	rna	3	EFNA5	-0.037444327026605606	1.5790585279464722	0.5888410210609436
TCGA-AO-A1KT-01	1	lumB_pole	rna	4	CLNS1A	-0.034949541091918945	2.0374252796173096	0.5888410210609436
TCGA-AO-A1KT-01	1	lumB_pole	rna	5	NBN	-0.03211506828665733	-1.3699703216552734	0.5888410210609436
TCGA-AO-A1KT-01	1	lumB_pole	rna	6	SMAD3	0.03101419098675251	-2.3555450439453125	0.5888410210609436
TCGA-AO-A1KT-01	1	lumB_pole	rna	7	IFRD1	0.030937721952795982	1.245189905166626	0.5888410210609436
TCGA-AO-A1KT-01	1	lumB_pole	rna	8	U2AF1	-0.027748148888349533	1.903402328491211	0.5888410210609436
TCGA-AO-A1KT-01	1	lumB_pole	rna	9	RRM1	0.027448948472738266	2.2903878688812256	0.5888410210609436
TCGA-AO-A1KT-01	1	lumB_pole	rna	10	CKS1B	0.027410048991441727	1.1535011529922485	0.5888410210609436
TCGA-AO-A1KT-01	1	lumB_pole	meth	1	cg14660676	0.046811092644929886	-1.8178327083587646	0.5888410210609436
TCGA-AO-A1KT-01	1	lumB_pole	meth	2	cg23824801	-0.040107935667037964	-1.4087212085723877	0.5888410210609436
TCGA-AO-A1KT-01	1	lumB_pole	meth	3	cg24800655	-0.03653211519122124	-1.4003853797912598	0.5888410210609436
TCGA-AO-A1KT-01	1	lumB_pole	meth	4	cg05923595	-0.035406891256570816	-1.6386085748672485	0.5888410210609436
TCGA-AO-A1KT-01	1	lumB_pole	meth	5	cg06719445	0.035036079585552216	-1.9699422121047974	0.5888410210609436
TCGA-AO-A1KT-01	1	lumB_pole	meth	6	cg01252526	0.032526686787605286	-1.0947164297103882	0.5888410210609436
TCGA-AO-A1KT-01	1	lumB_pole	meth	7	cg03287339	0.03233921900391579	-1.0878371000289917	0.5888410210609436
TCGA-AO-A1KT-01	1	lumB_pole	meth	8	cg13224075	0.030616194009780884	1.3408743143081665	0.5888410210609436
TCGA-AO-A1KT-01	1	lumB_pole	meth	9	cg02852791	0.029857831075787544	-1.6983892917633057	0.5888410210609436
TCGA-AO-A1KT-01	1	lumB_pole	meth	10	cg05703053	-0.02831171825528145	-1.1984955072402954	0.5888410210609436
TCGA-AR-A0TQ-01	1	lumB_pole	rna	1	BIRC5	0.014559618197381496	3.0226693153381348	0.6464644074440002
TCGA-AR-A0TQ-01	1	lumB_pole	rna	2	POLE	0.01348497997969389	2.156416416168213	0.6464644074440002
TCGA-AR-A0TQ-01	1	lumB_pole	rna	3	PSMB3	0.013039850629866123	4.465970039367676	0.6464644074440002
TCGA-AR-A0TQ-01	1	lumB_pole	rna	4	PSMD3	0.012806878425180912	2.805661201477051	0.6464644074440002
TCGA-AR-A0TQ-01	1	lumB_pole	rna	5	PPM1D	-0.012009985744953156	3.6648378372192383	0.6464644074440002
TCGA-AR-A0TQ-01	1	lumB_pole	rna	6	POLA2	0.011931288056075573	1.5609039068222046	0.6464644074440002
TCGA-AR-A0TQ-01	1	lumB_pole	rna	7	NDC80	0.008836634457111359	1.2093713283538818	0.6464644074440002
TCGA-AR-A0TQ-01	1	lumB_pole	rna	8	DSCC1	0.008402600884437561	1.3900762796401978	0.6464644074440002
TCGA-AR-A0TQ-01	1	lumB_pole	rna	9	TGFB1	-0.008366131223738194	1.477057933807373	0.6464644074440002
TCGA-AR-A0TQ-01	1	lumB_pole	rna	10	C1QBP	0.008355878293514252	1.6126362085342407	0.6464644074440002
TCGA-AR-A0TQ-01	1	lumB_pole	meth	1	cg26203572	0.039577800780534744	2.042407989501953	0.6464644074440002
TCGA-AR-A0TQ-01	1	lumB_pole	meth	2	cg14982203	0.029835551977157593	1.3268370628356934	0.6464644074440002
TCGA-AR-A0TQ-01	1	lumB_pole	meth	3	cg01252526	-0.024420859292149544	0.8343532681465149	0.6464644074440002
TCGA-AR-A0TQ-01	1	lumB_pole	meth	4	cg19516279	-0.02225898578763008	-1.614010214805603	0.6464644074440002
TCGA-AR-A0TQ-01	1	lumB_pole	meth	5	cg20687242	0.018792156130075455	1.406915307044983	0.6464644074440002
TCGA-AR-A0TQ-01	1	lumB_pole	meth	6	cg16236270	0.018595267087221146	1.046695590019226	0.6464644074440002
TCGA-AR-A0TQ-01	1	lumB_pole	meth	7	cg23824801	0.017589425668120384	1.3174126148223877	0.6464644074440002
TCGA-AR-A0TQ-01	1	lumB_pole	meth	8	cg03287339	-0.01664130948483944	0.9319634437561035	0.6464644074440002
TCGA-AR-A0TQ-01	1	lumB_pole	meth	9	cg25134328	0.016124168410897255	-1.06586754322052	0.6464644074440002
TCGA-AR-A0TQ-01	1	lumB_pole	meth	10	cg05703053	0.015696445479989052	1.0904958248138428	0.6464644074440002
TCGA-AR-A0TR-01	0	lumB_pole	rna	1	PHB2	0.0034404622856527567	-2.911158561706543	0.14309535920619965
TCGA-AR-A0TR-01	0	lumB_pole	rna	2	KIF4A	-0.002335113473236561	-1.1346843242645264	0.14309535920619965
TCGA-AR-A0TR-01	0	lumB_pole	rna	3	DMD	0.0022423032205551863	-2.119779109954834	0.14309535920619965
TCGA-AR-A0TR-01	0	lumB_pole	rna	4	RANBP1	-0.0019999356009066105	-1.885485053062439	0.14309535920619965
TCGA-AR-A0TR-01	0	lumB_pole	rna	5	FOXM1	-0.0018328706501051784	-1.7452781200408936	0.14309535920619965
TCGA-AR-A0TR-01	0	lumB_pole	rna	6	SMAD3	0.0017308497335761786	-1.1879791021347046	0.14309535920619965
TCGA-AR-A0TR-01	0	lumB_pole	rna	7	HELLS	-0.001724290195852518	-1.5479998588562012	0.14309535920619965
TCGA-AR-A0TR-01	0	lumB_pole	rna	8	MYC	-0.0016871449770405889	-3.2489938735961914	0.14309535920619965
TCGA-AR-A0TR-01	0	lumB_pole	rna	9	CDC7	-0.001661063521169126	-2.34637713432312	0.14309535920619965
TCGA-AR-A0TR-01	0	lumB_pole	rna	10	MYBL2	-0.0016410070238634944	-1.643553614616394	0.14309535920619965
TCGA-AR-A0TR-01	0	lumB_pole	meth	1	cg09840968	0.007851408794522285	2.080456495285034	0.14309535920619965
TCGA-AR-A0TR-01	0	lumB_pole	meth	2	cg03287339	-0.007478703279048204	1.8507325649261475	0.14309535920619965
TCGA-AR-A0TR-01	0	lumB_pole	meth	3	cg02852791	-0.0064911432564258575	1.2984707355499268	0.14309535920619965
TCGA-AR-A0TR-01	0	lumB_pole	meth	4	cg10752421	0.004365535918623209	-1.6318795680999756	0.14309535920619965
TCGA-AR-A0TR-01	0	lumB_pole	meth	5	cg14982203	0.004320540931075811	1.0286531448364258	0.14309535920619965
TCGA-AR-A0TR-01	0	lumB_pole	meth	6	cg05923595	0.003995944280177355	1.511038899421692	0.14309535920619965
TCGA-AR-A0TR-01	0	lumB_pole	meth	7	cg01252526	-0.0039606597274541855	1.4962362051010132	0.14309535920619965
TCGA-AR-A0TR-01	0	lumB_pole	meth	8	cg20687242	-0.003755788318812847	-1.1901894807815552	0.14309535920619965
TCGA-AR-A0TR-01	0	lumB_pole	meth	9	cg10990993	-0.0035601304844021797	-1.5848627090454102	0.14309535920619965
TCGA-AR-A0TR-01	0	lumB_pole	meth	10	cg06472166	-0.0035588943865150213	0.8785549998283386	0.14309535920619965
TCGA-AR-A1AU-01	0	lumB_pole	rna	1	ASF1A	-0.0059951115399599075	-4.452381610870361	0.16362912952899933
TCGA-AR-A1AU-01	0	lumB_pole	rna	2	CKAP5	0.005539105739444494	1.9484584331512451	0.16362912952899933
TCGA-AR-A1AU-01	0	lumB_pole	rna	3	CDC7	-0.005524183623492718	-2.2287158966064453	0.16362912952899933
TCGA-AR-A1AU-01	0	lumB_pole	rna	4	MNAT1	-0.005199601873755455	-1.3387930393218994	0.16362912952899933
TCGA-AR-A1AU-01	0	lumB_pole	rna	5	PAICS	0.004986424930393696	1.3280059099197388	0.16362912952899933
TCGA-AR-A1AU-01	0	lumB_pole	rna	6	DBF4	-0.0047539714723825455	-1.0503559112548828	0.16362912952899933
TCGA-AR-A1AU-01	0	lumB_pole	rna	7	NDUFAB1	-0.004720446188002825	-1.4189343452453613	0.16362912952899933
TCGA-AR-A1AU-01	0	lumB_pole	rna	8	ZW10	-0.0042890338227152824	-0.8555025458335876	0.16362912952899933
TCGA-AR-A1AU-01	0	lumB_pole	rna	9	MAPK14	0.003956055734306574	-1.5172224044799805	0.16362912952899933
TCGA-AR-A1AU-01	0	lumB_pole	rna	10	SMARCC1	-0.003710867604240775	1.506740927696228	0.16362912952899933
TCGA-AR-A1AU-01	0	lumB_pole	meth	1	cg16236270	-0.01194309163838625	-1.9902883768081665	0.16362912952899933
TCGA-AR-A1AU-01	0	lumB_pole	meth	2	cg03287339	0.006877652369439602	-0.6702901124954224	0.16362912952899933
TCGA-AR-A1AU-01	0	lumB_pole	meth	3	cg14660676	0.0065223947167396545	-1.190211296081543	0.16362912952899933
TCGA-AR-A1AU-01	0	lumB_pole	meth	4	cg02103401	0.006375978235155344	-1.7640200853347778	0.16362912952899933
TCGA-AR-A1AU-01	0	lumB_pole	meth	5	cg01252526	0.006257936358451843	-0.9444381594657898	0.16362912952899933
TCGA-AR-A1AU-01	0	lumB_pole	meth	6	cg02852791	0.006020746659487486	-0.6051663160324097	0.16362912952899933
TCGA-AR-A1AU-01	0	lumB_pole	meth	7	cg20687242	-0.005940939765423536	-1.170902967453003	0.16362912952899933
TCGA-AR-A1AU-01	0	lumB_pole	meth	8	cg25288140	0.005798592232167721	-1.4269332885742188	0.16362912952899933
TCGA-AR-A1AU-01	0	lumB_pole	meth	9	cg05923595	-0.005657355301082134	-1.0438183546066284	0.16362912952899933
TCGA-AR-A1AU-01	0	lumB_pole	meth	10	cg06539449	0.005522292573004961	-1.3004175424575806	0.16362912952899933
TCGA-AR-A1AW-01	1	lumB_pole	rna	1	MEIS2	0.022218424826860428	-1.0877375602722168	0.6099098324775696
TCGA-AR-A1AW-01	1	lumB_pole	rna	2	PRDX3	0.021431177854537964	1.1633888483047485	0.6099098324775696
TCGA-AR-A1AW-01	1	lumB_pole	rna	3	EED	0.020310042425990105	1.542608380317688	0.6099098324775696
TCGA-AR-A1AW-01	1	lumB_pole	rna	4	ETF1	0.02004828117787838	-1.4591238498687744	0.6099098324775696
TCGA-AR-A1AW-01	1	lumB_pole	rna	5	NBN	0.019649196416139603	1.8435763120651245	0.6099098324775696
TCGA-AR-A1AW-01	1	lumB_pole	rna	6	LBR	0.01928000897169113	1.8840773105621338	0.6099098324775696
TCGA-AR-A1AW-01	1	lumB_pole	rna	7	YTHDC1	-0.018945693969726562	1.4255938529968262	0.6099098324775696
TCGA-AR-A1AW-01	1	lumB_pole	rna	8	PTGES3	-0.018640197813510895	-1.140319585800171	0.6099098324775696
TCGA-AR-A1AW-01	1	lumB_pole	rna	9	PCNA	0.01749759167432785	1.283208966255188	0.6099098324775696
TCGA-AR-A1AW-01	1	lumB_pole	rna	10	KIF20B	0.016466684639453888	1.6325958967208862	0.6099098324775696
TCGA-AR-A1AW-01	1	lumB_pole	meth	1	cg26203572	0.04054182022809982	2.124502420425415	0.6099098324775696
TCGA-AR-A1AW-01	1	lumB_pole	meth	2	cg16898193	0.02996106818318367	-1.166675329208374	0.6099098324775696
TCGA-AR-A1AW-01	1	lumB_pole	meth	3	cg06741896	-0.02739262767136097	1.871968388557434	0.6099098324775696
TCGA-AR-A1AW-01	1	lumB_pole	meth	4	cg14660676	-0.02561124786734581	1.098612666130066	0.6099098324775696
TCGA-AR-A1AW-01	1	lumB_pole	meth	5	cg16236270	0.024501169100403786	1.1439745426177979	0.6099098324775696
TCGA-AR-A1AW-01	1	lumB_pole	meth	6	cg19757631	-0.021424997597932816	1.2727773189544678	0.6099098324775696
TCGA-AR-A1AW-01	1	lumB_pole	meth	7	cg17642369	0.019714074209332466	-1.2833884954452515	0.6099098324775696
TCGA-AR-A1AW-01	1	lumB_pole	meth	8	cg03287339	-0.018119029700756073	0.7186335921287537	0.6099098324775696
TCGA-AR-A1AW-01	1	lumB_pole	meth	9	cg23824801	0.017864765599370003	0.7755150198936462	0.6099098324775696
TCGA-AR-A1AW-01	1	lumB_pole	meth	10	cg26708220	0.017710480839014053	-0.9785263538360596	0.6099098324775696
TCGA-AR-A24R-01	1	lumB_pole	rna	1	SSRP1	-0.03817659243941307	-1.4308063983917236	0.6241390109062195
TCGA-AR-A24R-01	1	lumB_pole	rna	2	EFNA5	0.03571351617574692	-1.378587245941162	0.6241390109062195
TCGA-AR-A24R-01	1	lumB_pole	rna	3	HDDC2	-0.030118800699710846	-1.8972094058990479	0.6241390109062195
TCGA-AR-A24R-01	1	lumB_pole	rna	4	POLA2	-0.02406226098537445	-0.7404937148094177	0.6241390109062195
TCGA-AR-A24R-01	1	lumB_pole	rna	5	PRIM2	-0.022504962980747223	-1.3111257553100586	0.6241390109062195
TCGA-AR-A24R-01	1	lumB_pole	rna	6	RBL1	0.022463548928499222	2.789565324783325	0.6241390109062195
TCGA-AR-A24R-01	1	lumB_pole	rna	7	TIMELESS	0.020630262792110443	1.3202449083328247	0.6241390109062195
TCGA-AR-A24R-01	1	lumB_pole	rna	8	MEIS1	0.020500773563981056	-1.2562357187271118	0.6241390109062195
TCGA-AR-A24R-01	1	lumB_pole	rna	9	IFRD1	-0.01953437551856041	-1.1330773830413818	0.6241390109062195
TCGA-AR-A24R-01	1	lumB_pole	rna	10	PGK1	0.019520757719874382	1.2202712297439575	0.6241390109062195
TCGA-AR-A24R-01	1	lumB_pole	meth	1	cg01252526	0.05615523084998131	-1.1312382221221924	0.6241390109062195
TCGA-AR-A24R-01	1	lumB_pole	meth	2	cg24607398	-0.0301730427891016	-1.349535346031189	0.6241390109062195
TCGA-AR-A24R-01	1	lumB_pole	meth	3	cg14982203	0.019453633576631546	1.420069932937622	0.6241390109062195
TCGA-AR-A24R-01	1	lumB_pole	meth	4	cg13224075	0.017415566369891167	1.0384061336517334	0.6241390109062195
TCGA-AR-A24R-01	1	lumB_pole	meth	5	cg26203572	-0.016836825758218765	-0.6889989376068115	0.6241390109062195
TCGA-AR-A24R-01	1	lumB_pole	meth	6	cg10328877	0.016305623576045036	1.750598430633545	0.6241390109062195
TCGA-AR-A24R-01	1	lumB_pole	meth	7	cg14660676	-0.01593908667564392	1.2107030153274536	0.6241390109062195
TCGA-AR-A24R-01	1	lumB_pole	meth	8	cg03287339	0.015757791697978973	-0.8583519458770752	0.6241390109062195
TCGA-AR-A24R-01	1	lumB_pole	meth	9	cg25134328	0.015601794235408306	-1.2390644550323486	0.6241390109062195
TCGA-AR-A24R-01	1	lumB_pole	meth	10	cg16927242	-0.014691662974655628	0.9005290269851685	0.6241390109062195
TCGA-B6-A0RG-01	0	lumB_pole	rna	1	EFNA5	0.03261569142341614	-1.514912486076355	0.25316986441612244
TCGA-B6-A0RG-01	0	lumB_pole	rna	2	ZW10	-0.028932739049196243	-1.849976658821106	0.25316986441612244
TCGA-B6-A0RG-01	0	lumB_pole	rna	3	HNRNPA2B1	0.02359951287508011	1.603341817855835	0.25316986441612244
TCGA-B6-A0RG-01	0	lumB_pole	rna	4	TUBB	-0.023277493193745613	2.1263856887817383	0.25316986441612244
TCGA-B6-A0RG-01	0	lumB_pole	rna	5	NUP98	-0.019931243732571602	-2.9892542362213135	0.25316986441612244
TCGA-B6-A0RG-01	0	lumB_pole	rna	6	CASP8AP2	-0.019733751192688942	-1.4152003526687622	0.25316986441612244
TCGA-B6-A0RG-01	0	lumB_pole	rna	7	CDC7	-0.018666744232177734	-1.1790401935577393	0.25316986441612244
TCGA-B6-A0RG-01	0	lumB_pole	rna	8	XPOT	-0.016045833006501198	-0.827105700969696	0.25316986441612244
TCGA-B6-A0RG-01	0	lumB_pole	rna	9	RRM1	-0.015644961968064308	-1.183164358139038	0.25316986441612244
TCGA-B6-A0RG-01	0	lumB_pole	rna	10	BRCA2	-0.014821176417171955	-2.056520938873291	0.25316986441612244
TCGA-B6-A0RG-01	0	lumB_pole	meth	1	cg08479476	-0.029070092365145683	1.8309574127197266	0.25316986441612244
TCGA-B6-A0RG-01	0	lumB_pole	meth	2	cg06719445	0.023302001878619194	-2.188391923904419	0.25316986441612244
TCGA-B6-A0RG-01	0	lumB_pole	meth	3	cg01252526	0.02282053790986538	-1.0863343477249146	0.25316986441612244
TCGA-B6-A0RG-01	0	lumB_pole	meth	4	cg05923595	-0.021137353032827377	-1.574535608291626	0.25316986441612244
TCGA-B6-A0RG-01	0	lumB_pole	meth	5	cg24607398	-0.019404752179980278	-1.212957739830017	0.25316986441612244
TCGA-B6-A0RG-01	0	lumB_pole	meth	6	cg14982203	-0.01886661909520626	-1.0059908628463745	0.25316986441612244
TCGA-B6-A0RG-01	0	lumB_pole	meth	7	cg05703053	0.01836588606238365	1.167266607284546	0.25316986441612244
TCGA-B6-A0RG-01	0	lumB_pole	meth	8	cg25134328	0.017984949052333832	-1.2499361038208008	0.25316986441612244
TCGA-B6-A0RG-01	0	lumB_pole	meth	9	cg19516279	0.017522841691970825	1.4661976099014282	0.25316986441612244
TCGA-B6-A0RG-01	0	lumB_pole	meth	10	cg26203572	-0.016971461474895477	-1.1760939359664917	0.25316986441612244
TCGA-B6-A0RL-01	1	lumB_pole	rna	1	SSRP1	0.028807811439037323	2.856764316558838	0.6413357853889465
TCGA-B6-A0RL-01	1	lumB_pole	rna	2	MEIS1	0.028176378458738327	-6.11859655380249	0.6413357853889465
TCGA-B6-A0RL-01	1	lumB_pole	rna	3	MEIS2	0.027865350246429443	-4.422534942626953	0.6413357853889465
TCGA-B6-A0RL-01	1	lumB_pole	rna	4	DMD	0.026247931644320488	-4.695162296295166	0.6413357853889465
TCGA-B6-A0RL-01	1	lumB_pole	rna	5	EFNA5	0.02156507410109043	-2.4420084953308105	0.6413357853889465
TCGA-B6-A0RL-01	1	lumB_pole	rna	6	CLNS1A	-0.021058641374111176	2.7718496322631836	0.6413357853889465
TCGA-B6-A0RL-01	1	lumB_pole	rna	7	TGFB1	0.020563803613185883	-3.8906593322753906	0.6413357853889465
TCGA-B6-A0RL-01	1	lumB_pole	rna	8	NBN	-0.01818852312862873	-2.075707197189331	0.6413357853889465
TCGA-B6-A0RL-01	1	lumB_pole	rna	9	WDR90	0.015520990826189518	2.3608453273773193	0.6413357853889465
TCGA-B6-A0RL-01	1	lumB_pole	rna	10	RASAL2	0.015157133340835571	-4.335119247436523	0.6413357853889465
TCGA-B6-A0RL-01	1	lumB_pole	meth	1	cg01252526	0.030334047973155975	-1.2267338037490845	0.6413357853889465
TCGA-B6-A0RL-01	1	lumB_pole	meth	2	cg14982203	0.02929055504500866	1.6451144218444824	0.6413357853889465
TCGA-B6-A0RL-01	1	lumB_pole	meth	3	cg03287339	0.02904462441802025	-1.391055703163147	0.6413357853889465
TCGA-B6-A0RL-01	1	lumB_pole	meth	4	cg22109530	0.027264071628451347	1.8439438343048096	0.6413357853889465
TCGA-B6-A0RL-01	1	lumB_pole	meth	5	cg21116267	0.02519492246210575	2.8880529403686523	0.6413357853889465
TCGA-B6-A0RL-01	1	lumB_pole	meth	6	cg19757631	-0.0242067351937294	2.116532325744629	0.6413357853889465
TCGA-B6-A0RL-01	1	lumB_pole	meth	7	cg08169949	-0.02306416817009449	2.2359232902526855	0.6413357853889465
TCGA-B6-A0RL-01	1	lumB_pole	meth	8	cg20687242	-0.022049179300665855	-1.1342589855194092	0.6413357853889465
TCGA-B6-A0RL-01	1	lumB_pole	meth	9	cg01856529	-0.020890574902296066	-1.7721909284591675	0.6413357853889465
TCGA-B6-A0RL-01	1	lumB_pole	meth	10	cg16898193	-0.02036859467625618	2.260779857635498	0.6413357853889465
TCGA-B6-A0RN-01	0	lumB_pole	rna	1	DLGAP5	-0.0017139933770522475	-1.888243556022644	0.1500922590494156
TCGA-B6-A0RN-01	0	lumB_pole	rna	2	NBN	-0.0017078784294426441	-1.4649178981781006	0.1500922590494156
TCGA-B6-A0RN-01	0	lumB_pole	rna	3	NUSAP1	-0.00144639250356704	-1.6906991004943848	0.1500922590494156
TCGA-B6-A0RN-01	0	lumB_pole	rna	4	PLK1	-0.0014133390504866838	-1.844468116760254	0.1500922590494156
TCGA-B6-A0RN-01	0	lumB_pole	rna	5	KIF4A	-0.0013698849361389875	-1.756407618522644	0.1500922590494156
TCGA-B6-A0RN-01	0	lumB_pole	rna	6	RANBP1	-0.0013390493113547564	-1.97786283493042	0.1500922590494156
TCGA-B6-A0RN-01	0	lumB_pole	rna	7	BRCA2	-0.0013375183334574103	-2.708899974822998	0.1500922590494156
TCGA-B6-A0RN-01	0	lumB_pole	rna	8	CCNB2	-0.001336321933194995	-1.4343894720077515	0.1500922590494156
TCGA-B6-A0RN-01	0	lumB_pole	rna	9	CDC45	-0.0012811115011572838	-2.581993579864502	0.1500922590494156
TCGA-B6-A0RN-01	0	lumB_pole	rna	10	CDC25B	0.0011896643554791808	-2.07808518409729	0.1500922590494156
TCGA-B6-A0RN-01	0	lumB_pole	meth	1	cg09840968	0.00950425211340189	2.0974626541137695	0.1500922590494156
TCGA-B6-A0RN-01	0	lumB_pole	meth	2	cg09970590	0.00884941965341568	-2.097315549850464	0.1500922590494156
TCGA-B6-A0RN-01	0	lumB_pole	meth	3	cg16236270	-0.006906555499881506	-1.4138473272323608	0.1500922590494156
TCGA-B6-A0RN-01	0	lumB_pole	meth	4	cg22730327	-0.005842979997396469	-1.8244596719741821	0.1500922590494156
TCGA-B6-A0RN-01	0	lumB_pole	meth	5	cg04726821	0.005620324518531561	2.1390247344970703	0.1500922590494156
TCGA-B6-A0RN-01	0	lumB_pole	meth	6	cg02852791	-0.0054091778583824635	1.1681358814239502	0.1500922590494156
TCGA-B6-A0RN-01	0	lumB_pole	meth	7	cg21116267	0.005284592509269714	1.3001657724380493	0.1500922590494156
TCGA-B6-A0RN-01	0	lumB_pole	meth	8	cg24504442	0.0043350039049983025	0.8381242752075195	0.1500922590494156
TCGA-B6-A0RN-01	0	lumB_pole	meth	9	cg15742848	0.004168326035141945	1.996739387512207	0.1500922590494156
TCGA-B6-A0RN-01	0	lumB_pole	meth	10	cg14982203	0.0039394027553498745	0.8807665705680847	0.1500922590494156
TCGA-B6-A0X7-01	0	lumB_pole	rna	1	RRM1	-0.0022579701617360115	-2.2648017406463623	0.14953143894672394
TCGA-B6-A0X7-01	0	lumB_pole	rna	2	ZW10	-0.0017975306836888194	-2.0948410034179688	0.14953143894672394
TCGA-B6-A0X7-01	0	lumB_pole	rna	3	CDC45	-0.0015754828928038478	-1.2974088191986084	0.14953143894672394
TCGA-B6-A0X7-01	0	lumB_pole	rna	4	DLGAP5	-0.0015385544393211603	-1.412222146987915	0.14953143894672394
TCGA-B6-A0X7-01	0	lumB_pole	rna	5	CDC7	-0.0014959550462663174	-2.4197020530700684	0.14953143894672394
TCGA-B6-A0X7-01	0	lumB_pole	rna	6	CCNB2	-0.0014800464268773794	-1.0464366674423218	0.14953143894672394
TCGA-B6-A0X7-01	0	lumB_pole	rna	7	RPA3	-0.0013821781612932682	-1.3382148742675781	0.14953143894672394
TCGA-B6-A0X7-01	0	lumB_pole	rna	8	RRM2	-0.0013520678039640188	-1.5877193212509155	0.14953143894672394
TCGA-B6-A0X7-01	0	lumB_pole	rna	9	NUP98	0.0012919607106596231	-2.275057792663574	0.14953143894672394
TCGA-B6-A0X7-01	0	lumB_pole	rna	10	DEPDC1	-0.0012543747434392571	-1.5103167295455933	0.14953143894672394
TCGA-B6-A0X7-01	0	lumB_pole	meth	1	cg03287339	-0.00776014756411314	1.2616931200027466	0.14953143894672394
TCGA-B6-A0X7-01	0	lumB_pole	meth	2	cg14515791	-0.007198810111731291	-1.2193031311035156	0.14953143894672394
TCGA-B6-A0X7-01	0	lumB_pole	meth	3	cg02852791	-0.006983807776123285	0.995609700679779	0.14953143894672394
TCGA-B6-A0X7-01	0	lumB_pole	meth	4	cg04726821	0.005697376094758511	1.7200652360916138	0.14953143894672394
TCGA-B6-A0X7-01	0	lumB_pole	meth	5	cg08169949	0.0043471576645970345	-1.0136041641235352	0.14953143894672394
TCGA-B6-A0X7-01	0	lumB_pole	meth	6	cg16236270	0.003912222571671009	0.7212268710136414	0.14953143894672394
TCGA-B6-A0X7-01	0	lumB_pole	meth	7	cg10752421	0.0032562718261033297	-0.7849721908569336	0.14953143894672394
TCGA-B6-A0X7-01	0	lumB_pole	meth	8	cg05670953	-0.0029637806583195925	2.1471989154815674	0.14953143894672394
TCGA-B6-A0X7-01	0	lumB_pole	meth	9	cg25134328	-0.002955733798444271	1.1208369731903076	0.14953143894672394
TCGA-B6-A0X7-01	0	lumB_pole	meth	10	cg08479476	0.0029527710285037756	-1.1412229537963867	0.14953143894672394
TCGA-B6-A2IU-01	0	lumB_pole	rna	1	PTTG3P	-0.04719008132815361	-1.558669924736023	0.27991560101509094
TCGA-B6-A2IU-01	0	lumB_pole	rna	2	PRDX4	-0.037637997418642044	-2.1388039588928223	0.27991560101509094
TCGA-B6-A2IU-01	0	lumB_pole	rna	3	CKS2	0.03665011748671532	1.5756694078445435	0.27991560101509094
TCGA-B6-A2IU-01	0	lumB_pole	rna	4	POLA2	0.03531500697135925	1.0936291217803955	0.27991560101509094
TCGA-B6-A2IU-01	0	lumB_pole	rna	5	IFRD1	-0.035187095403671265	-1.3659672737121582	0.27991560101509094
TCGA-B6-A2IU-01	0	lumB_pole	rna	6	TXNL4A	-0.03501994535326958	-2.5265657901763916	0.27991560101509094
TCGA-B6-A2IU-01	0	lumB_pole	rna	7	SLC12A2	0.033287372440099716	-1.8670226335525513	0.27991560101509094
TCGA-B6-A2IU-01	0	lumB_pole	rna	8	XPOT	-0.03286481648683548	-2.118797540664673	0.27991560101509094
TCGA-B6-A2IU-01	0	lumB_pole	rna	9	MEIS1	-0.03057962656021118	1.9821182489395142	0.27991560101509094
TCGA-B6-A2IU-01	0	lumB_pole	rna	10	UCK2	0.02951039746403694	1.9337772130966187	0.27991560101509094
TCGA-B6-A2IU-01	0	lumB_pole	meth	1	cg14660676	-0.043814849108457565	1.633035659790039	0.27991560101509094
TCGA-B6-A2IU-01	0	lumB_pole	meth	2	cg01252526	0.0423642173409462	-1.1920080184936523	0.27991560101509094
TCGA-B6-A2IU-01	0	lumB_pole	meth	3	cg03287339	0.035432808101177216	-1.137130856513977	0.27991560101509094
TCGA-B6-A2IU-01	0	lumB_pole	meth	4	cg04726821	0.028166664764285088	1.8635907173156738	0.27991560101509094
TCGA-B6-A2IU-01	0	lumB_pole	meth	5	cg16236270	0.027794169262051582	0.885046124458313	0.27991560101509094
TCGA-B6-A2IU-01	0	lumB_pole	meth	6	cg05703053	0.026751697063446045	1.512162208557129	0.27991560101509094
TCGA-B6-A2IU-01	0	lumB_pole	meth	7	cg19757631	-0.02084198407828808	1.4594260454177856	0.27991560101509094
TCGA-B6-A2IU-01	0	lumB_pole	meth	8	cg14982203	-0.018695086240768433	-1.0208598375320435	0.27991560101509094
TCGA-B6-A2IU-01	0	lumB_pole	meth	9	cg23824801	0.01823035255074501	0.9445575475692749	0.27991560101509094
TCGA-B6-A2IU-01	0	lumB_pole	meth	10	cg16898193	0.017880091443657875	-1.0021957159042358	0.27991560101509094
TCGA-BH-A0BZ-01	1	lumB_pole	rna	1	PSMA1	-0.030142255127429962	3.6505320072174072	0.6436853408813477
TCGA-BH-A0BZ-01	1	lumB_pole	rna	2	SSRP1	0.029225029051303864	1.6787620782852173	0.6436853408813477
TCGA-BH-A0BZ-01	1	lumB_pole	rna	3	POLA2	0.028341608121991158	1.4856034517288208	0.6436853408813477
TCGA-BH-A0BZ-01	1	lumB_pole	rna	4	EFNA5	-0.025590330362319946	1.1626795530319214	0.6436853408813477
TCGA-BH-A0BZ-01	1	lumB_pole	rna	5	SPAG5	0.02462659776210785	1.5171020030975342	0.6436853408813477
TCGA-BH-A0BZ-01	1	lumB_pole	rna	6	CKS1B	0.022352924570441246	1.1529182195663452	0.6436853408813477
TCGA-BH-A0BZ-01	1	lumB_pole	rna	7	CCNF	0.02213308773934841	1.6867436170578003	0.6436853408813477
TCGA-BH-A0BZ-01	1	lumB_pole	rna	8	PAN2	-0.020059077069163322	-1.6213456392288208	0.6436853408813477
TCGA-BH-A0BZ-01	1	lumB_pole	rna	9	EXOSC7	-0.019477536901831627	1.552621603012085	0.6436853408813477
TCGA-BH-A0BZ-01	1	lumB_pole	rna	10	DSCC1	0.019435901194810867	1.4235904216766357	0.6436853408813477
TCGA-BH-A0BZ-01	1	lumB_pole	meth	1	cg26203572	0.033205196261405945	1.9364665746688843	0.6436853408813477
TCGA-BH-A0BZ-01	1	lumB_pole	meth	2	cg16236270	0.030552441254258156	1.0969624519348145	0.6436853408813477
TCGA-BH-A0BZ-01	1	lumB_pole	meth	3	cg16927242	0.025132346898317337	-2.065351724624634	0.6436853408813477
TCGA-BH-A0BZ-01	1	lumB_pole	meth	4	cg14982203	0.02483263425529003	1.1600630283355713	0.6436853408813477
TCGA-BH-A0BZ-01	1	lumB_pole	meth	5	cg14660676	-0.0247895959764719	0.8723331093788147	0.6436853408813477
TCGA-BH-A0BZ-01	1	lumB_pole	meth	6	cg10990993	-0.021501589566469193	1.2159839868545532	0.6436853408813477
TCGA-BH-A0BZ-01	1	lumB_pole	meth	7	cg16898193	-0.020596936345100403	1.595312237739563	0.6436853408813477
TCGA-BH-A0BZ-01	1	lumB_pole	meth	8	cg20687242	0.01999933458864689	1.5658351182937622	0.6436853408813477
TCGA-BH-A0BZ-01	1	lumB_pole	meth	9	cg08169949	0.018358485773205757	-1.1736328601837158	0.6436853408813477
TCGA-BH-A0BZ-01	1	lumB_pole	meth	10	cg01252526	0.016724154353141785	-0.5175521969795227	0.6436853408813477
TCGA-BH-A0DI-01	0	lumB_pole	rna	1	NBN	-0.0023181885480880737	-1.4398292303085327	0.15866577625274658
TCGA-BH-A0DI-01	0	lumB_pole	rna	2	YTHDC1	0.0021287461277097464	-2.15932035446167	0.15866577625274658
TCGA-BH-A0DI-01	0	lumB_pole	rna	3	TTK	-0.0020028813742101192	-1.611785888671875	0.15866577625274658
TCGA-BH-A0DI-01	0	lumB_pole	rna	4	HNRNPA2B1	-0.001953798346221447	-1.578184962272644	0.15866577625274658
TCGA-BH-A0DI-01	0	lumB_pole	rna	5	NDUFAB1	-0.0018964469200000167	-1.3748455047607422	0.15866577625274658
TCGA-BH-A0DI-01	0	lumB_pole	rna	6	PAICS	-0.001809065812267363	-1.9176915884017944	0.15866577625274658
TCGA-BH-A0DI-01	0	lumB_pole	rna	7	DBF4	-0.0017720033647492528	-1.304564356803894	0.15866577625274658
TCGA-BH-A0DI-01	0	lumB_pole	rna	8	HMGB2	-0.0017013102769851685	-1.8397161960601807	0.15866577625274658
TCGA-BH-A0DI-01	0	lumB_pole	rna	9	RAD21	-0.0016553315799683332	-1.388693928718567	0.15866577625274658
TCGA-BH-A0DI-01	0	lumB_pole	rna	10	CKAP5	-0.0015499790897592902	-1.652420997619629	0.15866577625274658
TCGA-BH-A0DI-01	0	lumB_pole	meth	1	cg01252526	0.009756278246641159	-1.0258638858795166	0.15866577625274658
TCGA-BH-A0DI-01	0	lumB_pole	meth	2	cg15742848	0.007555463816970587	0.9579171538352966	0.15866577625274658
TCGA-BH-A0DI-01	0	lumB_pole	meth	3	cg08169949	0.007100365590304136	-0.9765795469284058	0.15866577625274658
TCGA-BH-A0DI-01	0	lumB_pole	meth	4	cg14660676	0.006998992990702391	-1.2044849395751953	0.15866577625274658
TCGA-BH-A0DI-01	0	lumB_pole	meth	5	cg02103401	0.006552645470947027	-1.3560457229614258	0.15866577625274658
TCGA-BH-A0DI-01	0	lumB_pole	meth	6	cg02852791	0.00630919449031353	-0.5525311827659607	0.15866577625274658
TCGA-BH-A0DI-01	0	lumB_pole	meth	7	cg25288140	-0.0051496075466275215	0.6189111471176147	0.15866577625274658
TCGA-BH-A0DI-01	0	lumB_pole	meth	8	cg04726821	-0.004457883536815643	-0.7809509038925171	0.15866577625274658
TCGA-BH-A0DI-01	0	lumB_pole	meth	9	cg12961607	0.004356790333986282	-0.7739205360412598	0.15866577625274658
TCGA-BH-A0DI-01	0	lumB_pole	meth	10	cg03287339	0.003593707922846079	-0.7452662587165833	0.15866577625274658
TCGA-BH-A0E2-01	0	lumB_pole	rna	1	CDK4	-0.09070822596549988	4.0149993896484375	0.5608742237091064
TCGA-BH-A0E2-01	0	lumB_pole	rna	2	PAN2	-0.05442071706056595	-1.9097422361373901	0.5608742237091064
TCGA-BH-A0E2-01	0	lumB_pole	rna	3	RANBP1	0.050121795386075974	1.7347429990768433	0.5608742237091064
TCGA-BH-A0E2-01	0	lumB_pole	rna	4	RPS5	-0.048179253935813904	2.0094316005706787	0.5608742237091064
TCGA-BH-A0E2-01	0	lumB_pole	rna	5	DBF4	0.04757325351238251	1.3523319959640503	0.5608742237091064
TCGA-BH-A0E2-01	0	lumB_pole	rna	6	CDKN3	0.04660511389374733	2.1661453247070312	0.5608742237091064
TCGA-BH-A0E2-01	0	lumB_pole	rna	7	SHMT1	-0.044399846345186234	-1.7754818201065063	0.5608742237091064
TCGA-BH-A0E2-01	0	lumB_pole	rna	8	POLE	-0.04395408183336258	-1.8693983554840088	0.5608742237091064
TCGA-BH-A0E2-01	0	lumB_pole	rna	9	RPS3	-0.042037371546030045	1.5838351249694824	0.5608742237091064
TCGA-BH-A0E2-01	0	lumB_pole	rna	10	CKS2	0.041948478668928146	1.841303825378418	0.5608742237091064
TCGA-BH-A0E2-01	0	lumB_pole	meth	1	cg16236270	-0.07488193362951279	-1.9382134675979614	0.5608742237091064
TCGA-BH-A0E2-01	0	lumB_pole	meth	2	cg14660676	0.06331352889537811	-1.5441142320632935	0.5608742237091064
TCGA-BH-A0E2-01	0	lumB_pole	meth	3	cg24800655	0.049875400960445404	1.4036058187484741	0.5608742237091064
TCGA-BH-A0E2-01	0	lumB_pole	meth	4	cg08169949	-0.04618406668305397	1.6188464164733887	0.5608742237091064
TCGA-BH-A0E2-01	0	lumB_pole	meth	5	cg06539449	0.04241546243429184	-1.746035099029541	0.5608742237091064
TCGA-BH-A0E2-01	0	lumB_pole	meth	6	cg03287339	0.040129922330379486	-0.9747514128684998	0.5608742237091064
TCGA-BH-A0E2-01	0	lumB_pole	meth	7	cg25134328	0.03757124021649361	-1.1434687376022339	0.5608742237091064
TCGA-BH-A0E2-01	0	lumB_pole	meth	8	cg26203572	0.03621615841984749	1.2281070947647095	0.5608742237091064
TCGA-BH-A0E2-01	0	lumB_pole	meth	9	cg13800209	0.03510384261608124	1.3085540533065796	0.5608742237091064
TCGA-BH-A0E2-01	0	lumB_pole	meth	10	cg05923595	-0.03507392108440399	-1.484269380569458	0.5608742237091064
TCGA-BH-A0GY-01	0	lumB_pole	rna	1	ZW10	0.08825550973415375	2.940723180770874	0.5610314607620239
TCGA-BH-A0GY-01	0	lumB_pole	rna	2	TOP1	-0.08431705087423325	5.368486404418945	0.5610314607620239
TCGA-BH-A0GY-01	0	lumB_pole	rna	3	SERBP1	-0.07877446711063385	3.445566415786743	0.5610314607620239
TCGA-BH-A0GY-01	0	lumB_pole	rna	4	NBN	0.06876733154058456	2.7509796619415283	0.5610314607620239
TCGA-BH-A0GY-01	0	lumB_pole	rna	5	ATAD2	0.05710679665207863	1.7343454360961914	0.5610314607620239
TCGA-BH-A0GY-01	0	lumB_pole	rna	6	DSCC1	0.04372207447886467	1.6144800186157227	0.5610314607620239
TCGA-BH-A0GY-01	0	lumB_pole	rna	7	CSE1L	-0.040945425629615784	2.118849277496338	0.5610314607620239
TCGA-BH-A0GY-01	0	lumB_pole	rna	8	RPL34	0.040018804371356964	-1.9174021482467651	0.5610314607620239
TCGA-BH-A0GY-01	0	lumB_pole	rna	9	NCL	-0.03778621926903725	2.353954553604126	0.5610314607620239
TCGA-BH-A0GY-01	0	lumB_pole	rna	10	PRPF31	-0.037657730281353	3.0794200897216797	0.5610314607620239
TCGA-BH-A0GY-01	0	lumB_pole	meth	1	cg14660676	0.06467868387699127	-1.6238787174224854	0.5610314607620239
TCGA-BH-A0GY-01	0	lumB_pole	meth	2	cg03287339	-0.053171925246715546	1.6552144289016724	0.5610314607620239
TCGA-BH-A0GY-01	0	lumB_pole	meth	3	cg01252526	-0.0508369505405426	1.4354662895202637	0.5610314607620239
TCGA-BH-A0GY-01	0	lumB_pole	meth	4	cg07809589	0.04222741350531578	-1.5301343202590942	0.5610314607620239
TCGA-BH-A0GY-01	0	lumB_pole	meth	5	cg23824801	-0.03814038634300232	-0.9341444969177246	0.5610314607620239
TCGA-BH-A0GY-01	0	lumB_pole	meth	6	cg13800209	0.037368711084127426	1.077209711074829	0.5610314607620239
TCGA-BH-A0GY-01	0	lumB_pole	meth	7	cg16898193	0.03637111559510231	-1.1555510759353638	0.5610314607620239
TCGA-BH-A0GY-01	0	lumB_pole	meth	8	cg17642369	0.0355241633951664	-1.8692947626113892	0.5610314607620239
TCGA-BH-A0GY-01	0	lumB_pole	meth	9	cg05703053	-0.03397531062364578	-0.994537353515625	0.5610314607620239
TCGA-BH-A0GY-01	0	lumB_pole	meth	10	cg15902390	-0.03173292800784111	0.8557575345039368	0.5610314607620239
TCGA-BH-A0HB-01	0	lumB_pole	rna	1	CASP8AP2	-0.08239200711250305	-2.8791375160217285	0.39652371406555176
TCGA-BH-A0HB-01	0	lumB_pole	rna	2	EXOSC7	-0.06456205248832703	2.575413703918457	0.39652371406555176
TCGA-BH-A0HB-01	0	lumB_pole	rna	3	RPS10	-0.06030670553445816	2.618147134780884	0.39652371406555176
TCGA-BH-A0HB-01	0	lumB_pole	rna	4	SPAG5	0.05530830845236778	2.1878714561462402	0.39652371406555176
TCGA-BH-A0HB-01	0	lumB_pole	rna	5	MEIS2	0.05347343161702156	-2.325444221496582	0.39652371406555176
TCGA-BH-A0HB-01	0	lumB_pole	rna	6	SMC6	-0.0522460862994194	-2.021148443222046	0.39652371406555176
TCGA-BH-A0HB-01	0	lumB_pole	rna	7	ZW10	-0.04636041447520256	-1.6222156286239624	0.39652371406555176
TCGA-BH-A0HB-01	0	lumB_pole	rna	8	PCBP1	-0.045890916138887405	3.8268191814422607	0.39652371406555176
TCGA-BH-A0HB-01	0	lumB_pole	rna	9	CKS2	0.04506942257285118	1.8843390941619873	0.39652371406555176
TCGA-BH-A0HB-01	0	lumB_pole	rna	10	PAN2	-0.04446765035390854	-1.8358904123306274	0.39652371406555176
TCGA-BH-A0HB-01	0	lumB_pole	meth	1	cg26203572	0.06566125154495239	2.039280414581299	0.39652371406555176
TCGA-BH-A0HB-01	0	lumB_pole	meth	2	cg23824801	0.049867380410432816	1.5079091787338257	0.39652371406555176
TCGA-BH-A0HB-01	0	lumB_pole	meth	3	cg14660676	0.04736841470003128	-1.0923947095870972	0.39652371406555176
TCGA-BH-A0HB-01	0	lumB_pole	meth	4	cg05923595	0.040268152952194214	1.23782217502594	0.39652371406555176
TCGA-BH-A0HB-01	0	lumB_pole	meth	5	cg18696576	0.03325974941253662	1.4480412006378174	0.39652371406555176
TCGA-BH-A0HB-01	0	lumB_pole	meth	6	cg01856529	0.027083277702331543	1.5255229473114014	0.39652371406555176
TCGA-BH-A0HB-01	0	lumB_pole	meth	7	cg27408285	0.026492659002542496	1.354390025138855	0.39652371406555176
TCGA-BH-A0HB-01	0	lumB_pole	meth	8	cg22730327	0.0255507230758667	1.1674187183380127	0.39652371406555176
TCGA-BH-A0HB-01	0	lumB_pole	meth	9	cg23843505	-0.023823881521821022	-1.3256080150604248	0.39652371406555176
TCGA-BH-A0HB-01	0	lumB_pole	meth	10	cg20687242	0.02279496379196644	1.5901360511779785	0.39652371406555176
TCGA-BH-A0HF-01	0	lumB_pole	rna	1	YTHDC1	0.004521628841757774	-2.148484230041504	0.14707529544830322
TCGA-BH-A0HF-01	0	lumB_pole	rna	2	ODC1	-0.0028232792392373085	2.7487075328826904	0.14707529544830322
TCGA-BH-A0HF-01	0	lumB_pole	rna	3	CSTF2	-0.0026915769558399916	3.2084367275238037	0.14707529544830322
TCGA-BH-A0HF-01	0	lumB_pole	rna	4	DNMT1	-0.00254021561704576	-1.1698203086853027	0.14707529544830322
TCGA-BH-A0HF-01	0	lumB_pole	rna	5	CKAP5	-0.0024261875078082085	-1.619498372077942	0.14707529544830322
TCGA-BH-A0HF-01	0	lumB_pole	rna	6	AIMP2	0.0024114265106618404	1.0854976177215576	0.14707529544830322
TCGA-BH-A0HF-01	0	lumB_pole	rna	7	RPL34	-0.0022732033394277096	1.185413122177124	0.14707529544830322
TCGA-BH-A0HF-01	0	lumB_pole	rna	8	CUL4A	0.00227026897482574	-1.415891170501709	0.14707529544830322
TCGA-BH-A0HF-01	0	lumB_pole	rna	9	ARID4A	-0.0022661560215055943	-1.6401588916778564	0.14707529544830322
TCGA-BH-A0HF-01	0	lumB_pole	rna	10	MNAT1	-0.0021572555415332317	-1.0598218441009521	0.14707529544830322
TCGA-BH-A0HF-01	0	lumB_pole	meth	1	cg14982203	-0.006599235348403454	-1.0445698499679565	0.14707529544830322
TCGA-BH-A0HF-01	0	lumB_pole	meth	2	cg16236270	-0.004807913210242987	-1.6362509727478027	0.14707529544830322
TCGA-BH-A0HF-01	0	lumB_pole	meth	3	cg25134328	-0.00388523330911994	0.9079024195671082	0.14707529544830322
TCGA-BH-A0HF-01	0	lumB_pole	meth	4	cg04726821	-0.0038526849821209908	-0.8645179867744446	0.14707529544830322
TCGA-BH-A0HF-01	0	lumB_pole	meth	5	cg03287339	-0.003494307165965438	0.6606409549713135	0.14707529544830322
TCGA-BH-A0HF-01	0	lumB_pole	meth	6	cg22730327	0.003424172755330801	0.8392258882522583	0.14707529544830322
TCGA-BH-A0HF-01	0	lumB_pole	meth	7	cg25694349	0.00272723869420588	-1.0719009637832642	0.14707529544830322
TCGA-BH-A0HF-01	0	lumB_pole	meth	8	cg09970590	0.0026539938990026712	-0.8300169110298157	0.14707529544830322
TCGA-BH-A0HF-01	0	lumB_pole	meth	9	cg05617413	-0.0026236132252961397	-1.0657250881195068	0.14707529544830322
TCGA-BH-A0HF-01	0	lumB_pole	meth	10	cg10304922	0.002597642131149769	-1.269416093826294	0.14707529544830322
TCGA-BH-A0HX-01	0	lumB_pole	rna	1	PSMC6	0.09512976557016373	7.105048656463623	0.4640837013721466
TCGA-BH-A0HX-01	0	lumB_pole	rna	2	DSCC1	0.063990518450737	1.9194704294204712	0.4640837013721466
TCGA-BH-A0HX-01	0	lumB_pole	rna	3	CASP8AP2	-0.04303411394357681	-1.3812884092330933	0.4640837013721466
TCGA-BH-A0HX-01	0	lumB_pole	rna	4	RRP9	-0.04230634123086929	1.7657238245010376	0.4640837013721466
TCGA-BH-A0HX-01	0	lumB_pole	rna	5	XPOT	0.04160388559103012	1.1128931045532227	0.4640837013721466
TCGA-BH-A0HX-01	0	lumB_pole	rna	6	BUB1B	-0.03631668537855148	-1.0389831066131592	0.4640837013721466
TCGA-BH-A0HX-01	0	lumB_pole	rna	7	SLC12A2	-0.03541332855820656	1.6578012704849243	0.4640837013721466
TCGA-BH-A0HX-01	0	lumB_pole	rna	8	CCT7	-0.03381039947271347	1.3111134767532349	0.4640837013721466
TCGA-BH-A0HX-01	0	lumB_pole	rna	9	CHEK2	-0.032587092369794846	-1.1651188135147095	0.4640837013721466
TCGA-BH-A0HX-01	0	lumB_pole	rna	10	EXOSC7	-0.030622895807027817	0.9570726156234741	0.4640837013721466
TCGA-BH-A0HX-01	0	lumB_pole	meth	1	cg14982203	0.06554174423217773	1.7102166414260864	0.4640837013721466
TCGA-BH-A0HX-01	0	lumB_pole	meth	2	cg01252526	0.054119400680065155	-1.12465238571167	0.4640837013721466
TCGA-BH-A0HX-01	0	lumB_pole	meth	3	cg05923595	0.04042902588844299	1.3002831935882568	0.4640837013721466
TCGA-BH-A0HX-01	0	lumB_pole	meth	4	cg26203572	0.03427645564079285	1.1983965635299683	0.4640837013721466
TCGA-BH-A0HX-01	0	lumB_pole	meth	5	cg16236270	0.03373844176530838	0.9230175018310547	0.4640837013721466
TCGA-BH-A0HX-01	0	lumB_pole	meth	6	cg12961607	-0.03324662894010544	1.08185613155365	0.4640837013721466
TCGA-BH-A0HX-01	0	lumB_pole	meth	7	cg05703053	0.030742088332772255	1.5079609155654907	0.4640837013721466
TCGA-BH-A0HX-01	0	lumB_pole	meth	8	cg03287339	0.028010476380586624	-1.0323299169540405	0.4640837013721466
TCGA-BH-A0HX-01	0	lumB_pole	meth	9	cg14660676	0.02471419796347618	-0.7258973121643066	0.4640837013721466
TCGA-BH-A0HX-01	0	lumB_pole	meth	10	cg02852791	0.021588418632745743	-1.5847643613815308	0.4640837013721466
TCGA-BH-A0W3-01	1	lumB_pole	rna	1	EFNA5	0.07388104498386383	-2.0915417671203613	0.386256605386734
TCGA-BH-A0W3-01	1	lumB_pole	rna	2	POLA2	0.05454111844301224	1.5213204622268677	0.386256605386734
TCGA-BH-A0W3-01	1	lumB_pole	rna	3	RPL34	0.04842958226799965	-1.5359195470809937	0.386256605386734
TCGA-BH-A0W3-01	1	lumB_pole	rna	4	TLE3	-0.04693354293704033	2.0552754402160645	0.386256605386734
TCGA-BH-A0W3-01	1	lumB_pole	rna	5	PRDX4	-0.04597018286585808	-2.3998427391052246	0.386256605386734
TCGA-BH-A0W3-01	1	lumB_pole	rna	6	UBE2L3	-0.04128812253475189	-2.0690553188323975	0.386256605386734
TCGA-BH-A0W3-01	1	lumB_pole	rna	7	RANBP1	-0.04002443328499794	-0.9979267716407776	0.386256605386734
TCGA-BH-A0W3-01	1	lumB_pole	rna	8	EED	-0.03893234208226204	-1.793521761894226	0.386256605386734
TCGA-BH-A0W3-01	1	lumB_pole	rna	9	RPS6KA5	-0.038630273193120956	2.1149203777313232	0.386256605386734
TCGA-BH-A0W3-01	1	lumB_pole	rna	10	PHF5A	-0.03656290844082832	-2.0652122497558594	0.386256605386734
TCGA-BH-A0W3-01	1	lumB_pole	meth	1	cg09970590	0.08083626627922058	-2.446974277496338	0.386256605386734
TCGA-BH-A0W3-01	1	lumB_pole	meth	2	cg13800209	0.051684461534023285	1.5108883380889893	0.386256605386734
TCGA-BH-A0W3-01	1	lumB_pole	meth	3	cg14660676	-0.04060230776667595	1.415992021560669	0.386256605386734
TCGA-BH-A0W3-01	1	lumB_pole	meth	4	cg13181164	0.03866380453109741	1.9321843385696411	0.386256605386734
TCGA-BH-A0W3-01	1	lumB_pole	meth	5	cg24800655	0.03647230938076973	0.9209516048431396	0.386256605386734
TCGA-BH-A0W3-01	1	lumB_pole	meth	6	cg16898193	0.03219374641776085	-1.0490763187408447	0.386256605386734
TCGA-BH-A0W3-01	1	lumB_pole	meth	7	cg03287339	0.03173122927546501	-0.6918302178382874	0.386256605386734
TCGA-BH-A0W3-01	1	lumB_pole	meth	8	cg16236270	-0.029959341511130333	-0.7263851761817932	0.386256605386734
TCGA-BH-A0W3-01	1	lumB_pole	meth	9	cg02852791	-0.028636911883950233	1.0169144868850708	0.386256605386734
TCGA-BH-A0W3-01	1	lumB_pole	meth	10	cg05923595	-0.028068482875823975	-1.6776970624923706	0.386256605386734
TCGA-BH-A1EO-01	0	lumB_pole	rna	1	NBN	0.012706073932349682	3.013437271118164	0.16267001628875732
TCGA-BH-A1EO-01	0	lumB_pole	rna	2	TLE3	0.00663868198171258	-1.9938491582870483	0.16267001628875732
TCGA-BH-A1EO-01	0	lumB_pole	rna	3	TIPIN	-0.006480734795331955	-2.230900526046753	0.16267001628875732
TCGA-BH-A1EO-01	0	lumB_pole	rna	4	MRPL9	-0.0050470540300011635	-1.539783239364624	0.16267001628875732
TCGA-BH-A1EO-01	0	lumB_pole	rna	5	NDUFAB1	-0.004830730613321066	-1.1107306480407715	0.16267001628875732
TCGA-BH-A1EO-01	0	lumB_pole	rna	6	TACC3	-0.004444767255336046	-1.2299211025238037	0.16267001628875732
TCGA-BH-A1EO-01	0	lumB_pole	rna	7	FBRSL1	0.004040845204144716	-1.7071866989135742	0.16267001628875732
TCGA-BH-A1EO-01	0	lumB_pole	rna	8	ACP1	-0.003997189924120903	-1.2246979475021362	0.16267001628875732
TCGA-BH-A1EO-01	0	lumB_pole	rna	9	CDK4	0.003957821987569332	-2.161386489868164	0.16267001628875732
TCGA-BH-A1EO-01	0	lumB_pole	rna	10	RPL6	0.0039446186274290085	-1.0767375230789185	0.16267001628875732
TCGA-BH-A1EO-01	0	lumB_pole	meth	1	cg01252526	-0.01103189680725336	1.1935842037200928	0.16267001628875732
TCGA-BH-A1EO-01	0	lumB_pole	meth	2	cg16236270	0.010290487669408321	1.1291475296020508	0.16267001628875732
TCGA-BH-A1EO-01	0	lumB_pole	meth	3	cg03287339	-0.008701162412762642	1.3971474170684814	0.16267001628875732
TCGA-BH-A1EO-01	0	lumB_pole	meth	4	cg15742848	0.007934809662401676	1.4784843921661377	0.16267001628875732
TCGA-BH-A1EO-01	0	lumB_pole	meth	5	cg14982203	-0.006041145417839289	-0.8492634296417236	0.16267001628875732
TCGA-BH-A1EO-01	0	lumB_pole	meth	6	cg13181974	-0.005732557270675898	-1.260901927947998	0.16267001628875732
TCGA-BH-A1EO-01	0	lumB_pole	meth	7	cg02852791	-0.005552009679377079	0.7850694060325623	0.16267001628875732
TCGA-BH-A1EO-01	0	lumB_pole	meth	8	cg05703053	0.0053856647573411465	1.3819191455841064	0.16267001628875732
TCGA-BH-A1EO-01	0	lumB_pole	meth	9	cg10304922	-0.005329158157110214	1.0877660512924194	0.16267001628875732
TCGA-BH-A1EO-01	0	lumB_pole	meth	10	cg23824801	0.005273253656923771	1.175742506980896	0.16267001628875732
TCGA-BH-A1EU-01	0	lumB_pole	rna	1	CCT3	-0.0026513095945119858	-2.260075092315674	0.13822318613529205
TCGA-BH-A1EU-01	0	lumB_pole	rna	2	PAICS	-0.0022459339816123247	-2.0677759647369385	0.13822318613529205
TCGA-BH-A1EU-01	0	lumB_pole	rna	3	NME1	-0.002130717970430851	-2.1438398361206055	0.13822318613529205
TCGA-BH-A1EU-01	0	lumB_pole	rna	4	AIMP2	-0.0021293880417943	-1.6885550022125244	0.13822318613529205
TCGA-BH-A1EU-01	0	lumB_pole	rna	5	ING3	-0.0018182566855102777	1.8575047254562378	0.13822318613529205
TCGA-BH-A1EU-01	0	lumB_pole	rna	6	KIFC1	-0.0018091696547344327	-1.7041889429092407	0.13822318613529205
TCGA-BH-A1EU-01	0	lumB_pole	rna	7	UNG	-0.001764640212059021	-2.375521183013916	0.13822318613529205
TCGA-BH-A1EU-01	0	lumB_pole	rna	8	NBN	0.0017144475132226944	1.1102421283721924	0.13822318613529205
TCGA-BH-A1EU-01	0	lumB_pole	rna	9	CBX5	0.0016535413451492786	2.002685785293579	0.13822318613529205
TCGA-BH-A1EU-01	0	lumB_pole	rna	10	NOTCH2	-0.0016079916385933757	1.8513435125350952	0.13822318613529205
TCGA-BH-A1EU-01	0	lumB_pole	meth	1	cg02103401	0.005333869718015194	-1.2479078769683838	0.13822318613529205
TCGA-BH-A1EU-01	0	lumB_pole	meth	2	cg05923595	-0.004506030585616827	-1.358944296836853	0.13822318613529205
TCGA-BH-A1EU-01	0	lumB_pole	meth	3	cg20402783	-0.004280443768948317	-1.3834267854690552	0.13822318613529205
TCGA-BH-A1EU-01	0	lumB_pole	meth	4	cg16898193	-0.003582233330234885	1.0935300588607788	0.13822318613529205
TCGA-BH-A1EU-01	0	lumB_pole	meth	5	cg10304922	0.003437155159190297	-1.1274170875549316	0.13822318613529205
TCGA-BH-A1EU-01	0	lumB_pole	meth	6	cg16236270	0.003296992974355817	0.7233968377113342	0.13822318613529205
TCGA-BH-A1EU-01	0	lumB_pole	meth	7	cg13800209	0.0031630005687475204	-1.7345409393310547	0.13822318613529205
TCGA-BH-A1EU-01	0	lumB_pole	meth	8	cg09840968	-0.0031359391286969185	-0.9032828211784363	0.13822318613529205
TCGA-BH-A1EU-01	0	lumB_pole	meth	9	cg26487157	0.0031136523466557264	-1.1756291389465332	0.13822318613529205
TCGA-BH-A1EU-01	0	lumB_pole	meth	10	cg05703053	-0.0030223927460610867	-0.9093638062477112	0.13822318613529205
TCGA-BH-A1F5-01	0	lumB_pole	rna	1	MXD3	-0.014314811676740646	-2.813647985458374	0.20256341993808746
TCGA-BH-A1F5-01	0	lumB_pole	rna	2	MCM7	-0.01327864546328783	-3.2605063915252686	0.20256341993808746
TCGA-BH-A1F5-01	0	lumB_pole	rna	3	NBN	0.013053307309746742	1.540207862854004	0.20256341993808746
TCGA-BH-A1F5-01	0	lumB_pole	rna	4	GSPT1	0.012936638668179512	3.2347371578216553	0.20256341993808746
TCGA-BH-A1F5-01	0	lumB_pole	rna	5	RPS5	0.012798835523426533	-2.737820863723755	0.20256341993808746
TCGA-BH-A1F5-01	0	lumB_pole	rna	6	EIF3D	0.012342937290668488	-3.461210012435913	0.20256341993808746
TCGA-BH-A1F5-01	0	lumB_pole	rna	7	RANBP1	-0.012271963059902191	-2.8286221027374268	0.20256341993808746
TCGA-BH-A1F5-01	0	lumB_pole	rna	8	TACC3	-0.012141547165811062	-2.8622944355010986	0.20256341993808746
TCGA-BH-A1F5-01	0	lumB_pole	rna	9	SPAG5	-0.011136965826153755	-1.289995789527893	0.20256341993808746
TCGA-BH-A1F5-01	0	lumB_pole	rna	10	DHX15	0.01062171533703804	1.722686529159546	0.20256341993808746
TCGA-BH-A1F5-01	0	lumB_pole	meth	1	cg06539449	0.020943982526659966	-2.2903900146484375	0.20256341993808746
TCGA-BH-A1F5-01	0	lumB_pole	meth	2	cg16236270	0.01944691315293312	0.9942589402198792	0.20256341993808746
TCGA-BH-A1F5-01	0	lumB_pole	meth	3	cg02852791	-0.0102484580129385	0.9120619893074036	0.20256341993808746
TCGA-BH-A1F5-01	0	lumB_pole	meth	4	cg26203572	-0.010223941877484322	-1.288680911064148	0.20256341993808746
TCGA-BH-A1F5-01	0	lumB_pole	meth	5	cg24800655	0.010211811400949955	0.8241788744926453	0.20256341993808746
TCGA-BH-A1F5-01	0	lumB_pole	meth	6	cg26708220	0.0101968077942729	-2.0730507373809814	0.20256341993808746
TCGA-BH-A1F5-01	0	lumB_pole	meth	7	cg12903574	0.0100135812535882	-1.7567352056503296	0.20256341993808746
TCGA-BH-A1F5-01	0	lumB_pole	meth	8	cg13224075	-0.009878113865852356	-1.4815233945846558	0.20256341993808746
TCGA-BH-A1F5-01	0	lumB_pole	meth	9	cg14660676	-0.009694177657365799	0.9264893531799316	0.20256341993808746
TCGA-BH-A1F5-01	0	lumB_pole	meth	10	cg15902390	0.00933920405805111	-2.0549023151397705	0.20256341993808746
TCGA-BH-A1FD-01	1	lumB_pole	rna	1	DSCC1	0.041972991079092026	2.587259531021118	0.6088893413543701
TCGA-BH-A1FD-01	1	lumB_pole	rna	2	SLC7A1	-0.0308662299066782	2.395258903503418	0.6088893413543701
TCGA-BH-A1FD-01	1	lumB_pole	rna	3	STARD7	-0.030557934194803238	2.748549461364746	0.6088893413543701
TCGA-BH-A1FD-01	1	lumB_pole	rna	4	IFRD1	0.029913118109107018	2.8810510635375977	0.6088893413543701
TCGA-BH-A1FD-01	1	lumB_pole	rna	5	SSRP1	0.029041262343525887	2.022491693496704	0.6088893413543701
TCGA-BH-A1FD-01	1	lumB_pole	rna	6	HUS1	-0.027597738429903984	2.8079030513763428	0.6088893413543701
TCGA-BH-A1FD-01	1	lumB_pole	rna	7	NPM1	-0.025296922773122787	2.075284957885742	0.6088893413543701
TCGA-BH-A1FD-01	1	lumB_pole	rna	8	XPOT	0.024785127490758896	2.202637195587158	0.6088893413543701
TCGA-BH-A1FD-01	1	lumB_pole	rna	9	EFNA5	-0.022410336881875992	1.3790119886398315	0.6088893413543701
TCGA-BH-A1FD-01	1	lumB_pole	rna	10	RPL34	0.02204105630517006	-2.156989097595215	0.6088893413543701
TCGA-BH-A1FD-01	1	lumB_pole	meth	1	cg16236270	-0.04926362633705139	-1.8174283504486084	0.6088893413543701
TCGA-BH-A1FD-01	1	lumB_pole	meth	2	cg21478921	0.04662644490599632	-3.0206098556518555	0.6088893413543701
TCGA-BH-A1FD-01	1	lumB_pole	meth	3	cg10328877	0.03014768660068512	2.2626755237579346	0.6088893413543701
TCGA-BH-A1FD-01	1	lumB_pole	meth	4	cg18696576	0.02869286946952343	1.8047585487365723	0.6088893413543701
TCGA-BH-A1FD-01	1	lumB_pole	meth	5	cg14660676	0.027978872880339622	-1.1931500434875488	0.6088893413543701
TCGA-BH-A1FD-01	1	lumB_pole	meth	6	cg05923595	0.02558702975511551	0.9758888483047485	0.6088893413543701
TCGA-BH-A1FD-01	1	lumB_pole	meth	7	cg05703053	-0.024131327867507935	-1.2328704595565796	0.6088893413543701
TCGA-BH-A1FD-01	1	lumB_pole	meth	8	cg19757631	0.020798709243535995	-1.19754958152771	0.6088893413543701
TCGA-BH-A1FD-01	1	lumB_pole	meth	9	cg14982203	0.019711146131157875	1.4996390342712402	0.6088893413543701
TCGA-BH-A1FD-01	1	lumB_pole	meth	10	cg24607398	-0.01919136941432953	-1.4818204641342163	0.6088893413543701
TCGA-BH-A1FR-01	0	lumB_pole	rna	1	GOT2	0.010191263630986214	2.118288516998291	0.158627450466156
TCGA-BH-A1FR-01	0	lumB_pole	rna	2	TLE3	-0.006292941048741341	2.4641287326812744	0.158627450466156
TCGA-BH-A1FR-01	0	lumB_pole	rna	3	UCK2	-0.005871534813195467	-1.5789371728897095	0.158627450466156
TCGA-BH-A1FR-01	0	lumB_pole	rna	4	HDGF	-0.005415481515228748	-1.3168069124221802	0.158627450466156
TCGA-BH-A1FR-01	0	lumB_pole	rna	5	CKS1B	-0.005147723015397787	-1.1175215244293213	0.158627450466156
TCGA-BH-A1FR-01	0	lumB_pole	rna	6	NBN	-0.0044632162898778915	-0.9245671629905701	0.158627450466156
TCGA-BH-A1FR-01	0	lumB_pole	rna	7	SMAD3	-0.003955718129873276	1.3160877227783203	0.158627450466156
TCGA-BH-A1FR-01	0	lumB_pole	rna	8	CDKN1B	0.003599120071157813	-3.413769483566284	0.158627450466156
TCGA-BH-A1FR-01	0	lumB_pole	rna	9	FBL	0.0035329172387719154	-1.4115636348724365	0.158627450466156
TCGA-BH-A1FR-01	0	lumB_pole	rna	10	XPOT	-0.0033417975064367056	-1.0655032396316528	0.158627450466156
TCGA-BH-A1FR-01	0	lumB_pole	meth	1	cg09840968	0.011075451038777828	1.4856644868850708	0.158627450466156
TCGA-BH-A1FR-01	0	lumB_pole	meth	2	cg21478921	0.007544794585555792	-2.1335060596466064	0.158627450466156
TCGA-BH-A1FR-01	0	lumB_pole	meth	3	cg14515791	0.006985438521951437	1.3356730937957764	0.158627450466156
TCGA-BH-A1FR-01	0	lumB_pole	meth	4	cg16236270	-0.006886875256896019	-0.9896531701087952	0.158627450466156
TCGA-BH-A1FR-01	0	lumB_pole	meth	5	cg14660676	-0.005825781263411045	1.4705678224563599	0.158627450466156
TCGA-BH-A1FR-01	0	lumB_pole	meth	6	cg24800655	-0.0057411035522818565	-1.3350638151168823	0.158627450466156
TCGA-BH-A1FR-01	0	lumB_pole	meth	7	cg08169949	0.005732194986194372	-0.8889546394348145	0.158627450466156
TCGA-BH-A1FR-01	0	lumB_pole	meth	8	cg13224075	0.0055325268767774105	1.320530652999878	0.158627450466156
TCGA-BH-A1FR-01	0	lumB_pole	meth	9	cg22730327	0.005433759652078152	1.3468141555786133	0.158627450466156
TCGA-BH-A1FR-01	0	lumB_pole	meth	10	cg25134328	-0.005379657726734877	1.1005933284759521	0.158627450466156
TCGA-BH-A28Q-01	0	lumB_pole	rna	1	NBN	-0.00290161301381886	-1.7184972763061523	0.1524716317653656
TCGA-BH-A28Q-01	0	lumB_pole	rna	2	KIF4A	-0.002895668148994446	-1.550187587738037	0.1524716317653656
TCGA-BH-A28Q-01	0	lumB_pole	rna	3	CCNB2	-0.0022532627917826176	-1.267972469329834	0.1524716317653656
TCGA-BH-A28Q-01	0	lumB_pole	rna	4	KIFC1	-0.002058105543255806	-1.6445120573043823	0.1524716317653656
TCGA-BH-A28Q-01	0	lumB_pole	rna	5	DLGAP5	-0.0018874179804697633	-1.2770487070083618	0.1524716317653656
TCGA-BH-A28Q-01	0	lumB_pole	rna	6	FOXM1	-0.0017969791078940034	-1.6357548236846924	0.1524716317653656
TCGA-BH-A28Q-01	0	lumB_pole	rna	7	CUL4A	0.0016696791863068938	-1.7346038818359375	0.1524716317653656
TCGA-BH-A28Q-01	0	lumB_pole	rna	8	MCM6	-0.0016333353705704212	-1.3462562561035156	0.1524716317653656
TCGA-BH-A28Q-01	0	lumB_pole	rna	9	TACC3	-0.0016108270501717925	-1.6947792768478394	0.1524716317653656
TCGA-BH-A28Q-01	0	lumB_pole	rna	10	NUSAP1	-0.0015889581991359591	-1.452148675918579	0.1524716317653656
TCGA-BH-A28Q-01	0	lumB_pole	meth	1	cg14982203	0.011527338065207005	1.6306473016738892	0.1524716317653656
TCGA-BH-A28Q-01	0	lumB_pole	meth	2	cg03287339	-0.008542158640921116	1.5214171409606934	0.1524716317653656
TCGA-BH-A28Q-01	0	lumB_pole	meth	3	cg25134328	0.007403664290904999	-1.1367207765579224	0.1524716317653656
TCGA-BH-A28Q-01	0	lumB_pole	meth	4	cg04726821	0.005940501112490892	1.9220499992370605	0.1524716317653656
TCGA-BH-A28Q-01	0	lumB_pole	meth	5	cg21116267	0.0059346104972064495	1.9578499794006348	0.1524716317653656
TCGA-BH-A28Q-01	0	lumB_pole	meth	6	cg05670953	-0.005398162174969912	2.349846601486206	0.1524716317653656
TCGA-BH-A28Q-01	0	lumB_pole	meth	7	cg22730327	0.0053433203138411045	1.2822654247283936	0.1524716317653656
TCGA-BH-A28Q-01	0	lumB_pole	meth	8	cg09970590	-0.004933285992592573	0.9630488753318787	0.1524716317653656
TCGA-BH-A28Q-01	0	lumB_pole	meth	9	cg02852791	-0.004769607447087765	0.782562792301178	0.1524716317653656
TCGA-BH-A28Q-01	0	lumB_pole	meth	10	cg24504442	0.0046227360144257545	1.4541077613830566	0.1524716317653656
TCGA-BH-A2L8-01	0	lumB_pole	rna	1	RPL34	-0.004959775134921074	1.938929796218872	0.16555021703243256
TCGA-BH-A2L8-01	0	lumB_pole	rna	2	PLK4	0.004649377427995205	2.2028021812438965	0.16555021703243256
TCGA-BH-A2L8-01	0	lumB_pole	rna	3	RANBP1	0.0035427988041192293	1.0490152835845947	0.16555021703243256
TCGA-BH-A2L8-01	0	lumB_pole	rna	4	CCT3	0.002932388335466385	1.3477946519851685	0.16555021703243256
TCGA-BH-A2L8-01	0	lumB_pole	rna	5	BRIP1	-0.0029276139102876186	-1.7115581035614014	0.16555021703243256
TCGA-BH-A2L8-01	0	lumB_pole	rna	6	ARID4A	-0.0027652925346046686	-1.3429168462753296	0.16555021703243256
TCGA-BH-A2L8-01	0	lumB_pole	rna	7	NHP2	0.002559984801337123	1.4397441148757935	0.16555021703243256
TCGA-BH-A2L8-01	0	lumB_pole	rna	8	PHB2	-0.0024251549039036036	1.4316658973693848	0.16555021703243256
TCGA-BH-A2L8-01	0	lumB_pole	rna	9	RAD21	-0.0023840349167585373	-1.7916274070739746	0.16555021703243256
TCGA-BH-A2L8-01	0	lumB_pole	rna	10	SMC6	-0.00234425556845963	-0.7920966148376465	0.16555021703243256
TCGA-BH-A2L8-01	0	lumB_pole	meth	1	cg03287339	-0.007223986554890871	0.7153196334838867	0.16555021703243256
TCGA-BH-A2L8-01	0	lumB_pole	meth	2	cg04726821	0.007018578704446554	0.8019516468048096	0.16555021703243256
TCGA-BH-A2L8-01	0	lumB_pole	meth	3	cg14982203	-0.006469384301453829	-0.9207954406738281	0.16555021703243256
TCGA-BH-A2L8-01	0	lumB_pole	meth	4	cg12961607	0.004137623123824596	-1.6927058696746826	0.16555021703243256
TCGA-BH-A2L8-01	0	lumB_pole	meth	5	cg19084479	-0.004124332219362259	0.5042734146118164	0.16555021703243256
TCGA-BH-A2L8-01	0	lumB_pole	meth	6	cg14515791	0.003969911020249128	0.6411672830581665	0.16555021703243256
TCGA-BH-A2L8-01	0	lumB_pole	meth	7	cg02103401	-0.003953778184950352	0.627299964427948	0.16555021703243256
TCGA-BH-A2L8-01	0	lumB_pole	meth	8	cg22730327	0.00372546655125916	0.896649181842804	0.16555021703243256
TCGA-BH-A2L8-01	0	lumB_pole	meth	9	cg00544436	0.003599760588258505	-0.621380090713501	0.16555021703243256
TCGA-BH-A2L8-01	0	lumB_pole	meth	10	cg25134328	0.003424265654757619	-0.53428053855896	0.16555021703243256
TCGA-C8-A1HG-01	1	lumB_pole	rna	1	XPOT	0.01879643090069294	3.5460920333862305	0.6428547501564026
TCGA-C8-A1HG-01	1	lumB_pole	rna	2	RANBP1	0.017659790813922882	2.644684314727783	0.6428547501564026
TCGA-C8-A1HG-01	1	lumB_pole	rna	3	DSCC1	0.015606414526700974	3.2708845138549805	0.6428547501564026
TCGA-C8-A1HG-01	1	lumB_pole	rna	4	TCF19	0.013277636840939522	2.3670334815979004	0.6428547501564026
TCGA-C8-A1HG-01	1	lumB_pole	rna	5	CHEK2	0.012896730564534664	2.298874855041504	0.6428547501564026
TCGA-C8-A1HG-01	1	lumB_pole	rna	6	EGF	-0.012663555331528187	-2.7513325214385986	0.6428547501564026
TCGA-C8-A1HG-01	1	lumB_pole	rna	7	NBN	0.01196741871535778	2.050839424133301	0.6428547501564026
TCGA-C8-A1HG-01	1	lumB_pole	rna	8	NDC80	0.011629960499703884	2.431539297103882	0.6428547501564026
TCGA-C8-A1HG-01	1	lumB_pole	rna	9	PPP1R8	-0.011578481644392014	2.270170211791992	0.6428547501564026
TCGA-C8-A1HG-01	1	lumB_pole	rna	10	PTTG3P	0.011317901313304901	5.691599369049072	0.6428547501564026
TCGA-C8-A1HG-01	1	lumB_pole	meth	1	cg12961607	0.03199471905827522	-2.109820604324341	0.6428547501564026
TCGA-C8-A1HG-01	1	lumB_pole	meth	2	cg09970590	0.02900717593729496	-1.8252642154693604	0.6428547501564026
TCGA-C8-A1HG-01	1	lumB_pole	meth	3	cg05923595	-0.02641720324754715	-1.5628492832183838	0.6428547501564026
TCGA-C8-A1HG-01	1	lumB_pole	meth	4	cg16236270	-0.022768424823880196	-1.3581560850143433	0.6428547501564026
TCGA-C8-A1HG-01	1	lumB_pole	meth	5	cg24607398	-0.01923670433461666	-1.3733388185501099	0.6428547501564026
TCGA-C8-A1HG-01	1	lumB_pole	meth	6	cg05703053	0.017913103103637695	1.3815373182296753	0.6428547501564026
TCGA-C8-A1HG-01	1	lumB_pole	meth	7	cg26708220	0.01622808910906315	-2.0754573345184326	0.6428547501564026
TCGA-C8-A1HG-01	1	lumB_pole	meth	8	cg04726821	-0.01483624055981636	-0.8135532736778259	0.6428547501564026
TCGA-C8-A1HG-01	1	lumB_pole	meth	9	cg24800655	-0.014571941457688808	-1.379417896270752	0.6428547501564026
TCGA-C8-A1HG-01	1	lumB_pole	meth	10	cg01252526	0.014286819845438004	-1.0698696374893188	0.6428547501564026
TCGA-C8-A26V-01	1	lumB_pole	rna	1	EFNA5	-0.06422727555036545	1.4829437732696533	0.4361860454082489
TCGA-C8-A26V-01	1	lumB_pole	rna	2	LBR	-0.06067381054162979	-2.15059232711792	0.4361860454082489
TCGA-C8-A26V-01	1	lumB_pole	rna	3	MRPL9	-0.0531185120344162	-1.7475379705429077	0.4361860454082489
TCGA-C8-A26V-01	1	lumB_pole	rna	4	EIF2S1	-0.045549873262643814	-2.091750144958496	0.4361860454082489
TCGA-C8-A26V-01	1	lumB_pole	rna	5	POLA2	0.04339921101927757	1.116827130317688	0.4361860454082489
TCGA-C8-A26V-01	1	lumB_pole	rna	6	EIF4G2	-0.040331680327653885	1.87099027633667	0.4361860454082489
TCGA-C8-A26V-01	1	lumB_pole	rna	7	MEIS2	0.03533443808555603	-1.1804193258285522	0.4361860454082489
TCGA-C8-A26V-01	1	lumB_pole	rna	8	EED	0.03504159674048424	1.51215398311615	0.4361860454082489
TCGA-C8-A26V-01	1	lumB_pole	rna	9	RPA2	-0.033938027918338776	1.4625712633132935	0.4361860454082489
TCGA-C8-A26V-01	1	lumB_pole	rna	10	NDC80	0.031022850424051285	0.6528077721595764	0.4361860454082489
TCGA-C8-A26V-01	1	lumB_pole	meth	1	cg03287339	0.05576196685433388	-1.089079737663269	0.4361860454082489
TCGA-C8-A26V-01	1	lumB_pole	meth	2	cg01252526	0.04862702637910843	-1.0833407640457153	0.4361860454082489
TCGA-C8-A26V-01	1	lumB_pole	meth	3	cg06719445	0.04760275036096573	-1.897406816482544	0.4361860454082489
TCGA-C8-A26V-01	1	lumB_pole	meth	4	cg14660676	-0.03593987599015236	0.9760273098945618	0.4361860454082489
TCGA-C8-A26V-01	1	lumB_pole	meth	5	cg20687242	-0.030196281149983406	-1.0983861684799194	0.4361860454082489
TCGA-C8-A26V-01	1	lumB_pole	meth	6	cg08479476	-0.02989894710481167	1.4898033142089844	0.4361860454082489
TCGA-C8-A26V-01	1	lumB_pole	meth	7	cg10752421	0.028449194505810738	1.2793431282043457	0.4361860454082489
TCGA-C8-A26V-01	1	lumB_pole	meth	8	cg05923595	0.02752746269106865	1.0343202352523804	0.4361860454082489
TCGA-C8-A26V-01	1	lumB_pole	meth	9	cg08169949	-0.026746777817606926	1.7397935390472412	0.4361860454082489
TCGA-C8-A26V-01	1	lumB_pole	meth	10	cg25134328	-0.026607481762766838	1.3697607517242432	0.4361860454082489
TCGA-C8-A26Z-01	0	lumB_pole	rna	1	TXNL4A	-0.046703536063432693	-2.2099716663360596	0.3669131100177765
TCGA-C8-A26Z-01	0	lumB_pole	rna	2	ZW10	-0.041485972702503204	-1.2369823455810547	0.3669131100177765
TCGA-C8-A26Z-01	0	lumB_pole	rna	3	EFNA5	0.04033231735229492	-1.405177116394043	0.3669131100177765
TCGA-C8-A26Z-01	0	lumB_pole	rna	4	EGF	-0.03925476595759392	-1.596954107284546	0.3669131100177765
TCGA-C8-A26Z-01	0	lumB_pole	rna	5	TGFB1	0.03770093992352486	-1.3441109657287598	0.3669131100177765
TCGA-C8-A26Z-01	0	lumB_pole	rna	6	NPM1	0.03506027162075043	-1.2990254163742065	0.3669131100177765
TCGA-C8-A26Z-01	0	lumB_pole	rna	7	EEF1B2	0.032987285405397415	-2.2092862129211426	0.3669131100177765
TCGA-C8-A26Z-01	0	lumB_pole	rna	8	IPO7	0.03273393586277962	1.7564390897750854	0.3669131100177765
TCGA-C8-A26Z-01	0	lumB_pole	rna	9	SSRP1	-0.0318201519548893	-1.3607616424560547	0.3669131100177765
TCGA-C8-A26Z-01	0	lumB_pole	rna	10	STARD7	0.031359415501356125	-1.5643504858016968	0.3669131100177765
TCGA-C8-A26Z-01	0	lumB_pole	meth	1	cg01252526	0.04104859381914139	-1.0770542621612549	0.3669131100177765
TCGA-C8-A26Z-01	0	lumB_pole	meth	2	cg02852791	0.039192378520965576	-2.380974769592285	0.3669131100177765
TCGA-C8-A26Z-01	0	lumB_pole	meth	3	cg15902390	0.03633838891983032	-2.1494874954223633	0.3669131100177765
TCGA-C8-A26Z-01	0	lumB_pole	meth	4	cg13800209	-0.0350986011326313	-1.6592624187469482	0.3669131100177765
TCGA-C8-A26Z-01	0	lumB_pole	meth	5	cg25134328	0.033211708068847656	-1.3335354328155518	0.3669131100177765
TCGA-C8-A26Z-01	0	lumB_pole	meth	6	cg16898193	0.0243546012789011	-1.1917048692703247	0.3669131100177765
TCGA-C8-A26Z-01	0	lumB_pole	meth	7	cg13181164	-0.023791290819644928	-1.593483805656433	0.3669131100177765
TCGA-C8-A26Z-01	0	lumB_pole	meth	8	cg08479476	-0.02361239679157734	1.6357303857803345	0.3669131100177765
TCGA-C8-A26Z-01	0	lumB_pole	meth	9	cg13181974	-0.021752217784523964	-1.482363224029541	0.3669131100177765
TCGA-C8-A26Z-01	0	lumB_pole	meth	10	cg23279522	-0.021560057997703552	1.2380719184875488	0.3669131100177765
TCGA-C8-A274-01	1	lumB_pole	rna	1	EFNA5	-0.08230657875537872	1.8258895874023438	0.37367960810661316
TCGA-C8-A274-01	1	lumB_pole	rna	2	SMC6	0.06664582341909409	2.20645809173584	0.37367960810661316
TCGA-C8-A274-01	1	lumB_pole	rna	3	RANBP1	-0.052287645637989044	-0.977629542350769	0.37367960810661316
TCGA-C8-A274-01	1	lumB_pole	rna	4	EIF3B	-0.04739728197455406	-2.725215196609497	0.37367960810661316
TCGA-C8-A274-01	1	lumB_pole	rna	5	MRPL9	0.04683365672826767	2.007298231124878	0.37367960810661316
TCGA-C8-A274-01	1	lumB_pole	rna	6	CKS1B	0.045689165592193604	0.8695880174636841	0.37367960810661316
TCGA-C8-A274-01	1	lumB_pole	rna	7	ODC1	0.04088880866765976	-2.38643741607666	0.37367960810661316
TCGA-C8-A274-01	1	lumB_pole	rna	8	HELLS	0.03857215493917465	1.2845962047576904	0.37367960810661316
TCGA-C8-A274-01	1	lumB_pole	rna	9	RSL1D1	-0.03851766884326935	-2.123422861099243	0.37367960810661316
TCGA-C8-A274-01	1	lumB_pole	rna	10	DUT	-0.03845721855759621	-1.805564284324646	0.37367960810661316
TCGA-C8-A274-01	1	lumB_pole	meth	1	cg14982203	0.069015271961689	2.251127243041992	0.37367960810661316
TCGA-C8-A274-01	1	lumB_pole	meth	2	cg03287339	-0.06667998433113098	1.6237326860427856	0.37367960810661316
TCGA-C8-A274-01	1	lumB_pole	meth	3	cg01252526	-0.05888210982084274	1.519586205482483	0.37367960810661316
TCGA-C8-A274-01	1	lumB_pole	meth	4	cg16236270	-0.04940788075327873	-1.3755143880844116	0.37367960810661316
TCGA-C8-A274-01	1	lumB_pole	meth	5	cg05923595	0.04115079715847969	1.2422548532485962	0.37367960810661316
TCGA-C8-A274-01	1	lumB_pole	meth	6	cg14660676	-0.040535375475883484	1.0885372161865234	0.37367960810661316
TCGA-C8-A274-01	1	lumB_pole	meth	7	cg21116267	0.03591417148709297	1.7472869157791138	0.37367960810661316
TCGA-C8-A274-01	1	lumB_pole	meth	8	cg06719445	0.0304292980581522	-1.9830154180526733	0.37367960810661316
TCGA-C8-A274-01	1	lumB_pole	meth	9	cg08430604	0.030260760337114334	-1.3519067764282227	0.37367960810661316
TCGA-C8-A274-01	1	lumB_pole	meth	10	cg13181164	0.028526553884148598	1.511029601097107	0.37367960810661316
TCGA-D8-A1JE-01	1	lumB_pole	rna	1	SLC38A1	0.06309716403484344	-4.036681652069092	0.29295438528060913
TCGA-D8-A1JE-01	1	lumB_pole	rna	2	SMC6	0.05077185109257698	2.513894557952881	0.29295438528060913
TCGA-D8-A1JE-01	1	lumB_pole	rna	3	HNRNPA2B1	-0.043523162603378296	-2.2777295112609863	0.29295438528060913
TCGA-D8-A1JE-01	1	lumB_pole	rna	4	EIF4H	-0.03463960438966751	-3.090663433074951	0.29295438528060913
TCGA-D8-A1JE-01	1	lumB_pole	rna	5	SLC12A2	-0.03396263346076012	2.1749014854431152	0.29295438528060913
TCGA-D8-A1JE-01	1	lumB_pole	rna	6	HPRT1	0.03127381578087807	1.6624629497528076	0.29295438528060913
TCGA-D8-A1JE-01	1	lumB_pole	rna	7	SSRP1	-0.027614615857601166	-1.6063816547393799	0.29295438528060913
TCGA-D8-A1JE-01	1	lumB_pole	rna	8	RPS3	0.027591492980718613	-1.6878492832183838	0.29295438528060913
TCGA-D8-A1JE-01	1	lumB_pole	rna	9	RAD1	0.027137327939271927	1.9031267166137695	0.29295438528060913
TCGA-D8-A1JE-01	1	lumB_pole	rna	10	HDGF	-0.026827597990632057	-1.041342854499817	0.29295438528060913
TCGA-D8-A1JE-01	1	lumB_pole	meth	1	cg06719445	0.06252606958150864	-2.0142226219177246	0.29295438528060913
TCGA-D8-A1JE-01	1	lumB_pole	meth	2	cg16236270	-0.02643509767949581	-1.029432773590088	0.29295438528060913
TCGA-D8-A1JE-01	1	lumB_pole	meth	3	cg23824801	-0.02573460340499878	-1.3595249652862549	0.29295438528060913
TCGA-D8-A1JE-01	1	lumB_pole	meth	4	cg05923595	-0.023404864594340324	-1.6043556928634644	0.29295438528060913
TCGA-D8-A1JE-01	1	lumB_pole	meth	5	cg15742848	-0.020253820344805717	-1.1887000799179077	0.29295438528060913
TCGA-D8-A1JE-01	1	lumB_pole	meth	6	cg10304922	0.020239492878317833	-1.0925160646438599	0.29295438528060913
TCGA-D8-A1JE-01	1	lumB_pole	meth	7	cg20402783	0.019942207261919975	1.2984963655471802	0.29295438528060913
TCGA-D8-A1JE-01	1	lumB_pole	meth	8	cg24800655	-0.0191744826734066	-0.923376202583313	0.29295438528060913
TCGA-D8-A1JE-01	1	lumB_pole	meth	9	cg14982203	0.0180472731590271	0.8526360988616943	0.29295438528060913
TCGA-D8-A1JE-01	1	lumB_pole	meth	10	cg05703053	-0.015277634374797344	-1.1778706312179565	0.29295438528060913
TCGA-D8-A1JN-01	0	lumB_pole	rna	1	ACP1	0.004446685779839754	3.287926197052002	0.18793173134326935
TCGA-D8-A1JN-01	0	lumB_pole	rna	2	AIMP2	-0.002983421552926302	-2.437664747238159	0.18793173134326935
TCGA-D8-A1JN-01	0	lumB_pole	rna	3	CDC6	-0.002841565990820527	-2.2165956497192383	0.18793173134326935
TCGA-D8-A1JN-01	0	lumB_pole	rna	4	CDC25B	0.002748266328126192	-2.3206593990325928	0.18793173134326935
TCGA-D8-A1JN-01	0	lumB_pole	rna	5	KPNA2	-0.002532148500904441	-3.1109399795532227	0.18793173134326935
TCGA-D8-A1JN-01	0	lumB_pole	rna	6	KIF4A	-0.0025071674026548862	-1.3936548233032227	0.18793173134326935
TCGA-D8-A1JN-01	0	lumB_pole	rna	7	RAD21	-0.0022524951491504908	-1.8714189529418945	0.18793173134326935
TCGA-D8-A1JN-01	0	lumB_pole	rna	8	BRIP1	-0.00222938135266304	-2.190509796142578	0.18793173134326935
TCGA-D8-A1JN-01	0	lumB_pole	rna	9	DLGAP5	-0.002098588040098548	-1.3967539072036743	0.18793173134326935
TCGA-D8-A1JN-01	0	lumB_pole	rna	10	ZW10	0.0020350476261228323	1.6753146648406982	0.18793173134326935
TCGA-D8-A1JN-01	0	lumB_pole	meth	1	cg14982203	0.01873529516160488	2.3761072158813477	0.18793173134326935
TCGA-D8-A1JN-01	0	lumB_pole	meth	2	cg08169949	-0.013771497644484043	2.123204231262207	0.18793173134326935
TCGA-D8-A1JN-01	0	lumB_pole	meth	3	cg14660676	0.013564041815698147	-1.9374794960021973	0.18793173134326935
TCGA-D8-A1JN-01	0	lumB_pole	meth	4	cg16898193	0.011977342888712883	-1.2230910062789917	0.18793173134326935
TCGA-D8-A1JN-01	0	lumB_pole	meth	5	cg00544436	-0.011343554593622684	2.152228355407715	0.18793173134326935
TCGA-D8-A1JN-01	0	lumB_pole	meth	6	cg16236270	0.010791781358420849	1.1175754070281982	0.18793173134326935
TCGA-D8-A1JN-01	0	lumB_pole	meth	7	cg04726821	0.010376734659075737	2.41221022605896	0.18793173134326935
TCGA-D8-A1JN-01	0	lumB_pole	meth	8	cg05923595	0.010108179412782192	1.750808596611023	0.18793173134326935
TCGA-D8-A1JN-01	0	lumB_pole	meth	9	cg03287339	0.009990014135837555	-1.4353785514831543	0.18793173134326935
TCGA-D8-A1JN-01	0	lumB_pole	meth	10	cg01252526	0.00972952600568533	-1.207275390625	0.18793173134326935
TCGA-D8-A1JU-01	0	lumB_pole	rna	1	CCNB2	-0.002383636776357889	-2.802008628845215	0.14693444967269897
TCGA-D8-A1JU-01	0	lumB_pole	rna	2	DLGAP5	-0.0016092576552182436	-2.4459595680236816	0.14693444967269897
TCGA-D8-A1JU-01	0	lumB_pole	rna	3	TPX2	-0.0015646476531401277	-2.989368438720703	0.14693444967269897
TCGA-D8-A1JU-01	0	lumB_pole	rna	4	DBF4	-0.0015079602599143982	-2.1156463623046875	0.14693444967269897
TCGA-D8-A1JU-01	0	lumB_pole	rna	5	KIF4A	-0.001497286488302052	-2.6351590156555176	0.14693444967269897
TCGA-D8-A1JU-01	0	lumB_pole	rna	6	FOXM1	-0.0013796276180073619	-2.7987120151519775	0.14693444967269897
TCGA-D8-A1JU-01	0	lumB_pole	rna	7	KIFC1	-0.0013152476167306304	-2.7555205821990967	0.14693444967269897
TCGA-D8-A1JU-01	0	lumB_pole	rna	8	NUSAP1	-0.0012091704411432147	-2.6908106803894043	0.14693444967269897
TCGA-D8-A1JU-01	0	lumB_pole	rna	9	CENPF	-0.0011584025342017412	-2.853179454803467	0.14693444967269897
TCGA-D8-A1JU-01	0	lumB_pole	rna	10	POLA2	-0.0010937080951407552	-1.5063985586166382	0.14693444967269897
TCGA-D8-A1JU-01	0	lumB_pole	meth	1	cg10752421	-0.0068433755077421665	1.3259962797164917	0.14693444967269897
TCGA-D8-A1JU-01	0	lumB_pole	meth	2	cg07809589	0.00621465127915144	-1.5917303562164307	0.14693444967269897
TCGA-D8-A1JU-01	0	lumB_pole	meth	3	cg13224075	0.005493793170899153	1.3807939291000366	0.14693444967269897
TCGA-D8-A1JU-01	0	lumB_pole	meth	4	cg16927242	0.004397959914058447	-1.4647694826126099	0.14693444967269897
TCGA-D8-A1JU-01	0	lumB_pole	meth	5	cg06539449	-0.0036865686997771263	0.7449195981025696	0.14693444967269897
TCGA-D8-A1JU-01	0	lumB_pole	meth	6	cg19084479	0.0032953089103102684	-1.01813542842865	0.14693444967269897
TCGA-D8-A1JU-01	0	lumB_pole	meth	7	cg24504442	-0.0030541056767106056	-0.9744670987129211	0.14693444967269897
TCGA-D8-A1JU-01	0	lumB_pole	meth	8	cg20687242	0.0028011139947921038	0.6501174569129944	0.14693444967269897
TCGA-D8-A1JU-01	0	lumB_pole	meth	9	cg06741896	0.0027592452242970467	0.6858360171318054	0.14693444967269897
TCGA-D8-A1JU-01	0	lumB_pole	meth	10	cg00031973	0.0026888109277933836	0.8079633712768555	0.14693444967269897
TCGA-D8-A1X9-01	0	lumB_pole	rna	1	EFNA5	0.10073942691087723	-2.370410919189453	0.4826515316963196
TCGA-D8-A1X9-01	0	lumB_pole	rna	2	RANBP1	-0.05937547981739044	-1.331211805343628	0.4826515316963196
TCGA-D8-A1X9-01	0	lumB_pole	rna	3	PRDX3	-0.05134904757142067	-2.099782943725586	0.4826515316963196
TCGA-D8-A1X9-01	0	lumB_pole	rna	4	CKS1B	-0.04848382994532585	-1.0947614908218384	0.4826515316963196
TCGA-D8-A1X9-01	0	lumB_pole	rna	5	NPM1	-0.046136967837810516	2.0396318435668945	0.4826515316963196
TCGA-D8-A1X9-01	0	lumB_pole	rna	6	HIRA	-0.045228369534015656	-1.621315598487854	0.4826515316963196
TCGA-D8-A1X9-01	0	lumB_pole	rna	7	USP1	-0.043036047369241714	2.0126287937164307	0.4826515316963196
TCGA-D8-A1X9-01	0	lumB_pole	rna	8	RPL34	0.04002036899328232	-1.4252381324768066	0.4826515316963196
TCGA-D8-A1X9-01	0	lumB_pole	rna	9	MRPL9	-0.03780817613005638	-1.139259934425354	0.4826515316963196
TCGA-D8-A1X9-01	0	lumB_pole	rna	10	HDDC2	-0.035943880677223206	-2.2317657470703125	0.4826515316963196
TCGA-D8-A1X9-01	0	lumB_pole	meth	1	cg14660676	0.06339563429355621	-1.6776149272918701	0.4826515316963196
TCGA-D8-A1X9-01	0	lumB_pole	meth	2	cg05923595	0.04404574632644653	1.3321181535720825	0.4826515316963196
TCGA-D8-A1X9-01	0	lumB_pole	meth	3	cg26203572	-0.03900685906410217	-1.1244916915893555	0.4826515316963196
TCGA-D8-A1X9-01	0	lumB_pole	meth	4	cg05703053	0.037625752389431	1.6993147134780884	0.4826515316963196
TCGA-D8-A1X9-01	0	lumB_pole	meth	5	cg16236270	0.035301726311445236	0.983410120010376	0.4826515316963196
TCGA-D8-A1X9-01	0	lumB_pole	meth	6	cg20687242	-0.032930873334407806	-1.0933717489242554	0.4826515316963196
TCGA-D8-A1X9-01	0	lumB_pole	meth	7	cg14982203	-0.02967149205505848	-0.9810751676559448	0.4826515316963196
TCGA-D8-A1X9-01	0	lumB_pole	meth	8	cg17642369	0.02922753058373928	-1.461355447769165	0.4826515316963196
TCGA-D8-A1X9-01	0	lumB_pole	meth	9	cg25134328	0.02880139835178852	-1.264931559562683	0.4826515316963196
TCGA-D8-A1X9-01	0	lumB_pole	meth	10	cg08479476	-0.028621336445212364	1.2847166061401367	0.4826515316963196
TCGA-D8-A1XA-01	0	lumB_pole	rna	1	HDAC2	-0.006328816059976816	-2.365291118621826	0.1699632704257965
TCGA-D8-A1XA-01	0	lumB_pole	rna	2	SET	0.006236702669411898	-2.4093146324157715	0.1699632704257965
TCGA-D8-A1XA-01	0	lumB_pole	rna	3	ING3	0.005873485933989286	-2.132733106613159	0.1699632704257965
TCGA-D8-A1XA-01	0	lumB_pole	rna	4	ZW10	0.005838395096361637	1.9287301301956177	0.1699632704257965
TCGA-D8-A1XA-01	0	lumB_pole	rna	5	APEX1	0.005725014489144087	-2.401653289794922	0.1699632704257965
TCGA-D8-A1XA-01	0	lumB_pole	rna	6	TLE3	-0.005539820063859224	2.0081286430358887	0.1699632704257965
TCGA-D8-A1XA-01	0	lumB_pole	rna	7	PSMD14	-0.005406934767961502	-1.9094407558441162	0.1699632704257965
TCGA-D8-A1XA-01	0	lumB_pole	rna	8	NCBP1	-0.005115095060318708	-2.237880229949951	0.1699632704257965
TCGA-D8-A1XA-01	0	lumB_pole	rna	9	DCTPP1	0.005089912097901106	1.3784432411193848	0.1699632704257965
TCGA-D8-A1XA-01	0	lumB_pole	rna	10	SLC38A1	-0.00481715053319931	1.68310546875	0.1699632704257965
TCGA-D8-A1XA-01	0	lumB_pole	meth	1	cg02852791	0.014981802552938461	-2.0505433082580566	0.1699632704257965
TCGA-D8-A1XA-01	0	lumB_pole	meth	2	cg16236270	0.01393586304038763	1.122999906539917	0.1699632704257965
TCGA-D8-A1XA-01	0	lumB_pole	meth	3	cg01252526	0.009602897800505161	-1.1776388883590698	0.1699632704257965
TCGA-D8-A1XA-01	0	lumB_pole	meth	4	cg14982203	0.00801511574536562	1.8130940198898315	0.1699632704257965
TCGA-D8-A1XA-01	0	lumB_pole	meth	5	cg22730327	-0.007645413279533386	-1.478243350982666	0.1699632704257965
TCGA-D8-A1XA-01	0	lumB_pole	meth	6	cg12961607	0.007607129868119955	-1.7533918619155884	0.1699632704257965
TCGA-D8-A1XA-01	0	lumB_pole	meth	7	cg12903574	0.007492679636925459	-1.7404447793960571	0.1699632704257965
TCGA-D8-A1XA-01	0	lumB_pole	meth	8	cg03287339	0.006521961186081171	-1.3819425106048584	0.1699632704257965
TCGA-D8-A1XA-01	0	lumB_pole	meth	9	cg05638439	0.0060448432341217995	-1.4827406406402588	0.1699632704257965
TCGA-D8-A1XA-01	0	lumB_pole	meth	10	cg10328877	0.005957971327006817	1.614660382270813	0.1699632704257965
TCGA-D8-A1XF-01	1	lumB_pole	rna	1	SLC7A1	-0.01919553242623806	3.1350271701812744	0.6622187495231628
TCGA-D8-A1XF-01	1	lumB_pole	rna	2	CKS1B	0.01901828870177269	2.4442477226257324	0.6622187495231628
TCGA-D8-A1XF-01	1	lumB_pole	rna	3	DSCC1	0.017586279660463333	2.9515774250030518	0.6622187495231628
TCGA-D8-A1XF-01	1	lumB_pole	rna	4	SMC6	0.017580030485987663	4.066380500793457	0.6622187495231628
TCGA-D8-A1XF-01	1	lumB_pole	rna	5	EFNA5	0.016562066972255707	-2.319007635116577	0.6622187495231628
TCGA-D8-A1XF-01	1	lumB_pole	rna	6	HMGB3	-0.01486948598176241	-4.241673469543457	0.6622187495231628
TCGA-D8-A1XF-01	1	lumB_pole	rna	7	ATAD2	0.013735398650169373	2.0845983028411865	0.6622187495231628
TCGA-D8-A1XF-01	1	lumB_pole	rna	8	NDC80	0.01344012189656496	2.5333645343780518	0.6622187495231628
TCGA-D8-A1XF-01	1	lumB_pole	rna	9	TCF19	0.013398600742220879	1.9499123096466064	0.6622187495231628
TCGA-D8-A1XF-01	1	lumB_pole	rna	10	EGF	-0.013296612538397312	-2.225435733795166	0.6622187495231628
TCGA-D8-A1XF-01	1	lumB_pole	meth	1	cg26203572	0.03108091652393341	2.074854850769043	0.6622187495231628
TCGA-D8-A1XF-01	1	lumB_pole	meth	2	cg01252526	0.020819175988435745	-0.9357567429542542	0.6622187495231628
TCGA-D8-A1XF-01	1	lumB_pole	meth	3	cg14982203	0.020280515775084496	1.8412246704101562	0.6622187495231628
TCGA-D8-A1XF-01	1	lumB_pole	meth	4	cg08479476	-0.019868744537234306	1.889328122138977	0.6622187495231628
TCGA-D8-A1XF-01	1	lumB_pole	meth	5	cg19757631	-0.019508453086018562	1.638830542564392	0.6622187495231628
TCGA-D8-A1XF-01	1	lumB_pole	meth	6	cg20687242	0.019357921555638313	1.978563904762268	0.6622187495231628
TCGA-D8-A1XF-01	1	lumB_pole	meth	7	cg13181164	0.014964716508984566	1.7877883911132812	0.6622187495231628
TCGA-D8-A1XF-01	1	lumB_pole	meth	8	cg00544436	-0.014375053346157074	2.3991262912750244	0.6622187495231628
TCGA-D8-A1XF-01	1	lumB_pole	meth	9	cg22109530	0.013815730810165405	1.6845293045043945	0.6622187495231628
TCGA-D8-A1XF-01	1	lumB_pole	meth	10	cg16927242	-0.013475963845849037	1.5453780889511108	0.6622187495231628
TCGA-D8-A1XG-01	0	lumB_pole	rna	1	RPL34	0.0035309840459376574	-1.7761807441711426	0.1437581181526184
TCGA-D8-A1XG-01	0	lumB_pole	rna	2	HNRNPD	-0.00304472167044878	-2.493194103240967	0.1437581181526184
TCGA-D8-A1XG-01	0	lumB_pole	rna	3	NOTCH2	0.0027331397868692875	-1.3445128202438354	0.1437581181526184
TCGA-D8-A1XG-01	0	lumB_pole	rna	4	PAICS	-0.0026841426733881235	-1.6917659044265747	0.1437581181526184
TCGA-D8-A1XG-01	0	lumB_pole	rna	5	TACC3	-0.0024610243272036314	-1.5151702165603638	0.1437581181526184
TCGA-D8-A1XG-01	0	lumB_pole	rna	6	SERBP1	0.002416688948869705	-2.5705361366271973	0.1437581181526184
TCGA-D8-A1XG-01	0	lumB_pole	rna	7	SLBP	-0.002270882250741124	-2.38151216506958	0.1437581181526184
TCGA-D8-A1XG-01	0	lumB_pole	rna	8	COX5A	-0.0022365639451891184	-1.461384892463684	0.1437581181526184
TCGA-D8-A1XG-01	0	lumB_pole	rna	9	RPS6KA5	-0.0022261289414018393	1.2265409231185913	0.1437581181526184
TCGA-D8-A1XG-01	0	lumB_pole	rna	10	NASP	-0.002195340348407626	-2.7614688873291016	0.1437581181526184
TCGA-D8-A1XG-01	0	lumB_pole	meth	1	cg03287339	0.00629278551787138	-1.4304077625274658	0.1437581181526184
TCGA-D8-A1XG-01	0	lumB_pole	meth	2	cg14982203	0.005181735847145319	1.0423164367675781	0.1437581181526184
TCGA-D8-A1XG-01	0	lumB_pole	meth	3	cg06539449	0.004924123175442219	-1.7954038381576538	0.1437581181526184
TCGA-D8-A1XG-01	0	lumB_pole	meth	4	cg10304922	0.004781081806868315	-1.1513687372207642	0.1437581181526184
TCGA-D8-A1XG-01	0	lumB_pole	meth	5	cg16236270	-0.004635688383132219	-1.83297860622406	0.1437581181526184
TCGA-D8-A1XG-01	0	lumB_pole	meth	6	cg22730327	-0.004217022564262152	-1.7678747177124023	0.1437581181526184
TCGA-D8-A1XG-01	0	lumB_pole	meth	7	cg19516279	-0.0039404043927788734	-1.8378931283950806	0.1437581181526184
TCGA-D8-A1XG-01	0	lumB_pole	meth	8	cg05703053	-0.0039245993830263615	-1.2130093574523926	0.1437581181526184
TCGA-D8-A1XG-01	0	lumB_pole	meth	9	cg25134328	-0.003892832202836871	1.6408025026321411	0.1437581181526184
TCGA-D8-A1XG-01	0	lumB_pole	meth	10	cg14515791	-0.0034723475109785795	-1.231238842010498	0.1437581181526184
TCGA-D8-A1XR-01	1	lumB_pole	rna	1	RPA3	0.06142064929008484	2.342226505279541	0.42806223034858704
TCGA-D8-A1XR-01	1	lumB_pole	rna	2	LBR	0.04971317574381828	1.7296504974365234	0.42806223034858704
TCGA-D8-A1XR-01	1	lumB_pole	rna	3	HNRNPA2B1	0.0492839440703392	1.4530590772628784	0.42806223034858704
TCGA-D8-A1XR-01	1	lumB_pole	rna	4	ZW10	0.046220242977142334	2.0655524730682373	0.42806223034858704
TCGA-D8-A1XR-01	1	lumB_pole	rna	5	CUL4A	-0.0447281152009964	1.6266541481018066	0.42806223034858704
TCGA-D8-A1XR-01	1	lumB_pole	rna	6	RPL34	0.04297247901558876	-1.4731546640396118	0.42806223034858704
TCGA-D8-A1XR-01	1	lumB_pole	rna	7	CBX3	0.04016304761171341	1.4977692365646362	0.42806223034858704
TCGA-D8-A1XR-01	1	lumB_pole	rna	8	SNRPA	-0.03987226262688637	-1.2397221326828003	0.42806223034858704
TCGA-D8-A1XR-01	1	lumB_pole	rna	9	PDS5B	-0.037694986909627914	1.840103268623352	0.42806223034858704
TCGA-D8-A1XR-01	1	lumB_pole	rna	10	MT2A	-0.037092506885528564	-2.9078969955444336	0.42806223034858704
TCGA-D8-A1XR-01	1	lumB_pole	meth	1	cg14660676	0.05771892890334129	-1.8337856531143188	0.42806223034858704
TCGA-D8-A1XR-01	1	lumB_pole	meth	2	cg24800655	-0.05287981405854225	-1.3943370580673218	0.42806223034858704
TCGA-D8-A1XR-01	1	lumB_pole	meth	3	cg06719445	0.050123430788517	-2.23941969871521	0.42806223034858704
TCGA-D8-A1XR-01	1	lumB_pole	meth	4	cg03287339	0.04927445948123932	-1.5534350872039795	0.42806223034858704
TCGA-D8-A1XR-01	1	lumB_pole	meth	5	cg13800209	-0.0467061921954155	-1.7837475538253784	0.42806223034858704
TCGA-D8-A1XR-01	1	lumB_pole	meth	6	cg16236270	-0.03692391514778137	-1.5064250230789185	0.42806223034858704
TCGA-D8-A1XR-01	1	lumB_pole	meth	7	cg01252526	0.03567637875676155	-1.1411170959472656	0.42806223034858704
TCGA-D8-A1XR-01	1	lumB_pole	meth	8	cg16898193	0.033589474856853485	-1.2842743396759033	0.42806223034858704
TCGA-D8-A1XR-01	1	lumB_pole	meth	9	cg26203572	-0.03176466003060341	-1.296499490737915	0.42806223034858704
TCGA-D8-A1XR-01	1	lumB_pole	meth	10	cg13224075	-0.031511060893535614	-1.7283344268798828	0.42806223034858704
TCGA-D8-A1XV-01	0	lumB_pole	rna	1	TGFB1	0.026939306408166885	-2.855329751968384	0.1950359344482422
TCGA-D8-A1XV-01	0	lumB_pole	rna	2	EFNA5	0.02648237906396389	-2.4305787086486816	0.1950359344482422
TCGA-D8-A1XV-01	0	lumB_pole	rna	3	MYBL2	-0.022624116390943527	-2.686981439590454	0.1950359344482422
TCGA-D8-A1XV-01	0	lumB_pole	rna	4	GOT2	0.016665687784552574	2.23541522026062	0.1950359344482422
TCGA-D8-A1XV-01	0	lumB_pole	rna	5	SAP30	0.015004748478531837	2.0701210498809814	0.1950359344482422
TCGA-D8-A1XV-01	0	lumB_pole	rna	6	DMD	0.013443810865283012	-1.5810621976852417	0.1950359344482422
TCGA-D8-A1XV-01	0	lumB_pole	rna	7	BCL3	0.013375394977629185	-2.264652729034424	0.1950359344482422
TCGA-D8-A1XV-01	0	lumB_pole	rna	8	PLK1	-0.013348373584449291	-1.1810073852539062	0.1950359344482422
TCGA-D8-A1XV-01	0	lumB_pole	rna	9	SMC4	0.012562260031700134	1.1836793422698975	0.1950359344482422
TCGA-D8-A1XV-01	0	lumB_pole	rna	10	SLC12A2	0.012441117316484451	-1.3944591283798218	0.1950359344482422
TCGA-D8-A1XV-01	0	lumB_pole	meth	1	cg21116267	0.019012445583939552	2.4599947929382324	0.1950359344482422
TCGA-D8-A1XV-01	0	lumB_pole	meth	2	cg14660676	-0.01254690159112215	1.4944971799850464	0.1950359344482422
TCGA-D8-A1XV-01	0	lumB_pole	meth	3	cg09840968	0.012007799930870533	1.31942880153656	0.1950359344482422
TCGA-D8-A1XV-01	0	lumB_pole	meth	4	cg26203572	-0.011277742683887482	-1.228869080543518	0.1950359344482422
TCGA-D8-A1XV-01	0	lumB_pole	meth	5	cg23824801	0.01072095800191164	1.525294303894043	0.1950359344482422
TCGA-D8-A1XV-01	0	lumB_pole	meth	6	cg15742848	-0.009795906953513622	-1.2260761260986328	0.1950359344482422
TCGA-D8-A1XV-01	0	lumB_pole	meth	7	cg24800655	0.00921216793358326	1.2693334817886353	0.1950359344482422
TCGA-D8-A1XV-01	0	lumB_pole	meth	8	cg13800209	-0.00901028048247099	-1.7183836698532104	0.1950359344482422
TCGA-D8-A1XV-01	0	lumB_pole	meth	9	cg06719445	0.008356860838830471	-1.9855457544326782	0.1950359344482422
TCGA-D8-A1XV-01	0	lumB_pole	meth	10	cg01252526	-0.008036695420742035	1.0007970333099365	0.1950359344482422
TCGA-D8-A1XZ-01	1	lumB_pole	rna	1	RANBP1	0.01985139027237892	2.053231954574585	0.6593844294548035
TCGA-D8-A1XZ-01	1	lumB_pole	rna	2	HIRA	0.019559916108846664	2.9437849521636963	0.6593844294548035
TCGA-D8-A1XZ-01	1	lumB_pole	rna	3	DSCC1	0.01633443497121334	2.2255449295043945	0.6593844294548035
TCGA-D8-A1XZ-01	1	lumB_pole	rna	4	NBN	0.01416501123458147	2.162961959838867	0.6593844294548035
TCGA-D8-A1XZ-01	1	lumB_pole	rna	5	CHEK2	0.013703571632504463	1.8430482149124146	0.6593844294548035
TCGA-D8-A1XZ-01	1	lumB_pole	rna	6	NCL	-0.013645876199007034	3.2199745178222656	0.6593844294548035
TCGA-D8-A1XZ-01	1	lumB_pole	rna	7	ATAD2	0.013503460213541985	1.4518930912017822	0.6593844294548035
TCGA-D8-A1XZ-01	1	lumB_pole	rna	8	EIF2S2	0.013398000970482826	3.1029927730560303	0.6593844294548035
TCGA-D8-A1XZ-01	1	lumB_pole	rna	9	LUC7L3	0.012862742878496647	2.5600838661193848	0.6593844294548035
TCGA-D8-A1XZ-01	1	lumB_pole	rna	10	PGK1	0.011611055582761765	2.604010581970215	0.6593844294548035
TCGA-D8-A1XZ-01	1	lumB_pole	meth	1	cg12961607	0.026592101901769638	-1.9880441427230835	0.6593844294548035
TCGA-D8-A1XZ-01	1	lumB_pole	meth	2	cg14660676	0.020495664328336716	-1.898017168045044	0.6593844294548035
TCGA-D8-A1XZ-01	1	lumB_pole	meth	3	cg03287339	0.0195343978703022	-1.304066777229309	0.6593844294548035
TCGA-D8-A1XZ-01	1	lumB_pole	meth	4	cg19757631	0.018583878874778748	-1.2537997961044312	0.6593844294548035
TCGA-D8-A1XZ-01	1	lumB_pole	meth	5	cg05923595	-0.017982833087444305	-1.5829981565475464	0.6593844294548035
TCGA-D8-A1XZ-01	1	lumB_pole	meth	6	cg13224075	0.016842255368828773	1.3650565147399902	0.6593844294548035
TCGA-D8-A1XZ-01	1	lumB_pole	meth	7	cg20687242	-0.015014045871794224	-1.1311731338500977	0.6593844294548035
TCGA-D8-A1XZ-01	1	lumB_pole	meth	8	cg01252526	0.014518706128001213	-1.1761420965194702	0.6593844294548035
TCGA-D8-A1XZ-01	1	lumB_pole	meth	9	cg23824801	-0.013836602680385113	-1.1050366163253784	0.6593844294548035
TCGA-D8-A1XZ-01	1	lumB_pole	meth	10	cg13800209	0.013786780647933483	1.1260490417480469	0.6593844294548035
TCGA-E2-A109-01	1	lumB_pole	rna	1	POLA2	0.013607569970190525	2.774937152862549	0.6721506714820862
TCGA-E2-A109-01	1	lumB_pole	rna	2	NBN	0.013571377843618393	2.3138749599456787	0.6721506714820862
TCGA-E2-A109-01	1	lumB_pole	rna	3	CKS1B	0.01164997648447752	1.9980958700180054	0.6721506714820862
TCGA-E2-A109-01	1	lumB_pole	rna	4	DSCC1	0.011167528107762337	2.08790922164917	0.6721506714820862
TCGA-E2-A109-01	1	lumB_pole	rna	5	KIF22	0.00959551427513361	3.29823637008667	0.6721506714820862
TCGA-E2-A109-01	1	lumB_pole	rna	6	ATAD2	0.009146700613200665	1.8257414102554321	0.6721506714820862
TCGA-E2-A109-01	1	lumB_pole	rna	7	LUC7L3	0.00872525479644537	2.943631172180176	0.6721506714820862
TCGA-E2-A109-01	1	lumB_pole	rna	8	POLE	0.00817997194826603	1.4212181568145752	0.6721506714820862
TCGA-E2-A109-01	1	lumB_pole	rna	9	FBRSL1	-0.008110735565423965	2.3140625953674316	0.6721506714820862
TCGA-E2-A109-01	1	lumB_pole	rna	10	ILF2	0.007979667745530605	2.8476531505584717	0.6721506714820862
TCGA-E2-A109-01	1	lumB_pole	meth	1	cg26203572	0.021447040140628815	2.051008462905884	0.6721506714820862
TCGA-E2-A109-01	1	lumB_pole	meth	2	cg01252526	0.016727691516280174	-1.0028131008148193	0.6721506714820862
TCGA-E2-A109-01	1	lumB_pole	meth	3	cg01856529	0.011863019317388535	1.5798739194869995	0.6721506714820862
TCGA-E2-A109-01	1	lumB_pole	meth	4	cg19516279	0.01145769003778696	1.4633687734603882	0.6721506714820862
TCGA-E2-A109-01	1	lumB_pole	meth	5	cg16236270	0.010605898685753345	1.173628330230713	0.6721506714820862
TCGA-E2-A109-01	1	lumB_pole	meth	6	cg03287339	0.009457558393478394	-1.0505560636520386	0.6721506714820862
TCGA-E2-A109-01	1	lumB_pole	meth	7	cg08169949	-0.009124377742409706	2.1059257984161377	0.6721506714820862
TCGA-E2-A109-01	1	lumB_pole	meth	8	cg09970590	-0.008653503842651844	1.0278637409210205	0.6721506714820862
TCGA-E2-A109-01	1	lumB_pole	meth	9	cg17642369	0.008645146153867245	-1.9317690134048462	0.6721506714820862
TCGA-E2-A109-01	1	lumB_pole	meth	10	cg23279522	-0.008616556413471699	1.3571282625198364	0.6721506714820862
TCGA-E2-A1B6-01	0	lumB_pole	rna	1	U2AF1	-0.04880925640463829	3.367865562438965	0.5186765789985657
TCGA-E2-A1B6-01	0	lumB_pole	rna	2	IFRD1	0.04695902392268181	2.7556371688842773	0.5186765789985657
TCGA-E2-A1B6-01	0	lumB_pole	rna	3	SNRPD2	-0.041254255920648575	2.4662585258483887	0.5186765789985657
TCGA-E2-A1B6-01	0	lumB_pole	rna	4	NDC80	0.037270911037921906	2.0559208393096924	0.5186765789985657
TCGA-E2-A1B6-01	0	lumB_pole	rna	5	RPS10	-0.03676612675189972	2.277466297149658	0.5186765789985657
TCGA-E2-A1B6-01	0	lumB_pole	rna	6	RANBP1	0.035972099751234055	3.0779340267181396	0.5186765789985657
TCGA-E2-A1B6-01	0	lumB_pole	rna	7	EXOSC7	-0.03583371266722679	2.576072931289673	0.5186765789985657
TCGA-E2-A1B6-01	0	lumB_pole	rna	8	RPL14	-0.034390538930892944	1.9532991647720337	0.5186765789985657
TCGA-E2-A1B6-01	0	lumB_pole	rna	9	PPP1R8	-0.03407568484544754	2.9236161708831787	0.5186765789985657
TCGA-E2-A1B6-01	0	lumB_pole	rna	10	SNRPA	0.03318590298295021	3.9153192043304443	0.5186765789985657
TCGA-E2-A1B6-01	0	lumB_pole	meth	1	cg24800655	-0.05635110288858414	-1.4072401523590088	0.5186765789985657
TCGA-E2-A1B6-01	0	lumB_pole	meth	2	cg12961607	0.05454827472567558	-1.8836643695831299	0.5186765789985657
TCGA-E2-A1B6-01	0	lumB_pole	meth	3	cg15902390	0.04864819720387459	-1.857818603515625	0.5186765789985657
TCGA-E2-A1B6-01	0	lumB_pole	meth	4	cg26203572	0.04551957920193672	1.5623496770858765	0.5186765789985657
TCGA-E2-A1B6-01	0	lumB_pole	meth	5	cg26708220	0.03732239827513695	-1.8332101106643677	0.5186765789985657
TCGA-E2-A1B6-01	0	lumB_pole	meth	6	cg13800209	-0.03386310115456581	-1.8101869821548462	0.5186765789985657
TCGA-E2-A1B6-01	0	lumB_pole	meth	7	cg16236270	0.03231559693813324	0.8995113968849182	0.5186765789985657
TCGA-E2-A1B6-01	0	lumB_pole	meth	8	cg07809589	0.030908023938536644	-1.7960386276245117	0.5186765789985657
TCGA-E2-A1B6-01	0	lumB_pole	meth	9	cg16898193	0.02933088131248951	-0.8774453401565552	0.5186765789985657
TCGA-E2-A1B6-01	0	lumB_pole	meth	10	cg14982203	-0.02910156361758709	-1.0019721984863281	0.5186765789985657
TCGA-E2-A1BC-01	0	lumB_pole	rna	1	KIF4A	-0.0023655295372009277	-2.8058133125305176	0.14304916560649872
TCGA-E2-A1BC-01	0	lumB_pole	rna	2	CCNB2	-0.002342816209420562	-2.6891613006591797	0.14304916560649872
TCGA-E2-A1BC-01	0	lumB_pole	rna	3	TTK	-0.0019751405343413353	-2.3883278369903564	0.14304916560649872
TCGA-E2-A1BC-01	0	lumB_pole	rna	4	DLGAP5	-0.0018154537538066506	-2.4869234561920166	0.14304916560649872
TCGA-E2-A1BC-01	0	lumB_pole	rna	5	NUSAP1	-0.001782960258424282	-2.501788854598999	0.14304916560649872
TCGA-E2-A1BC-01	0	lumB_pole	rna	6	FOXM1	-0.0016449891263619065	-2.760502338409424	0.14304916560649872
TCGA-E2-A1BC-01	0	lumB_pole	rna	7	MYBL2	-0.0016013944987207651	-2.456739664077759	0.14304916560649872
TCGA-E2-A1BC-01	0	lumB_pole	rna	8	BIRC5	-0.001400958513841033	-2.732943058013916	0.14304916560649872
TCGA-E2-A1BC-01	0	lumB_pole	rna	9	KIFC1	-0.0013844966888427734	-2.7509167194366455	0.14304916560649872
TCGA-E2-A1BC-01	0	lumB_pole	rna	10	SPC25	-0.0013687065802514553	-2.525979518890381	0.14304916560649872
TCGA-E2-A1BC-01	0	lumB_pole	meth	1	cg10752421	0.0037562211509793997	-0.825836181640625	0.14304916560649872
TCGA-E2-A1BC-01	0	lumB_pole	meth	2	cg14982203	-0.0031453014817088842	-0.9292345643043518	0.14304916560649872
TCGA-E2-A1BC-01	0	lumB_pole	meth	3	cg20687242	0.0030813899356871843	0.8418242335319519	0.14304916560649872
TCGA-E2-A1BC-01	0	lumB_pole	meth	4	cg15318546	0.0028869700618088245	-1.162109136581421	0.14304916560649872
TCGA-E2-A1BC-01	0	lumB_pole	meth	5	cg20402783	0.002815457759425044	0.9948610067367554	0.14304916560649872
TCGA-E2-A1BC-01	0	lumB_pole	meth	6	cg14515791	-0.0027450358029454947	-1.055560827255249	0.14304916560649872
TCGA-E2-A1BC-01	0	lumB_pole	meth	7	cg10304922	0.002742854645475745	-0.6059560179710388	0.14304916560649872
TCGA-E2-A1BC-01	0	lumB_pole	meth	8	cg07688604	-0.002715351525694132	-0.6131520867347717	0.14304916560649872
TCGA-E2-A1BC-01	0	lumB_pole	meth	9	cg22730327	-0.0024958602152764797	-1.2598673105239868	0.14304916560649872
TCGA-E2-A1BC-01	0	lumB_pole	meth	10	cg27408285	0.002434691647067666	1.0570605993270874	0.14304916560649872
TCGA-E2-A1BD-01	0	lumB_pole	rna	1	ODC1	0.009041043929755688	-2.318718671798706	0.16400648653507233
TCGA-E2-A1BD-01	0	lumB_pole	rna	2	RPS6KA5	0.008963641710579395	-2.101242780685425	0.16400648653507233
TCGA-E2-A1BD-01	0	lumB_pole	rna	3	RNPS1	0.008590886369347572	2.0524649620056152	0.16400648653507233
TCGA-E2-A1BD-01	0	lumB_pole	rna	4	RPL34	-0.00831042230129242	1.8842633962631226	0.16400648653507233
TCGA-E2-A1BD-01	0	lumB_pole	rna	5	CKS1B	0.007757542654871941	1.73650324344635	0.16400648653507233
TCGA-E2-A1BD-01	0	lumB_pole	rna	6	XPOT	-0.007350901607424021	-1.825355052947998	0.16400648653507233
TCGA-E2-A1BD-01	0	lumB_pole	rna	7	RANBP1	-0.00638657296076417	-1.1805981397628784	0.16400648653507233
TCGA-E2-A1BD-01	0	lumB_pole	rna	8	FBL	-0.006327338051050901	1.3626461029052734	0.16400648653507233
TCGA-E2-A1BD-01	0	lumB_pole	rna	9	RPL14	-0.00620011193677783	1.6597167253494263	0.16400648653507233
TCGA-E2-A1BD-01	0	lumB_pole	rna	10	KIF5B	-0.006120806559920311	-2.8232622146606445	0.16400648653507233
TCGA-E2-A1BD-01	0	lumB_pole	meth	1	cg14982203	0.01681624911725521	1.9682140350341797	0.16400648653507233
TCGA-E2-A1BD-01	0	lumB_pole	meth	2	cg01252526	-0.010215707123279572	1.5791587829589844	0.16400648653507233
TCGA-E2-A1BD-01	0	lumB_pole	meth	3	cg25134328	-0.00995121244341135	1.7540178298950195	0.16400648653507233
TCGA-E2-A1BD-01	0	lumB_pole	meth	4	cg03287339	-0.00935517530888319	1.8233931064605713	0.16400648653507233
TCGA-E2-A1BD-01	0	lumB_pole	meth	5	cg18696576	0.00786868017166853	1.9614075422286987	0.16400648653507233
TCGA-E2-A1BD-01	0	lumB_pole	meth	6	cg12961607	-0.006804057862609625	1.2546087503433228	0.16400648653507233
TCGA-E2-A1BD-01	0	lumB_pole	meth	7	cg10304922	0.00646986486390233	-0.9566763043403625	0.16400648653507233
TCGA-E2-A1BD-01	0	lumB_pole	meth	8	cg02852791	-0.006137649528682232	1.1493377685546875	0.16400648653507233
TCGA-E2-A1BD-01	0	lumB_pole	meth	9	cg09840968	0.005752802826464176	1.3729981184005737	0.16400648653507233
TCGA-E2-A1BD-01	0	lumB_pole	meth	10	cg16236270	0.005677682813256979	0.8380341529846191	0.16400648653507233
TCGA-E2-A1IE-01	0	lumB_pole	rna	1	ZW10	-0.046174876391887665	-1.6476621627807617	0.642593502998352
TCGA-E2-A1IE-01	0	lumB_pole	rna	2	EFNA5	0.03563779965043068	-1.4203969240188599	0.642593502998352
TCGA-E2-A1IE-01	0	lumB_pole	rna	3	SAP30	-0.03168604522943497	-2.931835174560547	0.642593502998352
TCGA-E2-A1IE-01	0	lumB_pole	rna	4	RANBP1	0.028192168101668358	1.0867623090744019	0.642593502998352
TCGA-E2-A1IE-01	0	lumB_pole	rna	5	TGFB1	0.027531998232007027	-1.5322185754776	0.642593502998352
TCGA-E2-A1IE-01	0	lumB_pole	rna	6	HIF1A	-0.027049357071518898	-2.1576623916625977	0.642593502998352
TCGA-E2-A1IE-01	0	lumB_pole	rna	7	EIF2S1	-0.025862595066428185	-2.042781114578247	0.642593502998352
TCGA-E2-A1IE-01	0	lumB_pole	rna	8	PSMA1	-0.025643963366746902	2.5891382694244385	0.642593502998352
TCGA-E2-A1IE-01	0	lumB_pole	rna	9	VDAC3	0.02318725362420082	2.729844570159912	0.642593502998352
TCGA-E2-A1IE-01	0	lumB_pole	rna	10	SYNCRIP	-0.021612783893942833	-2.214451551437378	0.642593502998352
TCGA-E2-A1IE-01	0	lumB_pole	meth	1	cg26203572	0.03821208328008652	1.7820504903793335	0.642593502998352
TCGA-E2-A1IE-01	0	lumB_pole	meth	2	cg14660676	0.03563911095261574	-1.588194727897644	0.642593502998352
TCGA-E2-A1IE-01	0	lumB_pole	meth	3	cg14982203	0.029611263424158096	1.252492070198059	0.642593502998352
TCGA-E2-A1IE-01	0	lumB_pole	meth	4	cg09970590	0.02878589928150177	-1.738702416419983	0.642593502998352
TCGA-E2-A1IE-01	0	lumB_pole	meth	5	cg08479476	-0.028666386380791664	1.518988847732544	0.642593502998352
TCGA-E2-A1IE-01	0	lumB_pole	meth	6	cg08169949	-0.028390934690833092	1.6303651332855225	0.642593502998352
TCGA-E2-A1IE-01	0	lumB_pole	meth	7	cg05923595	0.020341385155916214	1.3768483400344849	0.642593502998352
TCGA-E2-A1IE-01	0	lumB_pole	meth	8	cg12961607	-0.019830817356705666	0.9438967704772949	0.642593502998352
TCGA-E2-A1IE-01	0	lumB_pole	meth	9	cg01252526	0.017675891518592834	-0.6049650311470032	0.642593502998352
TCGA-E2-A1IE-01	0	lumB_pole	meth	10	cg03287339	0.017427312210202217	-0.618510901927948	0.642593502998352
TCGA-E2-A1IH-01	0	lumB_pole	rna	1	RAD50	0.020712386816740036	-1.5965901613235474	0.24446015059947968
TCGA-E2-A1IH-01	0	lumB_pole	rna	2	RPL34	-0.01998267136514187	1.3698266744613647	0.24446015059947968
TCGA-E2-A1IH-01	0	lumB_pole	rna	3	CCNF	-0.01867060363292694	-2.143329620361328	0.24446015059947968
TCGA-E2-A1IH-01	0	lumB_pole	rna	4	ZW10	-0.018447352573275566	-1.231142282485962	0.24446015059947968
TCGA-E2-A1IH-01	0	lumB_pole	rna	5	AIMP2	0.01766594871878624	1.3378592729568481	0.24446015059947968
TCGA-E2-A1IH-01	0	lumB_pole	rna	6	CHAF1A	-0.01652880571782589	-2.549881935119629	0.24446015059947968
TCGA-E2-A1IH-01	0	lumB_pole	rna	7	POLA2	-0.01518530584871769	-1.0035885572433472	0.24446015059947968
TCGA-E2-A1IH-01	0	lumB_pole	rna	8	RPL6	-0.015161853283643723	1.3835035562515259	0.24446015059947968
TCGA-E2-A1IH-01	0	lumB_pole	rna	9	CHEK1	-0.01497009675949812	-1.3414690494537354	0.24446015059947968
TCGA-E2-A1IH-01	0	lumB_pole	rna	10	TLE3	0.014929314143955708	-1.0169293880462646	0.24446015059947968
TCGA-E2-A1IH-01	0	lumB_pole	meth	1	cg25134328	0.024074532091617584	-1.2413138151168823	0.24446015059947968
TCGA-E2-A1IH-01	0	lumB_pole	meth	2	cg14660676	-0.0239946898072958	1.1254810094833374	0.24446015059947968
TCGA-E2-A1IH-01	0	lumB_pole	meth	3	cg16236270	0.020691439509391785	0.7252048254013062	0.24446015059947968
TCGA-E2-A1IH-01	0	lumB_pole	meth	4	cg26487157	0.016451895236968994	-1.1611400842666626	0.24446015059947968
TCGA-E2-A1IH-01	0	lumB_pole	meth	5	cg06472166	0.015296432189643383	-1.997790813446045	0.24446015059947968
TCGA-E2-A1IH-01	0	lumB_pole	meth	6	cg14982203	-0.014701171778142452	-0.608144223690033	0.24446015059947968
TCGA-E2-A1IH-01	0	lumB_pole	meth	7	cg06539449	0.014433635398745537	-1.0509755611419678	0.24446015059947968
TCGA-E2-A1IH-01	0	lumB_pole	meth	8	cg05670953	-0.013560480438172817	1.693140983581543	0.24446015059947968
TCGA-E2-A1IH-01	0	lumB_pole	meth	9	cg17642369	0.011873253621160984	-1.7453595399856567	0.24446015059947968
TCGA-E2-A1IH-01	0	lumB_pole	meth	10	cg02103401	-0.01155031006783247	1.1688082218170166	0.24446015059947968
TCGA-E2-A1IK-01	0	lumB_pole	rna	1	ARID4A	-0.0023699908051639795	-1.6955000162124634	0.14564839005470276
TCGA-E2-A1IK-01	0	lumB_pole	rna	2	KIF20B	-0.002338218269869685	-2.4548606872558594	0.14564839005470276
TCGA-E2-A1IK-01	0	lumB_pole	rna	3	GOT2	0.0022877438459545374	2.1735641956329346	0.14564839005470276
TCGA-E2-A1IK-01	0	lumB_pole	rna	4	NBN	-0.0019049362745136023	-1.0914956331253052	0.14564839005470276
TCGA-E2-A1IK-01	0	lumB_pole	rna	5	MTF2	-0.0018802880076691508	-1.7115893363952637	0.14564839005470276
TCGA-E2-A1IK-01	0	lumB_pole	rna	6	RPS6KA5	0.001862542936578393	-1.5994092226028442	0.14564839005470276
TCGA-E2-A1IK-01	0	lumB_pole	rna	7	PLK4	-0.0018420489504933357	-1.8837987184524536	0.14564839005470276
TCGA-E2-A1IK-01	0	lumB_pole	rna	8	YTHDC1	0.0018061918672174215	-1.996772289276123	0.14564839005470276
TCGA-E2-A1IK-01	0	lumB_pole	rna	9	RPL34	-0.0017904306296259165	1.5093618631362915	0.14564839005470276
TCGA-E2-A1IK-01	0	lumB_pole	rna	10	POLE	-0.0017066627042368054	-1.9138365983963013	0.14564839005470276
TCGA-E2-A1IK-01	0	lumB_pole	meth	1	cg07809589	0.005282295402139425	-1.8016778230667114	0.14564839005470276
TCGA-E2-A1IK-01	0	lumB_pole	meth	2	cg10304922	0.004664070904254913	-1.2769436836242676	0.14564839005470276
TCGA-E2-A1IK-01	0	lumB_pole	meth	3	cg09840968	-0.004433892667293549	-1.1707054376602173	0.14564839005470276
TCGA-E2-A1IK-01	0	lumB_pole	meth	4	cg06539449	0.004304955247789621	-1.3272671699523926	0.14564839005470276
TCGA-E2-A1IK-01	0	lumB_pole	meth	5	cg24800655	-0.0036378405056893826	-1.1987754106521606	0.14564839005470276
TCGA-E2-A1IK-01	0	lumB_pole	meth	6	cg02852791	-0.003491548355668783	0.5469579696655273	0.14564839005470276
TCGA-E2-A1IK-01	0	lumB_pole	meth	7	cg23843505	0.003484082641080022	-1.2374470233917236	0.14564839005470276
TCGA-E2-A1IK-01	0	lumB_pole	meth	8	cg20687242	-0.0033180145546793938	-0.9278945922851562	0.14564839005470276
TCGA-E2-A1IK-01	0	lumB_pole	meth	9	cg08479476	0.0031826873309910297	-1.2378504276275635	0.14564839005470276
TCGA-E2-A1IK-01	0	lumB_pole	meth	10	cg07688604	-0.003167334944009781	-1.2835779190063477	0.14564839005470276
TCGA-E2-A1L7-01	1	lumB_pole	rna	1	SSRP1	0.020656906068325043	2.4731428623199463	0.6165335178375244
TCGA-E2-A1L7-01	1	lumB_pole	rna	2	RANBP1	0.01996167004108429	3.0955755710601807	0.6165335178375244
TCGA-E2-A1L7-01	1	lumB_pole	rna	3	NDC80	0.01820601522922516	2.6083476543426514	0.6165335178375244
TCGA-E2-A1L7-01	1	lumB_pole	rna	4	SMAD3	-0.01593824476003647	2.5699353218078613	0.6165335178375244
TCGA-E2-A1L7-01	1	lumB_pole	rna	5	TCF19	0.014552737586200237	1.7507505416870117	0.6165335178375244
TCGA-E2-A1L7-01	1	lumB_pole	rna	6	PCNA	0.014433580450713634	2.0156116485595703	0.6165335178375244
TCGA-E2-A1L7-01	1	lumB_pole	rna	7	SERBP1	-0.013415905646979809	2.8700854778289795	0.6165335178375244
TCGA-E2-A1L7-01	1	lumB_pole	rna	8	U2AF1	-0.013288858346641064	2.5819613933563232	0.6165335178375244
TCGA-E2-A1L7-01	1	lumB_pole	rna	9	USP1	-0.0132433557882905	4.741663932800293	0.6165335178375244
TCGA-E2-A1L7-01	1	lumB_pole	rna	10	ATAD2	0.012421011924743652	1.8581984043121338	0.6165335178375244
TCGA-E2-A1L7-01	1	lumB_pole	meth	1	cg16236270	-0.03750260919332504	-1.4557965993881226	0.6165335178375244
TCGA-E2-A1L7-01	1	lumB_pole	meth	2	cg14660676	0.03177335485816002	-1.6192607879638672	0.6165335178375244
TCGA-E2-A1L7-01	1	lumB_pole	meth	3	cg19516279	-0.027082011103630066	-1.889216423034668	0.6165335178375244
TCGA-E2-A1L7-01	1	lumB_pole	meth	4	cg14515791	0.02555144391953945	1.4628623723983765	0.6165335178375244
TCGA-E2-A1L7-01	1	lumB_pole	meth	5	cg14982203	0.025476248934864998	1.6254228353500366	0.6165335178375244
TCGA-E2-A1L7-01	1	lumB_pole	meth	6	cg12961607	0.025083057582378387	-1.7954673767089844	0.6165335178375244
TCGA-E2-A1L7-01	1	lumB_pole	meth	7	cg01252526	-0.024330155923962593	0.8436335325241089	0.6165335178375244
TCGA-E2-A1L7-01	1	lumB_pole	meth	8	cg03287339	-0.024026155471801758	1.25175142288208	0.6165335178375244
TCGA-E2-A1L7-01	1	lumB_pole	meth	9	cg19757631	0.021970847621560097	-1.3488287925720215	0.6165335178375244
TCGA-E2-A1L7-01	1	lumB_pole	meth	10	cg23279522	0.021627897396683693	-1.8877955675125122	0.6165335178375244
TCGA-E2-A1L8-01	0	lumB_pole	rna	1	SMC6	0.00787477195262909	2.391940116882324	0.16583597660064697
TCGA-E2-A1L8-01	0	lumB_pole	rna	2	RPL14	-0.0047110398299992085	1.8836334943771362	0.16583597660064697
TCGA-E2-A1L8-01	0	lumB_pole	rna	3	MCM6	-0.004627745598554611	-1.323400855064392	0.16583597660064697
TCGA-E2-A1L8-01	0	lumB_pole	rna	4	NBN	-0.004459904506802559	-0.7989342212677002	0.16583597660064697
TCGA-E2-A1L8-01	0	lumB_pole	rna	5	TACC3	-0.0043315403163433075	-1.3612030744552612	0.16583597660064697
TCGA-E2-A1L8-01	0	lumB_pole	rna	6	MRPL9	0.004290553741157055	1.624812364578247	0.16583597660064697
TCGA-E2-A1L8-01	0	lumB_pole	rna	7	RNPS1	0.004242291208356619	1.3642840385437012	0.16583597660064697
TCGA-E2-A1L8-01	0	lumB_pole	rna	8	MCM7	-0.004163712728768587	-2.154306411743164	0.16583597660064697
TCGA-E2-A1L8-01	0	lumB_pole	rna	9	RPL6	-0.004121534526348114	1.289406180381775	0.16583597660064697
TCGA-E2-A1L8-01	0	lumB_pole	rna	10	HNRNPA2B1	-0.0040197051130235195	-0.9505025744438171	0.16583597660064697
TCGA-E2-A1L8-01	0	lumB_pole	meth	1	cg09970590	0.013301245868206024	-1.8785659074783325	0.16583597660064697
TCGA-E2-A1L8-01	0	lumB_pole	meth	2	cg12903574	0.009642945602536201	-1.4747562408447266	0.16583597660064697
TCGA-E2-A1L8-01	0	lumB_pole	meth	3	cg03287339	-0.00963554996997118	1.5968074798583984	0.16583597660064697
TCGA-E2-A1L8-01	0	lumB_pole	meth	4	cg13224075	0.009188097901642323	1.37580406665802	0.16583597660064697
TCGA-E2-A1L8-01	0	lumB_pole	meth	5	cg14982203	-0.00795644149184227	-0.9951404929161072	0.16583597660064697
TCGA-E2-A1L8-01	0	lumB_pole	meth	6	cg08169949	0.00690008420497179	-1.2546756267547607	0.16583597660064697
TCGA-E2-A1L8-01	0	lumB_pole	meth	7	cg01252526	-0.00661125173792243	1.3890656232833862	0.16583597660064697
TCGA-E2-A1L8-01	0	lumB_pole	meth	8	cg27408285	0.006596284918487072	1.0555591583251953	0.16583597660064697
TCGA-E2-A1L8-01	0	lumB_pole	meth	9	cg19084479	0.005791930947452784	-1.1381508111953735	0.16583597660064697
TCGA-E2-A1L8-01	0	lumB_pole	meth	10	cg14515791	-0.005746274720877409	-1.077567219734192	0.16583597660064697
TCGA-E2-A1L9-01	0	lumB_pole	rna	1	XPOT	-0.006089243572205305	-0.9701811075210571	0.15623407065868378
TCGA-E2-A1L9-01	0	lumB_pole	rna	2	INCENP	-0.0055556343868374825	-1.6057524681091309	0.15623407065868378
TCGA-E2-A1L9-01	0	lumB_pole	rna	3	NAA38	0.004984617233276367	1.4467920064926147	0.15623407065868378
TCGA-E2-A1L9-01	0	lumB_pole	rna	4	TLE3	0.004849137272685766	-1.4029113054275513	0.15623407065868378
TCGA-E2-A1L9-01	0	lumB_pole	rna	5	SMC6	0.004438948351889849	0.8215996026992798	0.15623407065868378
TCGA-E2-A1L9-01	0	lumB_pole	rna	6	DCTPP1	-0.0044118743389844894	-0.8644788861274719	0.15623407065868378
TCGA-E2-A1L9-01	0	lumB_pole	rna	7	NBN	-0.004327375907450914	-1.190688967704773	0.15623407065868378
TCGA-E2-A1L9-01	0	lumB_pole	rna	8	PRKDC	-0.00429189158603549	-1.5009247064590454	0.15623407065868378
TCGA-E2-A1L9-01	0	lumB_pole	rna	9	WEE1	0.0041703758761286736	-1.5194354057312012	0.15623407065868378
TCGA-E2-A1L9-01	0	lumB_pole	rna	10	CHAF1A	-0.004069312009960413	-2.0900092124938965	0.15623407065868378
TCGA-E2-A1L9-01	0	lumB_pole	meth	1	cg04726821	0.009471343830227852	1.5326951742172241	0.15623407065868378
TCGA-E2-A1L9-01	0	lumB_pole	meth	2	cg08169949	0.00788063183426857	-1.180626392364502	0.15623407065868378
TCGA-E2-A1L9-01	0	lumB_pole	meth	3	cg25288140	0.00692312465980649	-1.8020890951156616	0.15623407065868378
TCGA-E2-A1L9-01	0	lumB_pole	meth	4	cg23843505	0.006675279699265957	-1.0835589170455933	0.15623407065868378
TCGA-E2-A1L9-01	0	lumB_pole	meth	5	cg02852791	-0.005936328321695328	0.6334301233291626	0.15623407065868378
TCGA-E2-A1L9-01	0	lumB_pole	meth	6	cg19757631	0.005482526030391455	-1.078230619430542	0.15623407065868378
TCGA-E2-A1L9-01	0	lumB_pole	meth	7	cg09840968	0.005257848184555769	0.9754781723022461	0.15623407065868378
TCGA-E2-A1L9-01	0	lumB_pole	meth	8	cg15318546	0.005176845472306013	-0.8288261890411377	0.15623407065868378
TCGA-E2-A1L9-01	0	lumB_pole	meth	9	cg16236270	0.0046840752474963665	0.37550702691078186	0.15623407065868378
TCGA-E2-A1L9-01	0	lumB_pole	meth	10	cg14982203	-0.004511215724050999	-0.7520120143890381	0.15623407065868378
TCGA-E9-A1NF-01	1	lumB_pole	rna	1	RAD1	-0.013899693265557289	-1.6817365884780884	0.2007388472557068
TCGA-E9-A1NF-01	1	lumB_pole	rna	2	NDC80	0.012260948307812214	1.182265043258667	0.2007388472557068
TCGA-E9-A1NF-01	1	lumB_pole	rna	3	PSMD14	0.011603962630033493	2.7177352905273438	0.2007388472557068
TCGA-E9-A1NF-01	1	lumB_pole	rna	4	EFNA5	0.011110438965260983	-1.4340174198150635	0.2007388472557068
TCGA-E9-A1NF-01	1	lumB_pole	rna	5	TLE3	0.010931629687547684	-1.416283130645752	0.2007388472557068
TCGA-E9-A1NF-01	1	lumB_pole	rna	6	COX5A	0.009915453381836414	1.6705163717269897	0.2007388472557068
TCGA-E9-A1NF-01	1	lumB_pole	rna	7	PSMD1	-0.009892718866467476	-1.5245178937911987	0.2007388472557068
TCGA-E9-A1NF-01	1	lumB_pole	rna	8	MEIS1	-0.00956031959503889	1.669093132019043	0.2007388472557068
TCGA-E9-A1NF-01	1	lumB_pole	rna	9	RPL6	-0.009227375499904156	1.476007342338562	0.2007388472557068
TCGA-E9-A1NF-01	1	lumB_pole	rna	10	CKS1B	-0.009174013510346413	-0.9654970169067383	0.2007388472557068
TCGA-E9-A1NF-01	1	lumB_pole	meth	1	cg02852791	0.022692497819662094	-1.3683754205703735	0.2007388472557068
TCGA-E9-A1NF-01	1	lumB_pole	meth	2	cg14982203	0.022051425650715828	1.5571058988571167	0.2007388472557068
TCGA-E9-A1NF-01	1	lumB_pole	meth	3	cg01252526	0.015295751392841339	-1.1851228475570679	0.2007388472557068
TCGA-E9-A1NF-01	1	lumB_pole	meth	4	cg16927242	0.014615914784371853	-2.075141429901123	0.2007388472557068
TCGA-E9-A1NF-01	1	lumB_pole	meth	5	cg07688604	-0.013868185691535473	-1.2370048761367798	0.2007388472557068
TCGA-E9-A1NF-01	1	lumB_pole	meth	6	cg03287339	0.013743559829890728	-1.3413476943969727	0.2007388472557068
TCGA-E9-A1NF-01	1	lumB_pole	meth	7	cg08169949	0.012949703261256218	-1.2184737920761108	0.2007388472557068
TCGA-E9-A1NF-01	1	lumB_pole	meth	8	cg16236270	0.011265288107097149	0.7476260662078857	0.2007388472557068
TCGA-E9-A1NF-01	1	lumB_pole	meth	9	cg05703053	-0.010215695016086102	-1.1526621580123901	0.2007388472557068
TCGA-E9-A1NF-01	1	lumB_pole	meth	10	cg25288140	-0.009639504365622997	1.0286709070205688	0.2007388472557068
TCGA-E9-A1NF-11	0	lumB_pole	rna	1	SLC38A1	0.0023293846752494574	-3.5525131225585938	0.14474709331989288
TCGA-E9-A1NF-11	0	lumB_pole	rna	2	PAICS	-0.002262476133182645	-3.2168920040130615	0.14474709331989288
TCGA-E9-A1NF-11	0	lumB_pole	rna	3	CCNB2	-0.00211701518855989	-2.9633703231811523	0.14474709331989288
TCGA-E9-A1NF-11	0	lumB_pole	rna	4	DLGAP5	-0.001806347630918026	-2.9451446533203125	0.14474709331989288
TCGA-E9-A1NF-11	0	lumB_pole	rna	5	CCT3	-0.001677768537774682	-2.918421983718872	0.14474709331989288
TCGA-E9-A1NF-11	0	lumB_pole	rna	6	DBF4	-0.0016744389431551099	-2.7704482078552246	0.14474709331989288
TCGA-E9-A1NF-11	0	lumB_pole	rna	7	TTK	-0.0015858664410188794	-3.519022226333618	0.14474709331989288
TCGA-E9-A1NF-11	0	lumB_pole	rna	8	POLA2	-0.0014539958210662007	-2.3082048892974854	0.14474709331989288
TCGA-E9-A1NF-11	0	lumB_pole	rna	9	KIF4A	-0.0014439213555306196	-3.009493112564087	0.14474709331989288
TCGA-E9-A1NF-11	0	lumB_pole	rna	10	TPX2	-0.001362115261144936	-2.948744773864746	0.14474709331989288
TCGA-E9-A1NF-11	0	lumB_pole	meth	1	cg02852791	0.008917070925235748	-1.403047800064087	0.14474709331989288
TCGA-E9-A1NF-11	0	lumB_pole	meth	2	cg06741896	0.006132978014647961	1.7075408697128296	0.14474709331989288
TCGA-E9-A1NF-11	0	lumB_pole	meth	3	cg07809589	0.005338870920240879	-1.7596015930175781	0.14474709331989288
TCGA-E9-A1NF-11	0	lumB_pole	meth	4	cg27408285	-0.005015145055949688	-1.4499658346176147	0.14474709331989288
TCGA-E9-A1NF-11	0	lumB_pole	meth	5	cg24504442	-0.00425725057721138	-1.1546095609664917	0.14474709331989288
TCGA-E9-A1NF-11	0	lumB_pole	meth	6	cg16927242	0.004215928725898266	-2.044069528579712	0.14474709331989288
TCGA-E9-A1NF-11	0	lumB_pole	meth	7	cg10304922	0.0040369657799601555	-1.25025475025177	0.14474709331989288
TCGA-E9-A1NF-11	0	lumB_pole	meth	8	cg05923595	-0.003997047431766987	-1.467747449874878	0.14474709331989288
TCGA-E9-A1NF-11	0	lumB_pole	meth	9	cg14982203	-0.003975376021116972	-1.1012330055236816	0.14474709331989288
TCGA-E9-A1NF-11	0	lumB_pole	meth	10	cg03287339	0.003942522685974836	-0.6504069566726685	0.14474709331989288
TCGA-E9-A1NH-01	0	lumB_pole	rna	1	NAA38	0.003729099640622735	4.684695243835449	0.13718785345554352
TCGA-E9-A1NH-01	0	lumB_pole	rna	2	POLA2	-0.0021415266674011946	-1.9576557874679565	0.13718785345554352
TCGA-E9-A1NH-01	0	lumB_pole	rna	3	PAICS	-0.001879367046058178	-1.4807263612747192	0.13718785345554352
TCGA-E9-A1NH-01	0	lumB_pole	rna	4	CCNB2	-0.0016837716102600098	-1.4243603944778442	0.13718785345554352
TCGA-E9-A1NH-01	0	lumB_pole	rna	5	BRIP1	-0.0014657618012279272	-1.4094533920288086	0.13718785345554352
TCGA-E9-A1NH-01	0	lumB_pole	rna	6	E2F2	-0.001320798066444695	-1.4544317722320557	0.13718785345554352
TCGA-E9-A1NH-01	0	lumB_pole	rna	7	INCENP	-0.0012936268467456102	-1.9999207258224487	0.13718785345554352
TCGA-E9-A1NH-01	0	lumB_pole	rna	8	RRM1	-0.001285248203203082	-1.407057523727417	0.13718785345554352
TCGA-E9-A1NH-01	0	lumB_pole	rna	9	KIF4A	-0.0012679672800004482	-0.9808410406112671	0.13718785345554352
TCGA-E9-A1NH-01	0	lumB_pole	rna	10	E2F3	0.0011416628258302808	1.324857234954834	0.13718785345554352
TCGA-E9-A1NH-01	0	lumB_pole	meth	1	cg05670953	-0.0047650886699557304	1.7818742990493774	0.13718785345554352
TCGA-E9-A1NH-01	0	lumB_pole	meth	2	cg03287339	-0.004359700251370668	1.4708807468414307	0.13718785345554352
TCGA-E9-A1NH-01	0	lumB_pole	meth	3	cg09840968	0.0038945816922932863	1.5239284038543701	0.13718785345554352
TCGA-E9-A1NH-01	0	lumB_pole	meth	4	cg10304922	0.0026728890370577574	-0.9238283038139343	0.13718785345554352
TCGA-E9-A1NH-01	0	lumB_pole	meth	5	cg08169949	0.0026622058358043432	-1.2098348140716553	0.13718785345554352
TCGA-E9-A1NH-01	0	lumB_pole	meth	6	cg27408285	-0.0025276103988289833	-1.1169720888137817	0.13718785345554352
TCGA-E9-A1NH-01	0	lumB_pole	meth	7	cg15318546	-0.002525606192648411	1.2355698347091675	0.13718785345554352
TCGA-E9-A1NH-01	0	lumB_pole	meth	8	cg06539449	-0.002253580139949918	0.9406624436378479	0.13718785345554352
TCGA-E9-A1NH-01	0	lumB_pole	meth	9	cg10990993	0.002207625424489379	1.2913542985916138	0.13718785345554352
TCGA-E9-A1NH-01	0	lumB_pole	meth	10	cg04726821	0.0021213972941040993	1.5079622268676758	0.13718785345554352
TCGA-E9-A1NI-01	1	lumB_pole	rna	1	ATAD2	-0.037166982889175415	-1.0602105855941772	0.5616783499717712
TCGA-E9-A1NI-01	1	lumB_pole	rna	2	NCBP1	-0.030563978478312492	-1.619077444076538	0.5616783499717712
TCGA-E9-A1NI-01	1	lumB_pole	rna	3	POLE3	-0.030378881841897964	-1.4746253490447998	0.5616783499717712
TCGA-E9-A1NI-01	1	lumB_pole	rna	4	PRKDC	-0.028656424954533577	-1.9551197290420532	0.5616783499717712
TCGA-E9-A1NI-01	1	lumB_pole	rna	5	CBX1	-0.027987001463770866	-3.4472949504852295	0.5616783499717712
TCGA-E9-A1NI-01	1	lumB_pole	rna	6	EFNA5	-0.027302417904138565	1.027894377708435	0.5616783499717712
TCGA-E9-A1NI-01	1	lumB_pole	rna	7	KIF5B	-0.026262756437063217	-1.4655841588974	0.5616783499717712
TCGA-E9-A1NI-01	1	lumB_pole	rna	8	PCBP1	-0.0260184146463871	1.3311856985092163	0.5616783499717712
TCGA-E9-A1NI-01	1	lumB_pole	rna	9	CUL5	-0.025931112468242645	-1.707207441329956	0.5616783499717712
TCGA-E9-A1NI-01	1	lumB_pole	rna	10	HIRA	-0.025265205651521683	-1.2028878927230835	0.5616783499717712
TCGA-E9-A1NI-01	1	lumB_pole	meth	1	cg14660676	-0.052740488201379776	1.5264030694961548	0.5616783499717712
TCGA-E9-A1NI-01	1	lumB_pole	meth	2	cg16236270	0.051184676587581635	1.0560981035232544	0.5616783499717712
TCGA-E9-A1NI-01	1	lumB_pole	meth	3	cg20687242	-0.04006426781415939	-1.2025327682495117	0.5616783499717712
TCGA-E9-A1NI-01	1	lumB_pole	meth	4	cg14982203	0.039096154272556305	1.4236866235733032	0.5616783499717712
TCGA-E9-A1NI-01	1	lumB_pole	meth	5	cg13224075	0.037697598338127136	1.233782172203064	0.5616783499717712
TCGA-E9-A1NI-01	1	lumB_pole	meth	6	cg09970590	0.036003027111291885	-1.3425649404525757	0.5616783499717712
TCGA-E9-A1NI-01	1	lumB_pole	meth	7	cg13181164	-0.033703383058309555	-1.5229456424713135	0.5616783499717712
TCGA-E9-A1NI-01	1	lumB_pole	meth	8	cg15902390	0.03304370865225792	-2.0993685722351074	0.5616783499717712
TCGA-E9-A1NI-01	1	lumB_pole	meth	9	cg08479476	-0.03050682693719864	1.0433454513549805	0.5616783499717712
TCGA-E9-A1NI-01	1	lumB_pole	meth	10	cg26203572	-0.029913444072008133	-1.071325659751892	0.5616783499717712
TCGA-E9-A1R6-01	0	lumB_pole	rna	1	NDC80	-0.045579180121421814	-1.6878551244735718	0.2516927123069763
TCGA-E9-A1R6-01	0	lumB_pole	rna	2	SMC6	-0.0373561754822731	-1.849344253540039	0.2516927123069763
TCGA-E9-A1R6-01	0	lumB_pole	rna	3	EFNA5	0.033508289605379105	-1.944260597229004	0.2516927123069763
TCGA-E9-A1R6-01	0	lumB_pole	rna	4	RASAL2	0.03334121033549309	-2.9235787391662598	0.2516927123069763
TCGA-E9-A1R6-01	0	lumB_pole	rna	5	MRPL9	-0.03315243497490883	-1.767916202545166	0.2516927123069763
TCGA-E9-A1R6-01	0	lumB_pole	rna	6	CKS1B	-0.031470220535993576	-1.2787375450134277	0.2516927123069763
TCGA-E9-A1R6-01	0	lumB_pole	rna	7	LBR	-0.02958759106695652	-2.1238934993743896	0.2516927123069763
TCGA-E9-A1R6-01	0	lumB_pole	rna	8	SNRPB2	-0.029584096744656563	-3.4889097213745117	0.2516927123069763
TCGA-E9-A1R6-01	0	lumB_pole	rna	9	DCTPP1	0.028969325125217438	2.186042308807373	0.2516927123069763
TCGA-E9-A1R6-01	0	lumB_pole	rna	10	CDC7	-0.027499035000801086	-1.144829273223877	0.2516927123069763
TCGA-E9-A1R6-01	0	lumB_pole	meth	1	cg14982203	0.06584779173135757	1.9360648393630981	0.2516927123069763
TCGA-E9-A1R6-01	0	lumB_pole	meth	2	cg01252526	-0.05644265562295914	1.4564214944839478	0.2516927123069763
TCGA-E9-A1R6-01	0	lumB_pole	meth	3	cg03287339	-0.027878863736987114	1.396733045578003	0.2516927123069763
TCGA-E9-A1R6-01	0	lumB_pole	meth	4	cg05923595	0.025528980419039726	1.1278101205825806	0.2516927123069763
TCGA-E9-A1R6-01	0	lumB_pole	meth	5	cg05703053	0.0239047110080719	1.8536202907562256	0.2516927123069763
TCGA-E9-A1R6-01	0	lumB_pole	meth	6	cg16236270	0.023386193439364433	1.1009403467178345	0.2516927123069763
TCGA-E9-A1R6-01	0	lumB_pole	meth	7	cg25134328	0.02051488123834133	-1.212822437286377	0.2516927123069763
TCGA-E9-A1R6-01	0	lumB_pole	meth	8	cg26203572	-0.020139172673225403	-1.036142110824585	0.2516927123069763
TCGA-E9-A1R6-01	0	lumB_pole	meth	9	cg00544436	-0.0173796433955431	1.8009755611419678	0.2516927123069763
TCGA-E9-A1R6-01	0	lumB_pole	meth	10	cg12961607	-0.017209671437740326	1.042207956314087	0.2516927123069763
TCGA-E9-A1RE-01	1	lumB_pole	rna	1	NBN	0.025129232555627823	3.974682092666626	0.6499274373054504
TCGA-E9-A1RE-01	1	lumB_pole	rna	2	COPS5	0.02160949446260929	3.8351259231567383	0.6499274373054504
TCGA-E9-A1RE-01	1	lumB_pole	rna	3	DSCC1	0.018065810203552246	1.881942868232727	0.6499274373054504
TCGA-E9-A1RE-01	1	lumB_pole	rna	4	HDGF	-0.015729401260614395	-1.9416663646697998	0.6499274373054504
TCGA-E9-A1RE-01	1	lumB_pole	rna	5	ATAD2	0.013440372422337532	1.433773159980774	0.6499274373054504
TCGA-E9-A1RE-01	1	lumB_pole	rna	6	POLA2	0.012206674553453922	1.4649831056594849	0.6499274373054504
TCGA-E9-A1RE-01	1	lumB_pole	rna	7	HMGB2	0.011488324031233788	2.2867965698242188	0.6499274373054504
TCGA-E9-A1RE-01	1	lumB_pole	rna	8	EGF	-0.011433705687522888	-2.156100273132324	0.6499274373054504
TCGA-E9-A1RE-01	1	lumB_pole	rna	9	APEX1	-0.011106042191386223	-3.1899755001068115	0.6499274373054504
TCGA-E9-A1RE-01	1	lumB_pole	rna	10	HNRNPC	-0.011100496165454388	-2.197842597961426	0.6499274373054504
TCGA-E9-A1RE-01	1	lumB_pole	meth	1	cg01252526	0.02733219414949417	-1.181231141090393	0.6499274373054504
TCGA-E9-A1RE-01	1	lumB_pole	meth	2	cg14660676	-0.023291904479265213	1.6229602098464966	0.6499274373054504
TCGA-E9-A1RE-01	1	lumB_pole	meth	3	cg00544436	-0.01932191289961338	2.000803232192993	0.6499274373054504
TCGA-E9-A1RE-01	1	lumB_pole	meth	4	cg20687242	0.017557580024003983	1.7899430990219116	0.6499274373054504
TCGA-E9-A1RE-01	1	lumB_pole	meth	5	cg02852791	0.016194874420762062	-1.997072696685791	0.6499274373054504
TCGA-E9-A1RE-01	1	lumB_pole	meth	6	cg17642369	0.01596749946475029	-2.1029820442199707	0.6499274373054504
TCGA-E9-A1RE-01	1	lumB_pole	meth	7	cg19757631	-0.01546909473836422	1.891530990600586	0.6499274373054504
TCGA-E9-A1RE-01	1	lumB_pole	meth	8	cg16898193	0.01240587793290615	-1.2242828607559204	0.6499274373054504
TCGA-E9-A1RE-01	1	lumB_pole	meth	9	cg25134328	0.012316235341131687	-1.343657374382019	0.6499274373054504
TCGA-E9-A1RE-01	1	lumB_pole	meth	10	cg03287339	0.011770852841436863	-1.3119370937347412	0.6499274373054504
TCGA-E9-A1RI-01	0	lumB_pole	rna	1	DCTPP1	-0.0023592410143464804	-1.1806403398513794	0.14542850852012634
TCGA-E9-A1RI-01	0	lumB_pole	rna	2	FOXM1	-0.0022316703107208014	-1.1960657835006714	0.14542850852012634
TCGA-E9-A1RI-01	0	lumB_pole	rna	3	CDC27	0.0021806848235428333	1.6453309059143066	0.14542850852012634
TCGA-E9-A1RI-01	0	lumB_pole	rna	4	TACC3	-0.0019586619455367327	-1.5325937271118164	0.14542850852012634
TCGA-E9-A1RI-01	0	lumB_pole	rna	5	DNMT1	-0.0019158829236403108	-1.4931076765060425	0.14542850852012634
TCGA-E9-A1RI-01	0	lumB_pole	rna	6	CCT3	-0.0019073792500421405	-1.012569785118103	0.14542850852012634
TCGA-E9-A1RI-01	0	lumB_pole	rna	7	PLK1	-0.0017882175743579865	-1.5501232147216797	0.14542850852012634
TCGA-E9-A1RI-01	0	lumB_pole	rna	8	CCNB2	-0.0017815380124375224	-0.992296040058136	0.14542850852012634
TCGA-E9-A1RI-01	0	lumB_pole	rna	9	MYBL2	-0.00170296395663172	-1.0909491777420044	0.14542850852012634
TCGA-E9-A1RI-01	0	lumB_pole	rna	10	CKS1B	-0.0016905403463169932	-1.342785358428955	0.14542850852012634
TCGA-E9-A1RI-01	0	lumB_pole	meth	1	cg06741896	0.005983530543744564	0.9420910477638245	0.14542850852012634
TCGA-E9-A1RI-01	0	lumB_pole	meth	2	cg09840968	-0.0036950286012142897	-1.078446865081787	0.14542850852012634
TCGA-E9-A1RI-01	0	lumB_pole	meth	3	cg03287339	-0.00324003747664392	0.5628817677497864	0.14542850852012634
TCGA-E9-A1RI-01	0	lumB_pole	meth	4	cg24504442	-0.003229726804420352	-0.8438264727592468	0.14542850852012634
TCGA-E9-A1RI-01	0	lumB_pole	meth	5	cg15742848	-0.003119062166661024	-0.868499219417572	0.14542850852012634
TCGA-E9-A1RI-01	0	lumB_pole	meth	6	cg20402783	0.002973403548821807	0.8315677642822266	0.14542850852012634
TCGA-E9-A1RI-01	0	lumB_pole	meth	7	cg20687242	-0.0027324871625751257	-1.0895144939422607	0.14542850852012634
TCGA-E9-A1RI-01	0	lumB_pole	meth	8	cg25134328	-0.0027145075146108866	0.658228874206543	0.14542850852012634
TCGA-E9-A1RI-01	0	lumB_pole	meth	9	cg22730327	0.0025760557036846876	0.732762336730957	0.14542850852012634
TCGA-E9-A1RI-01	0	lumB_pole	meth	10	cg23279522	0.002461285563185811	-1.137558102607727	0.14542850852012634
TCGA-E9-A1RI-11	0	lumB_pole	rna	1	CCNB2	-0.0025625412818044424	-4.641563892364502	0.13882771134376526
TCGA-E9-A1RI-11	0	lumB_pole	rna	2	DLGAP5	-0.001973910490050912	-4.657236099243164	0.13882771134376526
TCGA-E9-A1RI-11	0	lumB_pole	rna	3	PAICS	-0.0018665938405320048	-3.0577685832977295	0.13882771134376526
TCGA-E9-A1RI-11	0	lumB_pole	rna	4	KIF4A	-0.0017573850927874446	-4.302776336669922	0.13882771134376526
TCGA-E9-A1RI-11	0	lumB_pole	rna	5	CCT3	-0.00173198024276644	-3.094621419906616	0.13882771134376526
TCGA-E9-A1RI-11	0	lumB_pole	rna	6	FOXM1	-0.0016614182386547327	-4.227141857147217	0.13882771134376526
TCGA-E9-A1RI-11	0	lumB_pole	rna	7	KIFC1	-0.001638531219214201	-5.613391399383545	0.13882771134376526
TCGA-E9-A1RI-11	0	lumB_pole	rna	8	RRM2	-0.0015470359940081835	-4.681669235229492	0.13882771134376526
TCGA-E9-A1RI-11	0	lumB_pole	rna	9	CENPF	-0.0015303046675398946	-4.4772162437438965	0.13882771134376526
TCGA-E9-A1RI-11	0	lumB_pole	rna	10	CDC45	-0.0013993910979479551	-4.49471378326416	0.13882771134376526
TCGA-E9-A1RI-11	0	lumB_pole	meth	1	cg02852791	0.0051856995560228825	-0.7659957408905029	0.13882771134376526
TCGA-E9-A1RI-11	0	lumB_pole	meth	2	cg05923595	-0.005037722177803516	-1.5382678508758545	0.13882771134376526
TCGA-E9-A1RI-11	0	lumB_pole	meth	3	cg07809589	0.004990173038095236	-1.5179885625839233	0.13882771134376526
TCGA-E9-A1RI-11	0	lumB_pole	meth	4	cg25134328	0.004651923663914204	-1.1078546047210693	0.13882771134376526
TCGA-E9-A1RI-11	0	lumB_pole	meth	5	cg10304922	0.004621841479092836	-1.2670209407806396	0.13882771134376526
TCGA-E9-A1RI-11	0	lumB_pole	meth	6	cg06741896	0.0045970589853823185	1.440346121788025	0.13882771134376526
TCGA-E9-A1RI-11	0	lumB_pole	meth	7	cg27408285	-0.004355554468929768	-1.166151523590088	0.13882771134376526
TCGA-E9-A1RI-11	0	lumB_pole	meth	8	cg20687242	-0.0038992043118923903	-1.0389841794967651	0.13882771134376526
TCGA-E9-A1RI-11	0	lumB_pole	meth	9	cg16927242	0.0038242386654019356	-1.506482481956482	0.13882771134376526
TCGA-E9-A1RI-11	0	lumB_pole	meth	10	cg24504442	-0.003633302403613925	-1.0496505498886108	0.13882771134376526
TCGA-E9-A245-01	0	lumB_pole	rna	1	SLC38A1	0.010246144607663155	-4.595966815948486	0.1644127368927002
TCGA-E9-A245-01	0	lumB_pole	rna	2	NBN	-0.005498644430190325	-2.070690393447876	0.1644127368927002
TCGA-E9-A245-01	0	lumB_pole	rna	3	GOT2	0.004031669814139605	1.269723653793335	0.1644127368927002
TCGA-E9-A245-01	0	lumB_pole	rna	4	TXNL4A	0.003713240846991539	1.2669787406921387	0.1644127368927002
TCGA-E9-A245-01	0	lumB_pole	rna	5	COX5A	0.003367634490132332	0.8800496459007263	0.1644127368927002
TCGA-E9-A245-01	0	lumB_pole	rna	6	SF3A1	-0.003363377880305052	1.323562741279602	0.1644127368927002
TCGA-E9-A245-01	0	lumB_pole	rna	7	KIF20B	-0.0033252036664634943	-1.0093015432357788	0.1644127368927002
TCGA-E9-A245-01	0	lumB_pole	rna	8	G3BP1	0.003322221804410219	-1.9660369157791138	0.1644127368927002
TCGA-E9-A245-01	0	lumB_pole	rna	9	DLGAP5	-0.0032428023405373096	-0.774599015712738	0.1644127368927002
TCGA-E9-A245-01	0	lumB_pole	rna	10	EIF3D	-0.0030624973587691784	1.2647550106048584	0.1644127368927002
TCGA-E9-A245-01	0	lumB_pole	meth	1	cg16236270	-0.01176088210195303	-1.917600393295288	0.1644127368927002
TCGA-E9-A245-01	0	lumB_pole	meth	2	cg02852791	0.009761646389961243	-1.3232595920562744	0.1644127368927002
TCGA-E9-A245-01	0	lumB_pole	meth	3	cg05703053	-0.00794227048754692	-1.1962039470672607	0.1644127368927002
TCGA-E9-A245-01	0	lumB_pole	meth	4	cg14515791	0.007535167504101992	1.1808826923370361	0.1644127368927002
TCGA-E9-A245-01	0	lumB_pole	meth	5	cg26708220	0.00664074532687664	-2.095109701156616	0.1644127368927002
TCGA-E9-A245-01	0	lumB_pole	meth	6	cg19757631	0.006067548878490925	-1.258061170578003	0.1644127368927002
TCGA-E9-A245-01	0	lumB_pole	meth	7	cg03287339	0.005965803749859333	-1.1193188428878784	0.1644127368927002
TCGA-E9-A245-01	0	lumB_pole	meth	8	cg23824801	-0.005440844222903252	-1.3587851524353027	0.1644127368927002
TCGA-E9-A245-01	0	lumB_pole	meth	9	cg15902390	0.0052857911214232445	-1.3159323930740356	0.1644127368927002
TCGA-E9-A245-01	0	lumB_pole	meth	10	cg10304922	0.005140085704624653	-1.170530080795288	0.1644127368927002
TCGA-EW-A1IW-01	0	lumB_pole	rna	1	POLA2	0.027048220857977867	3.6192739009857178	0.5378104448318481
TCGA-EW-A1IW-01	0	lumB_pole	rna	2	RANBP1	0.01759418472647667	1.3661748170852661	0.5378104448318481
TCGA-EW-A1IW-01	0	lumB_pole	rna	3	RBBP7	-0.017225366085767746	2.288151502609253	0.5378104448318481
TCGA-EW-A1IW-01	0	lumB_pole	rna	4	TCF19	0.014977492392063141	1.2727088928222656	0.5378104448318481
TCGA-EW-A1IW-01	0	lumB_pole	rna	5	SSRP1	-0.013831316493451595	-0.8843659162521362	0.5378104448318481
TCGA-EW-A1IW-01	0	lumB_pole	rna	6	PSMB3	0.013396836817264557	4.594443321228027	0.5378104448318481
TCGA-EW-A1IW-01	0	lumB_pole	rna	7	SHMT1	0.012526541948318481	1.8938817977905273	0.5378104448318481
TCGA-EW-A1IW-01	0	lumB_pole	rna	8	ACP1	0.012209821492433548	1.310536503791809	0.5378104448318481
TCGA-EW-A1IW-01	0	lumB_pole	rna	9	BUB1B	0.011770874261856079	1.0397589206695557	0.5378104448318481
TCGA-EW-A1IW-01	0	lumB_pole	rna	10	HELLS	0.011400253511965275	2.2488105297088623	0.5378104448318481
TCGA-EW-A1IW-01	0	lumB_pole	meth	1	cg14982203	0.0449761338531971	1.122287631034851	0.5378104448318481
TCGA-EW-A1IW-01	0	lumB_pole	meth	2	cg14660676	-0.04205857962369919	0.9928199052810669	0.5378104448318481
TCGA-EW-A1IW-01	0	lumB_pole	meth	3	cg15742848	0.03955457732081413	1.2742646932601929	0.5378104448318481
TCGA-EW-A1IW-01	0	lumB_pole	meth	4	cg16236270	0.03388974815607071	0.8185060620307922	0.5378104448318481
TCGA-EW-A1IW-01	0	lumB_pole	meth	5	cg01252526	-0.03268256410956383	0.8702764511108398	0.5378104448318481
TCGA-EW-A1IW-01	0	lumB_pole	meth	6	cg09970590	-0.032181937247514725	1.051316261291504	0.5378104448318481
TCGA-EW-A1IW-01	0	lumB_pole	meth	7	cg12961607	-0.02758803404867649	0.8945385813713074	0.5378104448318481
TCGA-EW-A1IW-01	0	lumB_pole	meth	8	cg16898193	-0.025743521749973297	1.2985336780548096	0.5378104448318481
TCGA-EW-A1IW-01	0	lumB_pole	meth	9	cg03287339	-0.02498807944357395	0.9104234576225281	0.5378104448318481
TCGA-EW-A1IW-01	0	lumB_pole	meth	10	cg18696576	0.02470652386546135	1.4395278692245483	0.5378104448318481
TCGA-EW-A1OX-01	1	lumB_pole	rna	1	CDKN1B	0.01111587230116129	-5.3732590675354	0.17881225049495697
TCGA-EW-A1OX-01	1	lumB_pole	rna	2	FBL	0.009520592167973518	-2.14559268951416	0.17881225049495697
TCGA-EW-A1OX-01	1	lumB_pole	rna	3	NME1	0.00859651155769825	2.355215311050415	0.17881225049495697
TCGA-EW-A1OX-01	1	lumB_pole	rna	4	RPS6KA5	0.007915469817817211	-2.1539125442504883	0.17881225049495697
TCGA-EW-A1OX-01	1	lumB_pole	rna	5	IFRD1	-0.007829667069017887	-2.3281073570251465	0.17881225049495697
TCGA-EW-A1OX-01	1	lumB_pole	rna	6	RPA2	0.007601642981171608	-3.983912467956543	0.17881225049495697
TCGA-EW-A1OX-01	1	lumB_pole	rna	7	TGFB1	0.0068352241069078445	-1.9054749011993408	0.17881225049495697
TCGA-EW-A1OX-01	1	lumB_pole	rna	8	CLNS1A	0.006475488189607859	-1.924782156944275	0.17881225049495697
TCGA-EW-A1OX-01	1	lumB_pole	rna	9	XPOT	-0.006382674444466829	-1.809497594833374	0.17881225049495697
TCGA-EW-A1OX-01	1	lumB_pole	rna	10	CKS1B	-0.00588304502889514	-1.0826523303985596	0.17881225049495697
TCGA-EW-A1OX-01	1	lumB_pole	meth	1	cg16236270	-0.024753568693995476	-2.144343614578247	0.17881225049495697
TCGA-EW-A1OX-01	1	lumB_pole	meth	2	cg02852791	0.0161647479981184	-2.5543367862701416	0.17881225049495697
TCGA-EW-A1OX-01	1	lumB_pole	meth	3	cg08169949	-0.015497350133955479	1.9973204135894775	0.17881225049495697
TCGA-EW-A1OX-01	1	lumB_pole	meth	4	cg15742848	0.013697439804673195	2.115032911300659	0.17881225049495697
TCGA-EW-A1OX-01	1	lumB_pole	meth	5	cg14982203	0.01245397049933672	1.5607225894927979	0.17881225049495697
TCGA-EW-A1OX-01	1	lumB_pole	meth	6	cg12961607	0.012391442432999611	-2.274482011795044	0.17881225049495697
TCGA-EW-A1OX-01	1	lumB_pole	meth	7	cg06741896	0.010490702465176582	1.9323025941848755	0.17881225049495697
TCGA-EW-A1OX-01	1	lumB_pole	meth	8	cg14660676	-0.010299620218575	1.1204431056976318	0.17881225049495697
TCGA-EW-A1OX-01	1	lumB_pole	meth	9	cg26203572	0.009958508424460888	2.1299753189086914	0.17881225049495697
TCGA-EW-A1OX-01	1	lumB_pole	meth	10	cg24607398	-0.009533065371215343	-1.8345810174942017	0.17881225049495697
TCGA-EW-A1P6-01	0	lumB_pole	rna	1	NUP50	-0.10172479599714279	-2.463517665863037	0.5348060727119446
TCGA-EW-A1P6-01	0	lumB_pole	rna	2	NBN	0.09701766818761826	2.08345365524292	0.5348060727119446
TCGA-EW-A1P6-01	0	lumB_pole	rna	3	RANBP1	-0.08914191275835037	-1.3014298677444458	0.5348060727119446
TCGA-EW-A1P6-01	0	lumB_pole	rna	4	COPS5	0.08394209295511246	2.557664394378662	0.5348060727119446
TCGA-EW-A1P6-01	0	lumB_pole	rna	5	SMAD3	0.07480204850435257	-2.3187921047210693	0.5348060727119446
TCGA-EW-A1P6-01	0	lumB_pole	rna	6	EFNA5	-0.07287374883890152	1.4246708154678345	0.5348060727119446
TCGA-EW-A1P6-01	0	lumB_pole	rna	7	DSCC1	0.05372649058699608	0.9899663329124451	0.5348060727119446
TCGA-EW-A1P6-01	0	lumB_pole	rna	8	PLK1	0.050023775547742844	1.0387475490570068	0.5348060727119446
TCGA-EW-A1P6-01	0	lumB_pole	rna	9	ANP32E	-0.045957066118717194	-1.4525851011276245	0.5348060727119446
TCGA-EW-A1P6-01	0	lumB_pole	rna	10	MCM4	0.04558353126049042	1.5732046365737915	0.5348060727119446
TCGA-EW-A1P6-01	0	lumB_pole	meth	1	cg21478921	0.08042904734611511	-2.275911808013916	0.5348060727119446
TCGA-EW-A1P6-01	0	lumB_pole	meth	2	cg24800655	-0.05303847789764404	-1.3903048038482666	0.5348060727119446
TCGA-EW-A1P6-01	0	lumB_pole	meth	3	cg19757631	0.04636598378419876	-1.4996819496154785	0.5348060727119446
TCGA-EW-A1P6-01	0	lumB_pole	meth	4	cg14982203	-0.0438276045024395	-1.1659332513809204	0.5348060727119446
TCGA-EW-A1P6-01	0	lumB_pole	meth	5	cg13224075	-0.04306399077177048	-1.332592248916626	0.5348060727119446
TCGA-EW-A1P6-01	0	lumB_pole	meth	6	cg13800209	-0.042390961199998856	-1.1973081827163696	0.5348060727119446
TCGA-EW-A1P6-01	0	lumB_pole	meth	7	cg09970590	0.04057667776942253	-1.1766904592514038	0.5348060727119446
TCGA-EW-A1P6-01	0	lumB_pole	meth	8	cg26708220	0.03938120976090431	-2.0036654472351074	0.5348060727119446
TCGA-EW-A1P6-01	0	lumB_pole	meth	9	cg08169949	-0.03764050453901291	1.729508876800537	0.5348060727119446
TCGA-EW-A1P6-01	0	lumB_pole	meth	10	cg23279522	0.034884318709373474	-1.8768057823181152	0.5348060727119446
TCGA-EW-A1PC-01	1	lumB_pole	rna	1	CKS1B	0.012118211947381496	2.742460012435913	0.5927254557609558
TCGA-EW-A1PC-01	1	lumB_pole	rna	2	RFC4	0.011781689710915089	4.2414231300354	0.5927254557609558
TCGA-EW-A1PC-01	1	lumB_pole	rna	3	POLE	0.010749762877821922	3.11238694190979	0.5927254557609558
TCGA-EW-A1PC-01	1	lumB_pole	rna	4	SSRP1	0.009765692986547947	2.124774932861328	0.5927254557609558
TCGA-EW-A1PC-01	1	lumB_pole	rna	5	TCF19	0.009001673199236393	2.385162353515625	0.5927254557609558
TCGA-EW-A1PC-01	1	lumB_pole	rna	6	LBR	0.008954196237027645	2.715379238128662	0.5927254557609558
TCGA-EW-A1PC-01	1	lumB_pole	rna	7	NDC80	0.008052979595959187	1.861951231956482	0.5927254557609558
TCGA-EW-A1PC-01	1	lumB_pole	rna	8	CHEK2	0.007398390676826239	1.9915375709533691	0.5927254557609558
TCGA-EW-A1PC-01	1	lumB_pole	rna	9	GINS1	0.006944524589926004	2.4399960041046143	0.5927254557609558
TCGA-EW-A1PC-01	1	lumB_pole	rna	10	RANBP1	0.006932584568858147	1.653365969657898	0.5927254557609558
TCGA-EW-A1PC-01	1	lumB_pole	meth	1	cg01252526	-0.03937873616814613	1.5444329977035522	0.5927254557609558
TCGA-EW-A1PC-01	1	lumB_pole	meth	2	cg26203572	0.02712850086390972	1.550621747970581	0.5927254557609558
TCGA-EW-A1PC-01	1	lumB_pole	meth	3	cg03287339	-0.026449572294950485	1.8486613035202026	0.5927254557609558
TCGA-EW-A1PC-01	1	lumB_pole	meth	4	cg19757631	-0.02543531358242035	2.1599984169006348	0.5927254557609558
TCGA-EW-A1PC-01	1	lumB_pole	meth	5	cg16236270	0.02416575327515602	1.203282117843628	0.5927254557609558
TCGA-EW-A1PC-01	1	lumB_pole	meth	6	cg05923595	0.02352822571992874	1.6158121824264526	0.5927254557609558
TCGA-EW-A1PC-01	1	lumB_pole	meth	7	cg13800209	0.022282451391220093	1.2872556447982788	0.5927254557609558
TCGA-EW-A1PC-01	1	lumB_pole	meth	8	cg14660676	-0.02183717116713524	0.946220338344574	0.5927254557609558
TCGA-EW-A1PC-01	1	lumB_pole	meth	9	cg22109530	0.021425606682896614	1.5183634757995605	0.5927254557609558
TCGA-EW-A1PC-01	1	lumB_pole	meth	10	cg00544436	-0.020311933010816574	2.281005859375	0.5927254557609558
TCGA-EW-A1PE-01	0	lumB_pole	rna	1	RPL6	0.00441964715719223	-2.6053617000579834	0.15051168203353882
TCGA-EW-A1PE-01	0	lumB_pole	rna	2	UCK2	-0.00407111132517457	-1.9102826118469238	0.15051168203353882
TCGA-EW-A1PE-01	0	lumB_pole	rna	3	PAICS	-0.004025896079838276	-1.8336999416351318	0.15051168203353882
TCGA-EW-A1PE-01	0	lumB_pole	rna	4	NDUFAB1	-0.003915348555892706	-1.646655559539795	0.15051168203353882
TCGA-EW-A1PE-01	0	lumB_pole	rna	5	CCT4	0.003575959475710988	-2.224386215209961	0.15051168203353882
TCGA-EW-A1PE-01	0	lumB_pole	rna	6	CCT3	-0.00302808522246778	-1.8420188426971436	0.15051168203353882
TCGA-EW-A1PE-01	0	lumB_pole	rna	7	RPL34	0.002833353588357568	-1.5033568143844604	0.15051168203353882
TCGA-EW-A1PE-01	0	lumB_pole	rna	8	EIF3B	0.0027605195064097643	-2.523566484451294	0.15051168203353882
TCGA-EW-A1PE-01	0	lumB_pole	rna	9	RAD1	-0.002645632717758417	-1.2091903686523438	0.15051168203353882
TCGA-EW-A1PE-01	0	lumB_pole	rna	10	EEF1B2	0.002514887135475874	-1.9881583452224731	0.15051168203353882
TCGA-EW-A1PE-01	0	lumB_pole	meth	1	cg06539449	0.007784499786794186	-1.7035952806472778	0.15051168203353882
TCGA-EW-A1PE-01	0	lumB_pole	meth	2	cg09970590	0.0068193357437849045	-1.6355105638504028	0.15051168203353882
TCGA-EW-A1PE-01	0	lumB_pole	meth	3	cg12961607	0.005042974837124348	-1.638088583946228	0.15051168203353882
TCGA-EW-A1PE-01	0	lumB_pole	meth	4	cg21116267	-0.004775199573487043	-0.929808497428894	0.15051168203353882
TCGA-EW-A1PE-01	0	lumB_pole	meth	5	cg27408285	-0.003793145529925823	-0.9915831685066223	0.15051168203353882
TCGA-EW-A1PE-01	0	lumB_pole	meth	6	cg14982203	-0.0037617424968630075	-1.1570922136306763	0.15051168203353882
TCGA-EW-A1PE-01	0	lumB_pole	meth	7	cg09840968	0.0037143072113394737	0.9482682943344116	0.15051168203353882
TCGA-EW-A1PE-01	0	lumB_pole	meth	8	cg22730327	-0.0036258625332266092	-0.8696405291557312	0.15051168203353882
TCGA-EW-A1PE-01	0	lumB_pole	meth	9	cg18668813	-0.003591277403756976	-1.0939581394195557	0.15051168203353882
TCGA-EW-A1PE-01	0	lumB_pole	meth	10	cg08479476	0.0032486619893461466	-1.1029664278030396	0.15051168203353882
TCGA-GM-A2D9-01	0	lumB_pole	rna	1	SMC1A	-0.002561848144978285	-2.508699655532837	0.17420034110546112
TCGA-GM-A2D9-01	0	lumB_pole	rna	2	CKAP5	-0.0025316020473837852	-2.168264865875244	0.17420034110546112
TCGA-GM-A2D9-01	0	lumB_pole	rna	3	KPNA2	-0.0023253271356225014	-1.989244818687439	0.17420034110546112
TCGA-GM-A2D9-01	0	lumB_pole	rna	4	NUP205	-0.0019206998404115438	-3.6374852657318115	0.17420034110546112
TCGA-GM-A2D9-01	0	lumB_pole	rna	5	RAD21	-0.0019200872629880905	-1.472461462020874	0.17420034110546112
TCGA-GM-A2D9-01	0	lumB_pole	rna	6	ING3	0.0018629414262250066	-1.6873284578323364	0.17420034110546112
TCGA-GM-A2D9-01	0	lumB_pole	rna	7	RPL34	-0.0017807738622650504	2.003382682800293	0.17420034110546112
TCGA-GM-A2D9-01	0	lumB_pole	rna	8	HSPA8	0.0017546768067404628	-2.812628984451294	0.17420034110546112
TCGA-GM-A2D9-01	0	lumB_pole	rna	9	NBN	-0.001673851627856493	-1.739145040512085	0.17420034110546112
TCGA-GM-A2D9-01	0	lumB_pole	rna	10	RFC1	-0.0016282101860269904	-2.619647264480591	0.17420034110546112
TCGA-GM-A2D9-01	0	lumB_pole	meth	1	cg14982203	0.012124142609536648	1.9517375230789185	0.17420034110546112
TCGA-GM-A2D9-01	0	lumB_pole	meth	2	cg13224075	0.009726923890411854	1.3880870342254639	0.17420034110546112
TCGA-GM-A2D9-01	0	lumB_pole	meth	3	cg05670953	-0.009322942234575748	2.1020331382751465	0.17420034110546112
TCGA-GM-A2D9-01	0	lumB_pole	meth	4	cg09840968	0.009000764228403568	1.5928035974502563	0.17420034110546112
TCGA-GM-A2D9-01	0	lumB_pole	meth	5	cg04726821	0.008180325850844383	1.8414809703826904	0.17420034110546112
TCGA-GM-A2D9-01	0	lumB_pole	meth	6	cg26203572	0.007742329500615597	1.4861187934875488	0.17420034110546112
TCGA-GM-A2D9-01	0	lumB_pole	meth	7	cg05923595	0.007122602313756943	1.0758265256881714	0.17420034110546112
TCGA-GM-A2D9-01	0	lumB_pole	meth	8	cg08169949	-0.006785845384001732	1.6505229473114014	0.17420034110546112
TCGA-GM-A2D9-01	0	lumB_pole	meth	9	cg19084479	-0.006734421476721764	1.412901520729065	0.17420034110546112
TCGA-GM-A2D9-01	0	lumB_pole	meth	10	cg16236270	0.006691829767078161	0.8937254548072815	0.17420034110546112
TCGA-GM-A2DI-01	0	lumB_pole	rna	1	PAICS	-0.002842801623046398	-2.019932270050049	0.14070239663124084
TCGA-GM-A2DI-01	0	lumB_pole	rna	2	MNAT1	-0.002509040990844369	-1.7993179559707642	0.14070239663124084
TCGA-GM-A2DI-01	0	lumB_pole	rna	3	TXNL4A	-0.0016614836640655994	-1.3013335466384888	0.14070239663124084
TCGA-GM-A2DI-01	0	lumB_pole	rna	4	PHB2	-0.0016346608754247427	1.8055446147918701	0.14070239663124084
TCGA-GM-A2DI-01	0	lumB_pole	rna	5	GOT2	-0.0014934198698028922	-1.7104127407073975	0.14070239663124084
TCGA-GM-A2DI-01	0	lumB_pole	rna	6	ACP1	-0.0014597129775211215	-1.1828856468200684	0.14070239663124084
TCGA-GM-A2DI-01	0	lumB_pole	rna	7	FOXM1	-0.0014307438395917416	-1.2902735471725464	0.14070239663124084
TCGA-GM-A2DI-01	0	lumB_pole	rna	8	COX5A	-0.0014028140576556325	-0.9742222428321838	0.14070239663124084
TCGA-GM-A2DI-01	0	lumB_pole	rna	9	RFC2	-0.0013600577367469668	-2.05828595161438	0.14070239663124084
TCGA-GM-A2DI-01	0	lumB_pole	rna	10	EIF4E	0.0012784136924892664	-1.3789072036743164	0.14070239663124084
TCGA-GM-A2DI-01	0	lumB_pole	meth	1	cg14982203	-0.005585961509495974	-1.0224673748016357	0.14070239663124084
TCGA-GM-A2DI-01	0	lumB_pole	meth	2	cg25134328	0.005291271489113569	-1.2042001485824585	0.14070239663124084
TCGA-GM-A2DI-01	0	lumB_pole	meth	3	cg15902390	0.004717741161584854	-1.9478816986083984	0.14070239663124084
TCGA-GM-A2DI-01	0	lumB_pole	meth	4	cg10304922	0.004581413697451353	-1.2594932317733765	0.14070239663124084
TCGA-GM-A2DI-01	0	lumB_pole	meth	5	cg24800655	-0.0038495727349072695	-1.381030797958374	0.14070239663124084
TCGA-GM-A2DI-01	0	lumB_pole	meth	6	cg16236270	0.003811734030023217	0.6351586580276489	0.14070239663124084
TCGA-GM-A2DI-01	0	lumB_pole	meth	7	cg25288140	0.003802600549533963	-0.959359884262085	0.14070239663124084
TCGA-GM-A2DI-01	0	lumB_pole	meth	8	cg06741896	0.003203782718628645	1.657151699066162	0.14070239663124084
TCGA-GM-A2DI-01	0	lumB_pole	meth	9	cg19595750	-0.0031938592437654734	-1.2389297485351562	0.14070239663124084
TCGA-GM-A2DI-01	0	lumB_pole	meth	10	cg06472166	0.002946096006780863	-1.293260097503662	0.14070239663124084
TCGA-GM-A2DN-01	0	lumB_pole	rna	1	EFNA5	-0.09308798611164093	1.6742256879806519	0.380651593208313
TCGA-GM-A2DN-01	0	lumB_pole	rna	2	PAFAH1B1	-0.055286210030317307	-1.6131513118743896	0.380651593208313
TCGA-GM-A2DN-01	0	lumB_pole	rna	3	XPOT	-0.05407138168811798	-1.1493446826934814	0.380651593208313
TCGA-GM-A2DN-01	0	lumB_pole	rna	4	CDC7	0.051158495247364044	1.2360981702804565	0.380651593208313
TCGA-GM-A2DN-01	0	lumB_pole	rna	5	HELLS	0.04343801364302635	1.1248258352279663	0.380651593208313
TCGA-GM-A2DN-01	0	lumB_pole	rna	6	SLC12A2	-0.04241834208369255	1.9137916564941406	0.380651593208313
TCGA-GM-A2DN-01	0	lumB_pole	rna	7	TLE3	0.03958974406123161	-1.4431995153427124	0.380651593208313
TCGA-GM-A2DN-01	0	lumB_pole	rna	8	NDC80	0.038786087185144424	0.6374064087867737	0.380651593208313
TCGA-GM-A2DN-01	0	lumB_pole	rna	9	DEK	0.03809715807437897	1.3292591571807861	0.380651593208313
TCGA-GM-A2DN-01	0	lumB_pole	rna	10	NBN	-0.03624771162867546	-0.8367586135864258	0.380651593208313
TCGA-GM-A2DN-01	0	lumB_pole	meth	1	cg03287339	-0.044238194823265076	0.8851552605628967	0.380651593208313
TCGA-GM-A2DN-01	0	lumB_pole	meth	2	cg07809589	0.04216105490922928	-1.4663692712783813	0.380651593208313
TCGA-GM-A2DN-01	0	lumB_pole	meth	3	cg14660676	0.04034000635147095	-0.7527654767036438	0.380651593208313
TCGA-GM-A2DN-01	0	lumB_pole	meth	4	cg13800209	-0.039120469242334366	-1.5259640216827393	0.380651593208313
TCGA-GM-A2DN-01	0	lumB_pole	meth	5	cg01252526	-0.037839218974113464	1.0666558742523193	0.380651593208313
TCGA-GM-A2DN-01	0	lumB_pole	meth	6	cg12961607	0.03603937849402428	-1.6271649599075317	0.380651593208313
TCGA-GM-A2DN-01	0	lumB_pole	meth	7	cg13224075	0.03496871888637543	1.3877030611038208	0.380651593208313
TCGA-GM-A2DN-01	0	lumB_pole	meth	8	cg16236270	0.03252166509628296	0.5678949952125549	0.380651593208313
TCGA-GM-A2DN-01	0	lumB_pole	meth	9	cg04726821	0.02076716348528862	0.5639917254447937	0.380651593208313
TCGA-GM-A2DN-01	0	lumB_pole	meth	10	cg25134328	0.01983473263680935	-0.5950118899345398	0.380651593208313
TCGA-GM-A3NY-01	0	lumB_pole	rna	1	CCT4	0.012060638517141342	-3.4623003005981445	0.15849855542182922
TCGA-GM-A3NY-01	0	lumB_pole	rna	2	HNRNPA2B1	0.010932701639831066	2.301009178161621	0.15849855542182922
TCGA-GM-A3NY-01	0	lumB_pole	rna	3	PWP1	0.008905872702598572	-4.307435989379883	0.15849855542182922
TCGA-GM-A3NY-01	0	lumB_pole	rna	4	RPL14	-0.008034998551011086	2.9438743591308594	0.15849855542182922
TCGA-GM-A3NY-01	0	lumB_pole	rna	5	SF3A1	0.006859833840280771	-4.38192081451416	0.15849855542182922
TCGA-GM-A3NY-01	0	lumB_pole	rna	6	PSMD1	-0.005581113044172525	-3.132760524749756	0.15849855542182922
TCGA-GM-A3NY-01	0	lumB_pole	rna	7	SMC3	0.00527017330750823	-3.390808582305908	0.15849855542182922
TCGA-GM-A3NY-01	0	lumB_pole	rna	8	MCM6	-0.005155432969331741	-1.4995758533477783	0.15849855542182922
TCGA-GM-A3NY-01	0	lumB_pole	rna	9	RPS6KA5	0.005091543775051832	-1.8247560262680054	0.15849855542182922
TCGA-GM-A3NY-01	0	lumB_pole	rna	10	MXD3	0.0050128912553191185	2.773775339126587	0.15849855542182922
TCGA-GM-A3NY-01	0	lumB_pole	meth	1	cg14660676	-0.011168211698532104	1.4273267984390259	0.15849855542182922
TCGA-GM-A3NY-01	0	lumB_pole	meth	2	cg18696576	0.008460883051156998	1.90394127368927	0.15849855542182922
TCGA-GM-A3NY-01	0	lumB_pole	meth	3	cg01252526	0.008286413736641407	-1.1450088024139404	0.15849855542182922
TCGA-GM-A3NY-01	0	lumB_pole	meth	4	cg16236270	0.007575817406177521	0.8087418675422668	0.15849855542182922
TCGA-GM-A3NY-01	0	lumB_pole	meth	5	cg02852791	0.007160545326769352	-0.7480329871177673	0.15849855542182922
TCGA-GM-A3NY-01	0	lumB_pole	meth	6	cg05703053	-0.0066029904410243034	-1.2496761083602905	0.15849855542182922
TCGA-GM-A3NY-01	0	lumB_pole	meth	7	cg12961607	-0.005897467024624348	1.0535359382629395	0.15849855542182922
TCGA-GM-A3NY-01	0	lumB_pole	meth	8	cg10328877	0.005666737910360098	1.2284027338027954	0.15849855542182922
TCGA-GM-A3NY-01	0	lumB_pole	meth	9	cg13181974	0.005298157222568989	1.3273214101791382	0.15849855542182922
TCGA-GM-A3NY-01	0	lumB_pole	meth	10	cg22730327	0.005222084932029247	0.6049222350120544	0.15849855542182922
